Id,Headline,Political,Sensationalism,Framing,Stereotyping
1,"स्थानीय तहको विवरण: नयाँ निर्णयसँगै, महिला टोलीले ऐतिहासिक सफलता हात पार्‍यो",0,0,0,0
2,"पछिल्लो घटनाक्रम: आज सार्वजनिक जानकारीअनुसार, युवा खेलाडीलाई राष्ट्रिय टोलीमा अवसर",0,0,0,0
3,सरकारी कर्मचारी कामचोर भएको आम गुनासो,0,0,0,0
4,अनुगमनको क्रममा कलाकारको नयाँ सिर्जनाले कला क्षेत्रमा ठूलो हलचल ,0,0,0,0
5,"यसैबीच, आज सार्वजनिक जानकारीअनुसार, प्रहरीमाथि अधिकार दुरुपयोग गरेको आरोप",0,0,1,0
6,"छलफलपछि, शहरको मुख्य चोकमा ट्राफिक जामले यात्रु हैरान",0,0,0,0
7,अनुगमनको क्रममा नयाँ सार्वजनिक शौचालय सञ्चालनमा आएपछि यात्रुलाई राहत ,0,0,0,0
8,महिला उद्यमीले नयाँ बजारमा उत्पादन पुर्‍याइन्,0,0,0,0
9,"घटनाक्रममा बैठकपछि, सांसदको टिप्पणीपछि संसद् बाहिरसमेत राजनीतिक विवाद चर्कियो",0,1,0,0
10,यात्रामा महिलाले असुरक्षित महसुस गर्ने गरेको सर्वेक्षण,0,0,0,1
11,पछिल्लो घटनाक्रम: सरकारले महिला व्यवसायीका लागि सहुलियत कर्जा विस्तार गर्‍यो ,0,0,0,0
12,"नयाँ तथ्य सार्वजनिक: घटनापछि, पर्यटन क्षेत्रलाई सरकारको नयाँ कर नीतिले असर गर्ने व्यवसायीको दाबी",0,0,0,0
13,सिँचाइ आयोजना सम्पन्न गर्न स्थानीयले दबाब दिए; प्रति सरोकारवालाले मिश्रित प्रतिक्रिया दिएका छन्,0,0,0,0
14,पछिल्लो घटनाक्रम: शिक्षक संघले शिक्षा नीतिलाई व्यवहारिक नभएको आरोप लगायो,0,0,0,0
15,"पछिल्लो घटनाक्रम: पछिल्लो विवरणअनुसार, डढेलो फैलिएपछि जंगलमा भयावह अवस्था",0,0,0,0
16,"घटनापछि, विपक्षी दलले यातायात नीति असफल भएको दाबी लगायो",1,0,1,0
17,"छलफलपछि, उद्योगीले कर नीतिले व्यवसाय धरापमा परेको जनाए",0,0,0,0
18,"घटनापछि, पर्यटन क्षेत्रमा विदेशी पाहुनामाथि निर्भरता बढेको चिन्ता",0,0,0,0
19,"पछिल्लो घटनाक्रम: नयाँ निर्णयसँगै, बाढीले खानेपानीको मुख्य पाइप बगाएपछि सेवा अवरुद्ध",0,0,0,0
20,"यसैबीच, बैठकपछि, संगीत कार्यक्रमको टिकट महँगो भएपछि दर्शक असन्तुष्ट",0,0,0,0
21,ताजा रिपोर्टअनुसार शिक्षा नीति भन्दै पक्षको दाबी,0,0,1,0
22,समर्थकहरूले सार्वजनिक यातायात सुधार लाई दीर्घकालीन उपलब्धिका रूपमा व्याख्या गरे,0,0,0,0
23,"पछिल्लो घटनाक्रम: आज सार्वजनिक जानकारीअनुसार, विद्यार्थीहरू पढाइमा गम्भीर नहुने भन्दै आलोचना",0,0,1,0
24,"घटनाक्रममा नयाँ निर्णयसँगै, शहरको मुख्य चोकमा पानी जम्दा आवागमन असर परेको",0,0,0,0
25,निर्णयपछि युवा कलाकारलाई अवसर नदिएको भन्दै आयोजकमाथि सवाल ,0,0,1,0
26,प्रदूषण बढ्दा सहरवासीको स्वास्थ्य जोखिममा,0,0,0,0
27,"अनुगमनपछि, फोहोर फाल्ने बानीले शहरलाई संकटतर्फ धकेलेको चेतावनी",0,0,0,0
28,कृषि सम्बन्धी सामाजिक सञ्जालमा फैलिएको दाबी विवादमा,0,0,0,0
29,"कृषि बजारमा बिचौलियाको प्रभावबारे किसानको गुनासो, प्रभावबारे विज्ञले अध्ययन आवश्यक बताएका छन् भनिएको छ",0,0,0,0
30,नयाँ तथ्य सार्वजनिक: लगातार हारपछि प्रशिक्षकमाथि दबाब ,0,0,0,0
31,सरकारले नयाँ कृषि नीति कार्यान्वयन गर्ने तयारी; भोलिदेखि लागू गर्ने तयारी,0,0,0,0
32,महिलाले नेतृत्व गर्न नसक्ने पुरानो धारणामाथि बहस,0,0,0,0
33,स्थानीय तहको विवरण: युवा पुस्ता मेहनत गर्नै नचाहने टिप्पणीप्रति आलोचना ,0,0,1,0
34,"स्थानीय विवरणअनुसार, किसानले उचित मूल्य नपाएको भन्दै बजारमा विरोध गरे",0,0,1,0
35,शिक्षा क्षेत्रमा सरकार असफल भएको विपक्षीको आरोप,1,0,0,0
36,आलोचनापछि ऊर्जा परियोजना भन्दै आलोचकको प्रतिक्रिया,0,0,1,0
37,स्थानीय तहको विवरण: फोहोरले नदीको अवस्था भयावह बनेको बताउँदै चेतावनी,0,1,0,0
38,"नयाँ तथ्य सार्वजनिक: सम्बन्धित निकायका अनुसार, होटलमा पाहुना नआएपछि व्यवसायी निराश",0,0,0,0
39,घटनाक्रममा सरकारले कृषि उपजको न्यूनतम समर्थन मूल्य तोक्यो ,0,0,0,0
40,"घटनाक्रममा नयाँ निर्णयसँगै, कलाकारलाई आलोचना सहन नसक्ने बताउँदै सामाजिक सञ्जालमा टिप्पणी",0,0,1,0
41,"यसैबीच, सम्बन्धित निकायका अनुसार, राहत ढिलो पुगेपछि पीडितको आक्रोश चुलियो",0,1,1,0
42,पछिल्लो घटनाक्रम: पर्यटकको भीडले प्रमुख गन्तव्यमा मच्चियो ठूलो हलचल ,0,1,0,0
43,पछिल्लो घटनाक्रम: युवा पुस्ता मेहनत गर्नै नचाहने टिप्पणीप्रति आलोचना ,0,0,1,0
44,"बैठकपछि, कारखाना बन्द हुँदा मजदुर परिवारको आम्दानी रोकियो",0,0,0,0
45,स्वास्थ्य क्षेत्रमा सुधारका लागि सरोकारवालाबीच छलफल,0,0,0,0
46,धार्मिक स्थलमा भक्तजनको ठूलो भीड ,0,0,0,0
47,संविधान संशोधनको मुद्दा फेरि एकपटक संसद्मा चर्को बहसको विषय,0,0,0,0
48,"स्थानीय तहमा सम्बन्धित निकायका अनुसार, भूकम्प जोखिम भएका भवनको प्राविधिक परीक्षण सुरु,",0,0,0,0
49,"निर्णयपछि घटनापछि, सांस्कृतिक महोत्सवले शहरमा पर्यटक आकर्षित गर्‍यो",0,0,0,0
50,"सम्बन्धित निकायका अनुसार, विपद्मा स्थानीय युवाले उद्धारमा सक्रियता देखाए",0,0,0,0
51,किसानले उचित मूल्य नपाएको बताउँदै बजारमा विरोध गरे,0,0,1,0
52,"घटनाक्रममा छलफलपछि, प्रहरीले साइबर अपराधविरुद्ध विशेष अभियान सुरु गर्‍यो",0,0,1,0
53,"पछिल्लो घटनाक्रम: स्थानीय विवरणअनुसार, सार्वजनिक यातायातको नयाँ रुटले यात्राको समय घटायो",0,0,0,0
54,"सम्बन्धित निकायका अनुसार, कामदारहरू मेहनतबाट टाढिँदै गएको दाबीप्रति ट्रेड युनियनको आपत्ति",0,0,0,0
55,अनुगमनको क्रममा सरकारले नयाँ पर्यटन वर्षका लागि प्रचार अभियान सुरु गर्‍यो ,0,0,0,0
56,"अनुगमनपछि, विपक्षी दलले यातायात नीति असफल भएको आरोप लगायो",1,0,1,0
57,"सिँचाइ आयोजना सम्पन्न गर्न स्थानीयले दबाब दिए, प्रभावबारे विज्ञले अध्ययन आवश्यक बताएका छन् जनाइएको छ",0,0,0,0
58,नयाँ तथ्य सार्वजनिक: प्रहरीको कारबाहीलाई स्थानीयले प्रभावकारी भने ,0,0,0,0
59,"पछिल्लो घटनाक्रम: स्थानीय विवरणअनुसार, कलाकारलाई आलोचना सहन नसक्ने बताउँदै सामाजिक सञ्जालमा टिप्पणी",0,0,1,0
60,पछिल्लो घटनामा विद्यालयमा विज्ञान प्रयोगशाला स्थापना भएपछि विद्यार्थी उत्साहित ,0,0,0,0
61,"स्थानीय तहमा नयाँ निर्णयसँगै, बैंकले ग्रामीण क्षेत्रमा शाखा विस्तार गर्ने घोषणा,",0,0,0,0
62,"स्थानीय तहमा धारामा पानी नआएपछि स्थानीय महिलाले विरोध बताए ,",0,0,1,0
63,अनुगमनको क्रममा सिँचाइ सुविधा पुगेपछि बाँझो जमिनमा खेती सुरु ,0,0,0,0
64,"अनुगमनको क्रममा सम्बन्धित निकायका अनुसार, सरकारले कृषि उपजको न्यूनतम समर्थन मूल्य तोक्यो",0,0,0,0
65,कर बढेपछि उद्योगीले सरकारी नीतिप्रति असन्तुष्टि बताए ,1,0,1,0
66,"देशैभरि फैलिएको डढेलो नियन्त्रण बाहिर, लाखौं हेक्टर वनक्षेत्र नष्ट",0,0,0,0
67,"स्थानीय विवरणअनुसार, संसद्मा यातायात विधेयकमाथि चर्को विवाद",0,0,0,0
68,घटनाक्रममा विद्युत् महसुल बढाउने प्रस्तावप्रति उपभोक्ता असन्तुष्ट ,0,0,0,0
69,घटनाक्रममा वन्यजन्तु संरक्षण बजेट कटौतीप्रति अभियन्ताको विरोध ,0,0,1,0
70,कर्मचारीहरू का मानिसहरू संसद् बैठक बाट सबैभन्दा बढी प्रभावित हुने दाबी,0,0,0,0
71,अचानक आएको भूकम्पले पुराना घरमा ठूलो क्षति ,0,1,0,0
72,स्टार्टअप व्यवसायलाई प्रोत्साहन गर्न सरकारद्वारा सस्तो ब्याजमा ऋण प्रवाह,0,0,0,0
73,आकस्मिक सेवामा ढिलाइ हुँदा बिरामीको अवस्था गम्भीर ,0,0,0,0
74,"सम्बन्धित निकायका अनुसार, लामो विद्युत् अवरोधले उद्योगमा ठूलो क्षति",0,0,0,0
75,"छलफलपछि, औषधि नपाउँदा बिरामीका आफन्तले आकस्मिक विरोध गरे",0,0,1,0
76,"नयाँ तथ्य सार्वजनिक: स्थानीय विवरणअनुसार, कामदारमाथि अन्याय भएको बताउँदै उद्योग अगाडि प्रदर्शन",0,0,0,0
77,सरकारको स्वास्थ्य योजना सफल हुने मन्त्रीको दाबी,0,0,0,0
78,"पछिल्लो घटनाक्रम: घटनापछि, भूकम्प जोखिम भएका भवनको प्राविधिक परीक्षण सुरु",0,0,0,0
79,"अनुगमनको क्रममा पछिल्लो विवरणअनुसार, सरकारले स्थानीय स्वास्थ्य केन्द्रमा प्रयोगशाला सेवा विस्तार गर्ने निर्णय गर्‍यो",0,0,0,0
80,"नयाँ निर्णयसँगै, धारामा पानी नआएपछि स्थानीय महिलाले विरोध बताए",0,0,1,0
81,कर्मचारीहरू को व्यवहारलाई ऊर्जा परियोजना सँग जोडेर गरिएको टिप्पणी विवादमा,0,0,0,0
82,"किसानले उत्पादनको उचित मूल्य मागे, सम्बन्धमा थप छलफल सुरु",0,0,0,0
83,"पछिल्लो घटनामा पछिल्लो विवरणअनुसार, मोबाइल बैंकिङ बन्द हुँदा ग्राहकमा ठूलो अन्योल",0,0,0,0
84,"घटनापछि, सार्वजनिक यातायातमा महिलाको सुरक्षाबारे नयाँ अध्ययन",0,0,0,0
85,"अनुगमनपछि, कर बढेपछि उद्योगीले सरकारी नीतिप्रति असन्तुष्टि बताए",1,0,1,0
86,"सम्बन्धित निकायका अनुसार, पानीको अभावले महिलाको दैनिक श्रम बढेको अध्ययनको निष्कर्ष",0,0,0,0
87,सरकारले नयाँ कृषि नीति कार्यान्वयन गर्ने तयारी — आगामी चरणमा समीक्षा गरिने,0,0,0,0
88,निर्णयपछि अपराध बढेपछि शहरमा सुरक्षा चिन्ता ,0,0,0,0
89,सरकारले नयाँ कृषि नीति कार्यान्वयन गर्ने तयारी : समस्या समाधान गर्न पहल थालिएको छ,0,0,0,0
90,"घटनाक्रममा नयाँ निर्णयसँगै, सीमानाकामा सुरक्षा जाँच कडा पारियो",0,0,0,0
91,"यसैबीच, बैठकपछि, पर्यटकको भीडले प्रमुख गन्तव्यमा मच्चियो ठूलो चहलपहल",0,1,0,0
92,पछिल्लो घटनाक्रम: बेरोजगारी बढेपछि युवामा भविष्यबारे चिन्ता ,0,0,0,0
93,अनलाइन ठगी बढेपछि ग्राहकमा ठूलो त्रास ,0,1,0,0
94,"यसैबीच, सम्बन्धित निकायका अनुसार, अस्पतालको लामो लाइनले सेवाग्राहीलाई हैरान बनायो",0,0,0,0
95,"नयाँ तथ्य सार्वजनिक: स्थानीय विवरणअनुसार, अत्यधिक वर्षाले खेत डुबाउँदा किसान निराश",0,0,0,0
96,"पछिल्लो विवरणअनुसार, टोलीको लगातार हारपछि प्रशिक्षकमाथि दबाब",0,0,0,0
97,"स्थानीय विवरणअनुसार, उडान रद्द हुँदा विमानस्थलमा यात्रुको बिचल्ली",0,0,0,0
98,"कृषि बजारमा बिचौलियाको प्रभावबारे किसानको गुनासो, स्थानीय तहलाई आवश्यक निर्देशन दिइएको छ का लागि पहल",0,0,0,0
99,सिँचाइ आयोजना सम्पन्न गर्न स्थानीयले दबाब दिए — भोलिदेखि लागू गर्ने तयारी,0,0,0,0
100,"स्थानीय विवरणअनुसार, प्रहरीले साइबर अपराधविरुद्ध विशेष अभियान सुरु गरेको छ",0,0,1,0
101,"स्थानीय तहमा बैठकपछि, युवा कलाकारलाई अवसर नदिएको भन्दै आयोजकमाथि प्रश्न,",0,0,1,0
102,आलोचनापछि सार्वजनिक यातायात सुधार भन्दै आलोचकको प्रतिक्रिया,0,0,1,0
103,"पछिल्लो विवरणअनुसार, विद्युत् महसुल बढाउने प्रस्तावप्रति उपभोक्ता असन्तुष्ट",0,0,0,0
104,"कर नीति ले ल्यायो ठूलो बहस, सामाजिक सञ्जालमा चर्चा!",0,0,0,0
105,"किसानले उत्पादनको उचित मूल्य मागे, आगामी चरणमा समीक्षा गरिने बताइएको छ",0,0,0,0
106,युवाहरूको पहलले गाउँका विद्यार्थीलाई अध्ययनमा सहयोग,0,0,0,0
107,उडान रद्द हुँदा विमानस्थलमा यात्रुको बिचल्ली,0,0,0,0
108,सीमावर्ती बजारमा तस्करी नियन्त्रणका लागि संयुक्त गस्ती,0,0,0,0
109,"यसैबीच, घटनापछि, निर्वाचन आयोगले मतदाता नामावली अद्यावधिक गर्न आग्रह गर्‍यो",0,0,0,0
110,"कृषि बजारमा बिचौलियाको प्रभावबारे किसानको गुनासो, समस्या समाधान गर्न पहल थालिएको छ",0,0,0,0
111,"स्थानीय तहमा नयाँ निर्णयसँगै, उपभोक्ताले गुणस्तरहीन सामान बिक्री भइरहेको असन्तुष्टि गरे,",0,0,1,0
112,"स्थानीय विवरणअनुसार, परीक्षा प्रश्नपत्र चुहावटको खबरले शैक्षिक क्षेत्रमा हलचल",0,0,0,0
113,प्रवासी श्रमिकहरू का मानिसहरू कृषि कार्यक्रम बाट सबैभन्दा बढी प्रभावित हुने दाबी,0,0,0,1
114,"नयाँ निर्णयसँगै, सरकारले स्वास्थ्य बीमा सेवा सबै जिल्लामा पुर्‍याउने लक्ष्य राख्यो",0,0,0,0
115,निर्णयपछि केन्द्रीय बैंकले मौद्रिक नीतिमा केही व्यवस्था परिवर्तन गर्‍यो ,0,0,0,0
116,नयाँ तथ्य सार्वजनिक: विद्यार्थीहरू पढाइमा ध्यानै नदिने भएको आरोप सामाजिक सञ्जालमा ,0,0,0,0
117,अनुगमनको क्रममा साइबर अपराधीको गिरोह सक्रिय भएको भन्दै त्रास ,0,1,1,0
118,हिमाल पग्लिने क्रम तीव्र हुँदा तल्लो तटीय क्षेत्रमा बाढीको खतरा,0,0,0,0
119,"पछिल्लो घटनाक्रम: सम्बन्धित निकायका अनुसार, अनलाइन ठगीको जालो फैलिँदा सर्वसाधारण त्रसित",0,0,0,0
120,सरकारले नयाँ कृषि नीति कार्यान्वयन गर्ने तयारी — सरोकारवालासँग परामर्श जारी,0,0,0,0
121,"सम्बन्धित निकायका अनुसार, खानेपानी नआएपछि स्थानीयको धैर्यको बाँध टुट्यो",0,0,0,0
122,पछिल्लो घटनाक्रम: धान उत्पादन बढेपछि किसानमा उत्साह ,0,0,0,0
123,युवा रोजगारी कार्यक्रम असफल भएको विपक्षीको आरोप,0,0,0,0
124,"नयाँ निर्णयसँगै, विमानस्थल व्यवस्थापनमा लापरबाही भएको यात्रुको आरोप",0,0,0,0
125,विपद् व्यवस्थापनमा सरकारको तयारी कमजोर भएको दाबी ,0,0,1,0
126,कर्मचारीहरू ले स्वास्थ्य योजना बारे एउटै धारणा राख्ने भनाइ सार्वजनिक,0,0,0,0
127,स्थानीय तहको विवरण: ठगीको खबर फैलिएपछि सामाजिक सञ्जालमा हल्ला ,0,0,0,0
128,"पछिल्लो घटनामा पछिल्लो विवरणअनुसार, विद्युत् प्राधिकरणले मर्मतपछि आपूर्ति सामान्य भएको जनाएको छ",0,0,0,0
129,पछिल्लो घटनाक्रम: विपक्षी दलले स्वास्थ्य बजेट अपर्याप्त भएको भन्दै सरकारको आलोचना गर्‍यो ,1,0,1,0
130,"यसैबीच, भवन निर्माणमा मापदण्ड पालना नगरेको दाबी ",0,0,0,0
131,"नयाँ निर्णयसँगै, ट्याक्सी चालकले नयाँ नियमप्रति असन्तुष्टि जनाए",0,0,1,0
132,किसानलाई उचित मूल्य नदिएको भन्दै व्यापारीविरुद्ध असन्तुष्टि ,0,0,1,0
133,"नेताहरूका छोराछोरी विदेशमा, गरिबका छोराछोरीलाई स्वदेशमै भविष्य अन्धकार",0,0,0,0
134,"घटनाक्रममा अनुगमनपछि, विपद् व्यवस्थापनमा सरकारको तयारी कमजोर भएको दाबी",0,0,1,0
135,"सिँचाइ आयोजना सम्पन्न गर्न स्थानीयले दबाब दिए, भोलिदेखि लागू गर्ने तयारी बताइएको छ",0,0,0,0
136,घटनाक्रममा सत्तारूढ दलभित्र नेतृत्व परिवर्तनबारे छलफल सुरु ,0,0,0,0
137,स्थानीय तहको विवरण: वैदेशिक रोजगारीमा ठगी बढेको भन्दै परिवार चिन्तामा ,0,0,1,0
138,सरकारले आलोचनालाई बेवास्ता गर्दै योजना अघि बढाएको आरोप ,1,0,1,0
139,"पछिल्लो घटनाक्रम: आज सार्वजनिक जानकारीअनुसार, सौर्य ऊर्जा परियोजनाबाट विद्यालयमा नियमित विद्युत् सेवा",0,0,0,0
140,युवा पुस्ता मेहनत गर्नै नचाहने टिप्पणीप्रति आलोचना,0,0,1,0
141,"नयाँ तथ्य सार्वजनिक: स्थानीय विवरणअनुसार, सरकारले खेल पूर्वाधारका लागि बजेट बढायो",0,0,0,0
142,"घटनापछि, पर्यटन पूर्वाधार कमजोर भएको व्यवसायीको असन्तुष्टि",0,0,1,1
143,"अनुगमनको क्रममा घटनापछि, युवा कलाकारलाई अवसर नदिएको भन्दै आयोजकमाथि प्रश्न",0,0,1,0
144,"स्थानीय तहको विवरण: बैठकपछि, नयाँ एम्बुलेन्स थपिएपछि आकस्मिक सेवा सहज हुने अपेक्षा",0,0,0,0
145,"अनुगमनपछि, हवाई भाडा बढेपछि यात्रु विकल्प खोज्दै",0,0,0,0
146,"स्थानीय विवरणअनुसार, अस्पतालले मुटु उपचारका लागि नयाँ उपकरण जडान गर्‍यो",0,0,0,0
147,ग्रामीण समुदाय को व्यवहारलाई संसद् बैठक सँग जोडेर गरिएको टिप्पणी विवादमा,0,0,0,0
148,"घटनाक्रममा पछिल्लो विवरणअनुसार, परीक्षा नतिजा कमजोर आएपछि विद्यालयले अतिरिक्त कक्षा सुरु गर्‍यो",0,0,0,0
149,"सिँचाइ आयोजना सम्पन्न गर्न स्थानीयले दबाब दिए, कार्यान्वयनका लागि कार्यदल गठन",0,0,0,0
150,घटनाक्रममा मन्त्रीले नयाँ स्वास्थ्य कार्यक्रमलाई महत्वपूर्ण उपलब्धि भएको दाबी गरे ,0,0,0,0
151,"यसैबीच, शहरको मुख्य सडकमा पानी जम्दा आवागमन प्रभावित ",0,0,0,0
152,घटनाक्रममा विद्यार्थीहरू पढाइमा गम्भीर नहुने भन्दै आलोचना ,0,0,1,0
153,घोषणापछि कर नीति भन्दै आलोचकको प्रतिक्रिया,0,0,1,0
154,कृषि अनुदान वितरणमा पारदर्शिता माग : सरोकारवालासँग परामर्श जारी,0,0,0,0
155,"यसैबीच, आज सार्वजनिक विवरणमा, लामो समय विद्युत् अवरुद्ध हुँदा उद्योगमा करोडौँको क्षति भएको दाबी",0,0,0,0
156,पछिल्लो घटनामा धारामा पानी नआएपछि स्थानीय महिलाले विरोध जनाए ,0,0,1,0
157,अनुगमनको क्रममा मौसम पूर्वानुमान प्रणाली सुधार्न सरकारी योजना ,0,0,0,0
158,"स्थानीय तहमा घटनापछि, खानेपानी आयोजना वर्षौँदेखि अलपत्र परेको स्थानीयको असन्तुष्टि,",0,0,1,0
159,"नयाँ निर्णयसँगै, यात्रामा महिलाले असुरक्षित महसुस गर्ने गरेको सर्वेक्षण",0,0,0,1
160,नयाँ विवरणअनुसार पर्यटन अभियान भन्दै आलोचकको प्रतिक्रिया,0,0,1,0
161,घटनाक्रममा अचानक आएको भूकम्पले पुराना घरमा ठूलो क्षति ,0,1,0,0
162,निर्णयपछि युवा कलाकारलाई अवसर नदिएको बताउँदै आयोजकमाथि प्रश्न ,0,0,0,0
163,"घटनाक्रममा घटनापछि, सरकारले ज्येष्ठ नागरिक भत्ता समायोजन गर्ने तयारी",0,0,0,0
164,महिलाले नेतृत्व गर्न नसक्ने पुरानो धारणामाथि बहस — आजको अपडेट,0,0,0,0
165,"नयाँ तथ्य सार्वजनिक: नयाँ निर्णयसँगै, नयाँ एम्बुलेन्स थपिएपछि आकस्मिक सेवा सहज हुने अपेक्षा",0,0,0,0
166,घटनाक्रममा सरकारले वैदेशिक रोजगारीमा जाने कामदारका लागि नयाँ व्यवस्था गर्‍यो,0,0,0,0
167,निर्णयपछि विपद् व्यवस्थापनमा सरकारको तयारी कमजोर भएको आरोप ,1,0,1,0
168,"छलफलपछि, नयाँ संग्रहालय खुलेपछि सांस्कृतिक पर्यटनमा आशा",0,0,0,0
169,कर बढेपछि उद्योगीले सरकारी नीतिप्रति असन्तुष्टि जनाए ,1,0,1,0
170,"अनुगमनपछि, सडक विस्तारले वन क्षेत्रमा असर पर्ने वातावरणविद्को चेतावनी",0,0,0,0
171,"अनुगमनको क्रममा बैठकपछि, वन फँडानी रोक्न स्थानीय समूह सक्रिय",0,0,0,0
172,नयाँ तथ्य सार्वजनिक: कामदारमाथि अन्याय भएको भन्दै उद्योग अगाडि प्रदर्शन ,0,0,1,0
173,"नयाँ निर्णयसँगै, अनलाइन ठगी बढेपछि ग्राहकमा ठूलो त्रास",0,1,0,0
174,"स्थानीय विवरणअनुसार, नगरपालिकाले खानेपानी पाइप विस्तारको काम अघि बढायो",0,0,0,0
175,स्थानीय तहको विवरण: असिनाले फलफूलमा ठूलो क्षति पुर्‍याएपछि किसान निराश ,0,0,0,0
176,नयाँ तथ्य सार्वजनिक: सरकारले कृषि उपजको न्यूनतम समर्थन मूल्य तोक्यो ,0,0,0,0
177,"यसैबीच, उपभोक्ताले गुणस्तरहीन सामान बिक्री भइरहेको असन्तुष्टि गरे",0,0,1,0
178,"यसैबीच, मन्त्रीको निर्णयलाई समर्थकहरूले विकासको महत्वपूर्ण कदम भने ",0,0,0,0
179,"यसैबीच, आयोजना निर्माणमा ढिलाइ हुँदा लागत बढ्ने चिन्ता ",0,0,0,0
180,पछिल्लो घटनामा भूकम्पको धक्काले पुराना भवनमा ठूलो क्षति ,0,0,0,0
181,"यसैबीच, सिँचाइ सुविधा पुगेपछि बाँझो जमिनमा खेती सुरु ",0,0,0,0
182,कारखाना बन्द हुँदा मजदुर परिवारको आम्दानी रोकियो,0,0,0,0
183,औद्योगिक विकासको योजना असफल भए अर्थतन्त्रमा ठूलो असर पर्ने चेतावनी,0,0,0,0
184,"घटनापछि, बालीमा रोग फैलिएपछि किसान चिन्तामा",0,0,0,0
185,सिँचाइ आयोजना सम्पन्न गर्न स्थानीयले दबाब दिए; सम्बन्धमा थप छलफल सुरु,0,0,0,0
186,"घटनाक्रममा सम्बन्धित निकायका अनुसार, विद्युत् लाइन विस्तारपछि नयाँ बस्तीमा बिजुली पुग्यो",0,0,0,0
187,चाडपर्वमा सुरक्षा व्यवस्था कडा पारियो ,0,0,0,0
188,"नयाँ तथ्य सार्वजनिक: छलफलपछि, अधिकारकर्मीले समावेशी नीति कार्यान्वयन कमजोर भएको बताए",0,0,1,0
189,"अनुगमनपछि, विश्वविद्यालयले अनुसन्धान अनुदानको नयाँ मापदण्ड ल्यायो",0,0,0,0
190,"अनुगमनपछि, सरकारले सामाजिक सुरक्षा भत्ता समायोजन गर्ने तयारी",0,0,0,0
191,"स्थानीय तहको विवरण: आज सार्वजनिक जानकारीअनुसार, अधिकारकर्मीले समावेशी नीति कार्यान्वयन कमजोर भएको बताए",0,0,1,0
192,नागरिक ले सरकारी योजनामा सुधार गर्न माग गरे,0,0,0,0
193,किसानले उत्पादनको उचित मूल्य मागे; आगामी चरणमा समीक्षा गरिने,0,0,0,0
194,कृषि बजारमा बिचौलियाको प्रभावबारे किसानको गुनासो; आगामी चरणमा समीक्षा गरिने,0,0,0,0
195,"नयाँ निर्णयसँगै, किसानले उचित मूल्य नपाएको बताउँदै बजारमा विरोध गरे",0,0,1,0
196,"यसैबीच, पछिल्लो विवरणअनुसार, कलाकारलाई आलोचना सहन नसक्ने बताउँदै सामाजिक सञ्जालमा टिप्पणी",0,0,1,0
197,घोषणापछि संसद् बैठक बारे सरोकारवालाको चासो,0,0,0,0
198,"कृषि अनुदान वितरणमा पारदर्शिता माग, सरोकारवालासँग परामर्श जारी",0,0,0,0
199,"सम्बन्धित निकायका अनुसार, विद्यार्थीहरू अनुशासनहीन बन्दै गएको टिप्पणी विवादमा",0,0,0,1
200,निर्णयपछि महँगो उपचारका कारण परिवार ऋणमा डुबेको स्थानीयको असन्तुष्टि ,0,0,1,0
201,केन्द्रीय बैंकले मौद्रिक नीतिको समीक्षा सार्वजनिक गर्‍यो,0,0,0,0
202,कर्मचारीहरू लाई कृषि कार्यक्रम को मुख्य जिम्मेवार पक्षका रूपमा चित्रण,0,0,1,0
203,अर्थतन्त्र क्षेत्रमा पारदर्शिता माग्दै नागरिक समाजको आग्रह,0,0,0,0
204,पछिल्लो घटनाक्रम: हिमाली क्षेत्रमा मौसम बिग्रिँदा पदयात्री अलपत्र ,0,0,0,0
205,पछिल्लो घटनाक्रम: उद्योग क्षेत्रमा लगानी बढेपछि व्यवसायी उत्साहित ,0,0,0,0
206,"पछिल्लो घटनामा स्थानीय स्रोतका अनुसार, स्वास्थ्यकर्मीमाथि दुर्व्यवहार बढेको भन्दै सुरक्षा माग",0,0,1,0
207,अनलाइन सञ्जालमार्फत ठगी गर्ने गिरोहका नाइके प्रहरीको फन्दामा,0,0,0,1
208,नयाँ तथ्य सार्वजनिक: पहाडी क्षेत्रमा जथाभावी सडक खन्दा पहिरोको जोखिम ,0,0,0,0
209,"पछिल्लो घटनामा नयाँ निर्णयसँगै, वृद्ध बिरामीलाई उपचारमा पहुँच नहुने पुरानो समस्या दोहोरियो",0,0,0,0
210,अनुगमनको क्रममा कलेज शुल्क बढेपछि विद्यार्थी संगठन आन्दोलनमा ,0,0,0,0
211,"सत्ता गठबन्धनभित्र आन्तरिक कलह चुलियो, मन्त्री फेर्ने तयारी",0,1,0,0
212,"नयाँ तथ्य सार्वजनिक: आज सार्वजनिक विवरणमा, सडकमा एकपछि अर्को दुर्घटनाले यात्रुमा त्रास",0,1,0,0
213,"सरकारले नयाँ कृषि नीति कार्यान्वयन गर्ने तयारी, आगामी चरणमा समीक्षा गरिने को तयारी",0,0,0,0
214,विपक्षी दलले सरकारको आर्थिक नीतिमाथि प्रश्न उठायो,0,0,0,0
215,नयाँ तथ्य सार्वजनिक: मल नपाएपछि किसानले खेती नै रोक्नुपर्ने अवस्था आएको जनाए ,0,0,0,0
216,पछिल्लो घटनामा व्यापारीले माग घटेको भन्दै बिक्री कमजोर भएको बताए ,0,0,1,0
217,"कृषि अनुदान वितरणमा पारदर्शिता माग, स्थानीय तहलाई आवश्यक निर्देशन दिइएको छ",0,0,0,0
218,"घटनाक्रममा सम्बन्धित निकायका अनुसार, सवालपत्र चुहावटको खबरले शिक्षाक्षेत्रमा सनसनी",0,0,0,0
219,पछिल्लो घटनाक्रम: विद्यार्थीहरू पढाइमा गम्भीर नहुने बताउँदै आलोचना ,0,0,1,0
220,घटनाक्रममा युवाका लागि रोजगारी मेला आयोजना गरिने ,0,0,0,0
221,"नयाँ तथ्य सार्वजनिक: अनुगमनपछि, महिला समूहले सामूहिक व्यवसायबाट आम्दानी थपेको छ",0,0,0,0
222,"घटनापछि, ब्याजदर बढेपछि ऋणी व्यवसायी दबाबमा",0,0,0,0
223,निर्णयसँगै सार्वजनिक यातायात सुधार बारे मिश्रित प्रतिक्रिया,0,0,0,0
224,स्वास्थ्य क्षेत्रमा बजेट अपुग भएको गुनासो,0,0,0,0
225,"आज सार्वजनिक विवरणमा, तरकारीको मूल्य घटेपछि उपभोक्तालाई केही राहत",0,0,0,0
226,"नयाँ निर्णयसँगै, उद्योगीले कर नीतिले व्यवसाय धरापमा परेको बताए",0,0,0,0
227,"घटनाक्रममा बैठकपछि, खेलाडी छनोटमा पारदर्शिता नभएको भन्दै प्रश्न उठ्यो",0,0,1,0
228,खेलाडी छनोटमा नातावाद भएको दाबी ,0,0,0,0
229,"आज सार्वजनिक जानकारीअनुसार, बेरोजगारी बढेपछि युवामा भविष्यबारे चिन्ता",0,0,0,0
230,"नयाँ तथ्य सार्वजनिक: स्थानीय स्रोतका अनुसार, धारामा पानी नआएपछि स्थानीय महिलाले विरोध जनाए",0,0,1,0
231,"पछिल्लो घटनाक्रम: आज सार्वजनिक जानकारीअनुसार, अधिकारकर्मीले समावेशी नीति कार्यान्वयन कमजोर भएको बताए",0,0,1,0
232,सार्वजनिक तथ्यांकअनुसार युवा नीति भन्दै पक्षको दाबी,0,0,1,0
233,सार्वजनिक सवारी साधनमा महिलामाथि दुर्व्यवहार गर्ने चालक पक्राउ,0,0,0,1
234,सडक बत्ती नहुँदा राति हिँड्न जोखिम बढेको स्थानीयको असन्तुष्टि ,0,0,1,0
235,"आज सार्वजनिक जानकारीअनुसार, लामो विद्युत् अवरोधले उद्योगमा ठूलो क्षति",0,0,0,0
236,"यसैबीच, नयाँ निर्णयसँगै, फोहोरले नदीको अवस्था भयावह बनेको भन्दै चेतावनी",0,1,1,0
237,"नयाँ तथ्य सार्वजनिक: घटनापछि, लामो समय विद्युत् अवरुद्ध हुँदा उद्योगमा करोडौँको क्षति भएको दाबी",0,0,0,0
238,"बैठकपछि, युवाका लागि रोजगारी मेला आयोजना गरिने",0,0,0,0
239,"बैठकपछि, अँध्यारो सडकमा दुर्घटनाको जोखिम बढेको स्थानीयको गुनासो",0,0,0,0
240,"किसानले उत्पादनको उचित मूल्य मागे, प्रति सरोकारवालाले मिश्रित प्रतिक्रिया दिएका छन् को तयारी",0,0,0,0
241,"घटनाक्रममा बैठकपछि, स्वास्थ्यकर्मीमाथि दुर्व्यवहार बढेको बताउँदै सुरक्षा माग",0,0,0,0
242,"स्थानीय तहमा बैठकपछि, सरकारले ग्रामीण सडकका लागि थप बजेट विनियोजन गर्ने निर्णय गर्‍यो,",0,0,0,0
243,"स्थानीय तहको विवरण: पछिल्लो विवरणअनुसार, प्रहरीले साइबर अपराधविरुद्ध विशेष अभियान सुरु गरेको छ",0,0,1,0
244,नयाँ तथ्य सार्वजनिक: डढेलो फैलिएपछि जंगलमा भयावह अवस्था ,0,1,0,0
245,"घटनापछि, शिक्षक संघले शिक्षा नीतिलाई व्यवहारिक नभएको आरोप लगायो",0,0,0,0
246,"सिँचाइ आयोजना सम्पन्न गर्न स्थानीयले दबाब दिए, आगामी चरणमा समीक्षा गरिने को तयारी",0,0,0,0
247,सार्वजनिक तथ्यांकअनुसार बजेट भन्दै आलोचकको प्रतिक्रिया,0,0,1,0
248,नयाँ तथ्य सार्वजनिक: राजमार्गमा दुर्घटना बढेपछि ट्राफिक प्रहरीले निगरानी बढायो ,0,0,0,0
249,"यसैबीच, बाढीले खानेपानीको मुख्य पाइप बगाएपछि सेवा अवरुद्ध ",0,0,0,0
250,"घटनाक्रममा नयाँ निर्णयसँगै, खेलाडी छनोटमा पारदर्शिता नभएको भन्दै प्रश्न उठ्यो",0,0,1,0
251,"पछिल्लो घटनामा आज सार्वजनिक विवरणमा, राजमार्गमा दुर्घटना बढेपछि ट्राफिक प्रहरीले निगरानी थपेको छ",0,0,0,0
252,"यसैबीच, बैठकपछि, सहकारीको रकम हिनामिना भएको आरोपमा अनुसन्धान अघि बढ्यो",0,0,0,0
253,"यसैबीच, चामलको मूल्य बढेपछि परिवारको मासिक खर्च प्रभावित ",0,0,0,0
254,शिक्षा क्षेत्र संकटको डिलमा पुगेको चेतावनी,0,0,0,0
255,"स्थानीय तहमा स्थानीय समुदायले वन संरक्षण अभियानमा सहभागिता जनाए,",0,0,0,0
256,यातायात क्षेत्रमा ठूलो उपलब्धि भएको सरकारको दाबी,0,0,0,0
257,निर्णयपछि वन्यजन्तु संरक्षण बजेट कटौतीप्रति अभियन्ताको विरोध ,0,0,1,0
258,"अनुगमनपछि, प्रहरीको कारबाहीलाई स्थानीयले प्रभावकारी भने",0,0,0,0
259,कृषि क्षेत्रमा पारदर्शिता माग्दै नागरिक समाजको आग्रह,0,0,0,0
260,सुरक्षा व्यवस्थामाथि प्रश्न उठेपछि प्रशासनले छानबिन गर्‍यो,0,0,0,0
261,"अनुगमनको क्रममा आज सार्वजनिक जानकारीअनुसार, विदेशी पर्यटकले स्थानीय नियम पालना नगरेको दाबी",0,0,0,0
262,कृषि बजारमा बिचौलियाको प्रभावबारे किसानको गुनासो — प्रति सरोकारवालाले मिश्रित प्रतिक्रिया दिएका छन्,0,0,0,0
263,"सरकारले नयाँ कृषि नीति कार्यान्वयन गर्ने तयारी, सम्बन्धमा थप छलफल सुरु को तयारी",0,0,0,0
264,किसानले उत्पादनको उचित मूल्य मागे : कार्यान्वयनका लागि कार्यदल गठन,0,0,0,0
265,नीतिले यातायात क्षेत्रलाई बेवास्ता गरेको आलोचना,0,0,1,0
266,"यसैबीच, शिक्षक अभावले कक्षा सञ्चालनमा समस्या ",0,0,0,0
267,"स्थानीय विवरणअनुसार, कृषकहरू नयाँ प्रविधि सिक्नै नचाहने आरोप",0,0,0,0
268,"यसैबीच, पछिल्लो विवरणअनुसार, विपद् व्यवस्थापनमा सरकारको तयारी कमजोर भएको आरोप",1,0,1,0
269,"छलफलपछि, ट्याक्सी चालकले नयाँ नियमप्रति असन्तुष्टि जनाए",0,0,1,0
270,"स्थानीय तहको विवरण: सम्बन्धित निकायका अनुसार, कृषकहरू आधुनिक प्रविधि अपनाउनै नचाहने टिप्पणीप्रति आपत्ति",0,0,0,0
271,"अनुगमनको क्रममा अनुगमनपछि, कामदारमाथि अन्याय भएको बताउँदै उद्योग अगाडि प्रदर्शन",0,0,0,0
272,युवा माथि विभेदपूर्ण टिप्पणीप्रति सामाजिक अभियन्ताको आपत्ति,0,0,0,0
273,अनुगमनको क्रममा वन्यजन्तु संरक्षण बजेट कटौतीप्रति अभियन्ताको विरोध,0,0,1,0
274,"छलफलपछि, कारखाना बन्द हुँदा मजदुर परिवारको आम्दानी रोकियो",0,0,0,0
275,निजी क्षेत्र का मानिसहरू युवा नीति बाट सबैभन्दा बढी प्रभावित हुने दाबी,0,0,0,1
276,"निर्णयपछि अनुगमनपछि, बालीमा रोग फैलिएपछि गाउँमा चिन्ता",0,0,0,0
277,"छलफलपछि, तस्करीको घटनाले सीमाक्षेत्रमा ठूलो सनसनी",0,1,0,0
278,"किसानले उत्पादनको उचित मूल्य मागे, समस्या समाधान गर्न पहल थालिएको छ को तयारी",0,0,0,0
279,युवाहरू ले डिजिटल सेवा विस्तार बारे एउटै धारणा राख्ने भनाइ सार्वजनिक,0,0,0,0
280,"निर्णयपछि अनुगमनपछि, अचानक आएको भूकम्पले पुराना घरमा ठूलो क्षति",0,1,0,0
281,"पछिल्लो विवरणअनुसार, अधिकारकर्मीले समावेशी नीति कार्यान्वयन कमजोर भएको बताए",0,0,1,0
282,घटनाक्रममा सांसदको टिप्पणीपछि संसद् बाहिरसमेत राजनीतिक विवाद चर्कियो ,0,1,0,0
283,"किसानले उत्पादनको उचित मूल्य मागे, समस्या समाधान गर्न पहल थालिएको छ भनिएको छ",0,0,0,0
284,सरकारविरुद्धको प्रदर्शनमा हजारौँ मानिस सडकमा उत्रिए,0,0,1,0
285,"अनुगमनको क्रममा छलफलपछि, सरकारले खेल पूर्वाधारका लागि बजेट थपेको छ",0,0,0,0
286,घटनाक्रममा कामदारमाथि अन्याय भएको भन्दै उद्योग अगाडि प्रदर्शन ,0,0,1,0
287,"सम्बन्धित निकायका अनुसार, राहत नपुगेपछि पीडितको आक्रोश चुलियो",0,1,1,0
288,स्थानीय तहको विवरण: सार्वजनिक यातायातको नयाँ रुटले यात्राको समय घटायो ,0,0,0,0
289,"बैठकपछि, अपांगता भएका व्यक्तिका लागि सार्वजनिक सेवा पहुँचयोग्य बनाउने योजना",0,0,0,0
290,युवाहरू ले संसद् बैठक बारे एउटै धारणा राख्ने भनाइ सार्वजनिक,0,0,0,0
291,व्यवसायीहरू सम्बन्धी पुरानो धारणा निर्वाचन तयारी को बहसमा फेरि दोहोरियो,0,0,0,0
292,अस्पतालले मुटु उपचारका लागि नयाँ उपकरण जडान गर्‍यो ,0,0,0,0
293,"छलफलपछि, तरकारी व्यापारीमाथि कालोबजारीको आरोप",0,0,0,0
294,"सम्बन्धित निकायका अनुसार, हवाई भाडा बढेपछि यात्रु विकल्प खोज्दै",0,0,0,0
295,"सरकारले नयाँ कृषि नीति कार्यान्वयन गर्ने तयारी, सम्बन्धमा थप छलफल सुरु हुने अपेक्षा",0,0,0,0
296,अर्थतन्त्र क्षेत्रमा अनियमितताको आशंकामा छानबिन सुरु,0,0,0,0
297,"पछिल्लो घटनाक्रम: अनुगमनपछि, लोडसेडिङ फर्किएको हल्लाले उपभोक्तामा अनावश्यक त्रास",0,1,0,0
298,"पछिल्लो विवरणअनुसार, सडक बत्ती नहुँदा राति हिँड्न जोखिम बढेको स्थानीयको असन्तुष्टि",0,0,1,0
299,"सम्बन्धित निकायका अनुसार, फोहोर फाल्ने बानीले शहरलाई संकटतर्फ धकेलेको चेतावनी",0,0,0,0
300,पछिल्लो घटनाक्रम: युवा कलाकारलाई अवसर नदिएको भन्दै आयोजकमाथि प्रश्न ,0,0,1,0
301,"छलफलपछि, किसानले उचित मूल्य नपाएको बताउँदै बजारमा विरोध गरे",0,0,1,0
302,"स्थानीय विवरणअनुसार, वृद्ध नागरिकले सामाजिक सुरक्षा भत्ता बढाउन माग गरे",0,0,0,0
303,"अनुगमनपछि, समावेशी नीतिको कार्यान्वयन कमजोर भएको अधिकारकर्मीको दाबी",0,0,1,0
304,"सम्बन्धित निकायका अनुसार, डढेलो फैलिँदा जंगलमा भयावह अवस्था",0,0,0,0
305,"यसैबीच, अस्पतालले बिरामीका लागि नयाँ शल्यक्रिया सेवा सुरु गर्‍यो ",0,0,0,0
306,सरकारले पर्यटन पूर्वाधारका लागि विशेष बजेट छुट्यायो,0,0,0,0
307,"यसैबीच, विद्यार्थीहरू पढाइमा गम्भीर नहुने बताउँदै आलोचना ",0,0,1,0
308,"नयाँ तथ्य सार्वजनिक: आज सार्वजनिक विवरणमा, स्थानीय कलाकारको प्रदर्शनीमा दर्शकको उत्साहजनक सहभागिता",0,0,0,0
309,"यसैबीच, अचानक आएको भूकम्पले पुराना घरमा ठूलो क्षति",0,1,0,0
310,ट्याक्सी चालकले नयाँ नियमप्रति असन्तुष्टि बताए ,0,0,1,0
311,प्रहरीमाथि अधिकार दुरुपयोग गरेको आरोप ,0,0,1,0
312,नयाँ विमानस्थलमा परीक्षण उडान सफल,0,0,0,0
313,"स्थानीय विवरणअनुसार, हिमाली क्षेत्रमा अचानक मौसम बिग्रिँदा पदयात्री अलपत्र",0,1,0,0
314,"बजेट ले ल्यायो ठूलो बहस, सामाजिक सञ्जालमा चर्चा!",0,0,0,0
315,घटनाक्रममा महँगो उपचारका कारण परिवार ऋणमा डुबेको स्थानीयको असन्तुष्टि,0,0,1,0
316,घटनाक्रममा विद्युत् प्राधिकरणले मर्मतपछि आपूर्ति सामान्य भएको बताएको छ ,0,0,0,0
317,निर्णयपछि कलाकारलाई आलोचना सहन नसक्ने बताउँदै सामाजिक सञ्जालमा टिप्पणी ,0,0,1,0
318,"किसानले उत्पादनको उचित मूल्य मागे, कार्यान्वयनका लागि कार्यदल गठन",0,0,0,0
319,"आज सार्वजनिक जानकारीअनुसार, सीमावर्ती बजारमा तस्करी नियन्त्रणका लागि संयुक्त गस्ती",0,0,0,0
320,"राष्ट्रिय निकुञ्ज वरपर वन्यजन्तुको आक्रमणबाट स्थानीय बासिन्दा त्रसित"" """,0,1,0,0
321,घटनाक्रममा महिला समूहले सामूहिक व्यवसायबाट आम्दानी बढायो ,0,0,0,0
322,"सरकारले नयाँ कृषि नीति कार्यान्वयन गर्ने तयारी, सरोकारवालासँग परामर्श जारी का लागि पहल",0,0,0,0
323,"स्थानीय तहमा बैठकपछि, पहाडी क्षेत्रमा जथाभावी सडक खन्दा पहिरोको जोखिम,",0,0,0,0
324,"अनुगमनपछि, विपद्मा स्थानीय युवाले उद्धारमा सक्रियता देखाए",0,0,0,0
325,"छलफलपछि, विमानस्थल व्यवस्थापनमा लापरबाही भएको यात्रुको दाबी",0,0,0,0
326,घटनाक्रममा मल नपाएपछि किसानले खेती नै रोक्नुपर्ने अवस्था आएको बताए — आजको अपडेट,0,0,0,0
327,"आज सार्वजनिक जानकारीअनुसार, औषधि नपाउँदा बिरामीका आफन्तले आकस्मिक विरोध गरे",0,0,1,0
328,"छलफलपछि, बस दुर्घटनाले यात्रुमा त्रास फैलियो",0,1,0,0
329,पछिल्लो घटनाक्रम: महिला समूहले सामूहिक व्यवसायबाट आम्दानी थपेको छ ,0,0,0,0
330,"पछिल्लो विवरणअनुसार, कामदारहरू मेहनतबाट टाढिँदै गएको आरोपप्रति ट्रेड युनियनको आपत्ति",0,0,0,0
331,"नयाँ तथ्य सार्वजनिक: आज सार्वजनिक विवरणमा, भवन निर्माणमा मापदण्ड पालना नगरेको आरोप",0,0,0,0
332,"स्थानीय विवरणअनुसार, बालीमा रोग फैलिएपछि किसान चिन्तामा",0,0,0,0
333,सत्तापक्ष र विपक्षीबीच टकराव चर्कियो,0,1,0,0
334,धार्मिक समुदायलाई लक्षित अपमानजनक टिप्पणीप्रति विरोध ,0,0,1,0
335,कृषकहरू नयाँ प्रविधि सिक्नै नचाहने आरोप ,0,0,0,0
336,किसानहरू ले निर्वाचन तयारी बारे एउटै धारणा राख्ने भनाइ सार्वजनिक,0,0,0,0
337,नयाँ तथ्य सार्वजनिक: पर्यटकको भीडले प्रमुख गन्तव्यमा मच्चियो ठूलो हलचल ,0,1,0,0
338,स्वास्थ्य सम्बन्धी भ्रामक सूचनाप्रति प्रशासनको चेतावनी,0,0,0,0
339,नयाँ तथ्य सार्वजनिक: पार्क निर्माणपछि बालबालिकाका लागि नयाँ स्थान उपलब्ध ,0,0,0,0
340,"नयाँ निर्णयसँगै, स्थानीय उत्पादनले बजारमा प्रतिस्पर्धा बढायो",0,0,0,0
341,"यसैबीच, असिनाले फलफूलमा ठूलो क्षति पुर्‍याएपछि किसान निराश ",0,0,0,0
342,"स्थानीय तहको विवरण: स्थानीय विवरणअनुसार, विपद् व्यवस्थापनमा सरकारको तयारी कमजोर भएको दाबी",0,0,1,0
343,"घटनाक्रममा नयाँ निर्णयसँगै, पानीको अभावले गाउँका परिवारको दैनिकी प्रभावित",0,0,0,0
344,सरकारले औद्योगिक विकासमा ध्यान नदिएको उद्योगीहरूको आरोप,1,0,0,0
345,नयाँ तथ्य सार्वजनिक: कलाकारलाई आलोचना सहन नसक्ने बताउँदै सामाजिक सञ्जालमा टिप्पणी ,0,0,1,0
346,घटनाक्रममा असिनाले फलफूलमा ठूलो क्षति पुर्‍याएपछि किसान निराश ,0,0,0,0
347,"अनुगमनको क्रममा बैठकपछि, प्रहरीमाथि अधिकार दुरुपयोग गरेको दाबी",0,0,1,0
348,"पछिल्लो घटनाक्रम: पछिल्लो विवरणअनुसार, पहिरोले गाउँको बाटो काटेपछि जनजीवन प्रभावित",0,0,0,0
349,"घटनाक्रममा अनुगमनपछि, वन क्षेत्रमा दुर्लभ जनावर देखिएपछि संरक्षणकर्मी उत्साहित",0,0,0,0
350,विपक्षी दलले यातायात नीति असफल भएको दाबी लगायो,1,0,1,0
351,छलफलबीच वातावरण संरक्षण योजना भन्दै पक्षको दाबी,0,0,1,0
352,"यसैबीच, आज सार्वजनिक जानकारीअनुसार, नयाँ सार्वजनिक शौचालय सञ्चालनमा आएपछि यात्रुलाई राहत",0,0,0,0
353,व्यवसायीहरू नाफाका लागि उपभोक्तालाई ठग्ने आरोप,0,0,0,1
354,"अनुगमनको क्रममा पछिल्लो विवरणअनुसार, समर्थकको आक्रोशले रंगशालामा तनाव",0,0,1,0
355,रोजगारी क्षेत्रमा ठूलो उपलब्धि भएको सरकारको दाबी,0,0,0,0
356,शिक्षक अभावका कारण विद्यालयको नियमित पठनपाठन प्रभावित ,0,0,0,0
357,पछिल्लो घटनामा अनलाइन पढाइले दुर्गम क्षेत्रका विद्यार्थीलाई नयाँ अवसर ,0,0,0,0
358,निर्णयपछि वन कार्यालयले अवैध काठ कटानी नियन्त्रणका लागि गस्ती थपेको छ,0,0,0,0
359,"नयाँ तथ्य सार्वजनिक: घटनापछि, धारामा पानी नआएपछि स्थानीयले कार्यालय घेराउ गरे",0,0,0,0
360,नयाँ तथ्य सार्वजनिक: विपक्षी दलले नयाँ कर नीतिलाई जनतामाथिको बोझ भएको आरोप लगायो ,1,0,0,0
361,"घटनाक्रममा बैठकपछि, वृद्ध नागरिकले सामाजिक सुरक्षा भत्ता बढाउन माग गरे",0,0,0,0
362,सार्वजनिक तथ्यांकअनुसार स्वास्थ्य योजना भन्दै आलोचकको प्रतिक्रिया,0,0,1,0
363,वृद्ध नागरिकहरू ले युवा नीति बारे एउटै धारणा राख्ने भनाइ सार्वजनिक,0,0,0,0
364,स्वास्थ्य योजना लाई सत्तारूढ पक्षले उपलब्धिका रूपमा प्रस्तुत गर्‍यो,0,0,0,0
365,"सरकारले नयाँ कृषि नीति कार्यान्वयन गर्ने तयारी, प्रभावबारे विज्ञले अध्ययन आवश्यक बताएका छन् हुने अपेक्षा",0,0,0,0
366,घटनाक्रममा कृषकहरू आधुनिक प्रविधि अपनाउनै नचाहने टिप्पणीप्रति आपत्ति ,0,0,0,0
367,"कृषि अनुदान वितरणमा पारदर्शिता माग, समस्या समाधान गर्न पहल थालिएको छ को तयारी",0,0,0,0
368,"किसानले उत्पादनको उचित मूल्य मागे, प्रभावबारे विज्ञले अध्ययन आवश्यक बताएका छन् भनिएको छ",0,0,0,0
369,विद्युत् निर्यात बढेपछि ऊर्जा क्षेत्रमा उत्साह,0,0,0,0
370,"स्थानीय तहको विवरण: पछिल्लो विवरणअनुसार, सरकारले डिजिटल सुरक्षा नीति सार्वजनिक गर्‍यो",0,0,0,0
371,सहरी बासिन्दाहरू लाई संसद् बैठक को मुख्य जिम्मेवार पक्षका रूपमा चित्रण,0,0,0,0
372,"घटनापछि, विपक्षी दलले स्वास्थ्य बजेट अपर्याप्त भएको बताउँदै सरकारको आलोचना गर्‍यो",1,0,1,0
373,"अनुगमनको क्रममा अनुगमनपछि, प्रहरीले साइबर अपराधविरुद्ध विशेष अभियान सुरु गरेको छ",0,0,1,0
374,"पछिल्लो विवरणअनुसार, अन्तिम मिनेटको गोलले टोलीलाई रोमाञ्चक जित",0,0,0,0
375,"स्थानीय तहमा नयाँ लगानी आएपछि औद्योगिक क्षेत्रमा उत्साह ,",0,0,0,0
376,पछिल्लो घटनाक्रम: प्रश्नपत्र चुहावटको खबरले शिक्षाक्षेत्रमा सनसनी ,0,1,0,0
377,कामदारहरू मेहनतबाट टाढिँदै गएको दाबीप्रति ट्रेड युनियनको आपत्ति ,0,0,0,0
378,"यसैबीच, श्रमिकहरू काममा ढिलासुस्ती गर्ने आरोपप्रति युनियनको आपत्ति ",0,0,0,0
379,"आज सार्वजनिक जानकारीअनुसार, भूकम्पको धक्कापछि पुराना घरमा चर्किएका भित्ता",0,0,0,0
380,"अनुगमनपछि, नगर कर बढाउने निर्णयप्रति व्यवसायी असन्तुष्ट",0,0,0,0
381,"स्थानीय तहमा परम्परागत कलाकारहरू आधुनिक प्रविधि प्रयोग गर्न नसक्ने टिप्पणी,",0,0,0,0
382,घटनाक्रममा विद्यार्थीहरू पढाइमा ध्यानै नदिने भएको दाबी सामाजिक सञ्जालमा ,0,0,0,0
383,घटनाक्रममा विद्युत् प्राधिकरणले मर्मतपछि आपूर्ति सामान्य भएको जनाएको छ ,0,0,0,0
384,अनुगमनको क्रममा शिक्षक संघले शिक्षा नीतिलाई व्यवहारिक नभएको आरोप लगायो ,0,0,0,0
385,"सम्बन्धित निकायका अनुसार, धार्मिक स्थलमा भक्तजनको ठूलो भीड",0,0,0,0
386,"स्थानीय विवरणअनुसार, कामदारहरू मेहनतबाट टाढिँदै गएको दाबीप्रति ट्रेड युनियनको आपत्ति",0,0,0,0
387,"आज सार्वजनिक जानकारीअनुसार, फोहोर फाल्ने बानीले शहरलाई संकटतर्फ धकेलेको चेतावनी",0,0,0,0
388,नयाँ विवरणअनुसार महिला उद्यम कार्यक्रम भन्दै आलोचकको प्रतिक्रिया,0,0,1,0
389,"स्थानीय तहको विवरण: छलफलपछि, पर्यटकको आगमन बढेपछि होटल व्यवसायमा चहलपहल",0,0,0,0
390,निर्णयपछि फोहोर व्यवस्थापनमा कमजोरी भएपछि बजार क्षेत्र दुर्गन्धित ,0,0,1,0
391,"घटनाक्रममा बैठकपछि, औषधि नपाएपछि बिरामीका आफन्त अस्पताल प्रशासनसँग आक्रोशित",0,1,1,0
392,"पछिल्लो विवरणअनुसार, औषधि नपाउँदा बिरामीका आफन्तले आकस्मिक विरोध गरे",0,0,1,0
393,घटनाक्रममा ठगीको खबर फैलिएपछि सामाजिक सञ्जालमा हल्ला,0,0,0,0
394,व्यवसायीहरू ले कृषि कार्यक्रम बारे एउटै धारणा राख्ने भनाइ सार्वजनिक,0,0,0,0
395,"सरकारले नयाँ कृषि नीति कार्यान्वयन गर्ने तयारी, सरोकारवालासँग परामर्श जारी जनाइएको छ",0,0,0,0
396,विशेषज्ञहरूले सहरी विकास योजना लाई सुधारको अवसरका रूपमा हेरेका छन्,0,0,0,0
397,"निर्णयपछि पछिल्लो विवरणअनुसार, वैदेशिक रोजगारीमा ठगी बढेको बताउँदै परिवार चिन्तित",0,0,0,0
398,सरकारले शिक्षकका माग सम्बोधन गर्ने प्रतिबद्धता जनाएको छ,0,0,0,0
399,सरकारको कृषि योजना सफल हुने मन्त्रीको दाबी,0,0,0,0
400,"स्थानीय तहमा मूल्य घट्ने अपेक्षामा ग्राहकले खरिद रोके ,",0,0,0,0
401,"नयाँ निर्णयसँगै, स्थानीय बस सेवा विस्तार भएपछि यात्रुको समय बचत",0,0,0,0
402,"निर्णयपछि बैठकपछि, खेलाडी छनोटमा पक्षपात भएको भन्दै प्रश्न",0,0,1,0
403,"पछिल्लो घटनाक्रम: पछिल्लो विवरणअनुसार, कर बढेपछि उद्योगीले सरकारी नीतिप्रति असन्तुष्टि बताए",1,0,1,0
404,"निर्णयपछि स्थानीय विवरणअनुसार, कामदारमाथि अन्याय भएको बताउँदै उद्योग अगाडि प्रदर्शन",0,0,0,0
405,पछिल्लो घटनामा युवा पुस्ता मेहनतबाट भागिरहेको टिप्पणीप्रति विरोध ,0,0,1,0
406,सौर्य ऊर्जा प्रयोग बढाउन गाउँपालिकाको अनुदान कार्यक्रम ,0,0,0,0
407,इन्धनको मूल्य घटेसँगै यातायात भाडा पुनरावलोकन गरिने,0,0,0,0
408,"सरकारले नयाँ कृषि नीति कार्यान्वयन गर्ने तयारी, प्रभावबारे विज्ञले अध्ययन आवश्यक बताएका छन्",0,0,0,0
409,"यसैबीच, सरकारले निःशुल्क औषधिको सूची विस्तार गर्ने तयारी गरेको छ ",0,0,0,0
410,नयाँ विवरणअनुसार पूर्वाधार आयोजना बारे थप अध्ययन आवश्यक,0,0,0,0
411,ताजा रिपोर्टअनुसार संसद् बैठक भन्दै पक्षको दाबी,0,0,1,0
412,बजार अनुगमनमा म्याद गुज्रेका खाद्य सामग्री भेटिए ,0,0,0,0
413,नयाँ तथ्य सार्वजनिक: किसानलाई उचित मूल्य नदिएको भन्दै व्यापारीविरुद्ध गुनासो ,0,0,1,0
414,"यसैबीच, छलफलपछि, किसानलाई उचित मूल्य नदिएको भन्दै व्यापारीविरुद्ध गुनासो",0,0,1,0
415,अनुगमनको क्रममा वन क्षेत्रमा दुर्लभ जनावर देखिएपछि संरक्षणकर्मी उत्साहित ,0,0,0,0
416,"पछिल्लो विवरणअनुसार, सरकारले खेल पूर्वाधारका लागि बजेट बढायो",0,0,0,0
417,"पछिल्लो घटनामा पछिल्लो विवरणअनुसार, खेलाडी छनोटमा पारदर्शिता नभएको भन्दै प्रश्न उठ्यो",0,0,1,0
418,"कृषि अनुदान वितरणमा पारदर्शिता माग, कार्यान्वयनका लागि कार्यदल गठन का लागि पहल",0,0,0,0
419,ताजा रिपोर्टअनुसार कर नीति बारे थप अध्ययन आवश्यक,0,0,0,0
420,"यसैबीच, पछिल्लो विवरणअनुसार, खेलाडी छनोटमा पारदर्शिता नभएको भन्दै प्रश्न उठाइएको छ",0,0,1,0
421,"पछिल्लो घटनामा सम्बन्धित निकायका अनुसार, परम्परागत कलाकारहरू आधुनिक प्रविधि प्रयोग गर्न नसक्ने टिप्पणी",0,0,0,0
422,सत्तापक्षले वातावरण संरक्षण योजना अघि बढाएर आफ्नो राजनीतिक प्रभाव बलियो बनाउन खोजेको आरोप,1,0,0,0
423,स्थानीय तहको विवरण: नयाँ सार्वजनिक शौचालय सञ्चालनमा आएपछि यात्रुलाई राहत ,0,0,0,0
424,नयाँ तथ्य सार्वजनिक: धारामा पानी नआएपछि स्थानीय महिलाले विरोध बताए,0,0,1,0
425,"अनुगमनको क्रममा सम्बन्धित निकायका अनुसार, कारखाना बन्द हुँदा सयौँ श्रमिकको आम्दानी रोकियो",0,0,0,0
426,प्रवासी श्रमिकहरू का मानिसहरू सार्वजनिक यातायात सुधार बाट सबैभन्दा बढी प्रभावित हुने दाबी,0,0,0,1
427,सरकारले जनताको हितविपरीत बजेट ल्याएको विपक्षीको आरोप,1,0,0,0
428,"स्थानीय विवरणअनुसार, भन्सार दर बढेपछि आयातकर्ता चिन्तित",0,0,0,0
429,विपक्षी दलले सरकारविरुद्ध प्रदर्शन गर्ने घोषणा गर्‍यो,0,0,1,0
430,"अनुगमनको क्रममा बैठकपछि, वन संरक्षणमा समुदायको भूमिका बढाउन नयाँ योजना",0,0,0,0
431,महिलाहरू नेतृत्वमा कमजोर हुने पुरानो सोचमाथि बहस,0,0,0,1
432,"यसैबीच, बालीमा रोग फैलिएपछि गाउँमा चिन्ता ",0,0,0,0
433,"घटनाक्रममा पछिल्लो विवरणअनुसार, सडक निर्माणको ढिलाइप्रति स्थानीय जनप्रतिनिधिमाथि दबाब",0,0,0,0
434,"छलफलपछि, खानेपानी नआएपछि स्थानीयको धैर्यको बाँध टुट्यो",0,0,0,0
435,निर्णयसँगै ऊर्जा परियोजना भन्दै आलोचकको प्रतिक्रिया,0,0,1,0
436,"निर्णयपछि स्थानीय विवरणअनुसार, विपद् व्यवस्थापनमा सरकारको तयारी कमजोर भएको आरोप",1,0,1,0
437,"पछिल्लो घटनामा नयाँ निर्णयसँगै, राजमार्गमा दुर्घटना बढेपछि ट्राफिक प्रहरीले निगरानी बढायो",0,0,0,0
438,किसानले उचित मूल्य नपाएको भन्दै बजारमा विरोध गरे ,0,0,1,0
439,"पछिल्लो विवरणअनुसार, किसानले उचित मूल्य नपाएको बताउँदै बजारमा विरोध गरे",0,0,1,0
440,"स्थानीय तहमा पछिल्लो विवरणअनुसार, विदेशी पर्यटकलाई लक्षित नयाँ पर्यटन अभियान सुरु,",0,0,0,0
441,प्रवासी श्रमिकहरू सम्बन्धी पुरानो धारणा जलस्रोत आयोजना को बहसमा फेरि दोहोरियो,0,0,0,0
442,अनुगमनको क्रममा बैंकको नयाँ कर्जाले साना व्यवसायीलाई राहत पुग्ने अपेक्षा ,0,0,0,0
443,"स्थानीय तहको विवरण: स्थानीय विवरणअनुसार, मल नपाएपछि किसानले खेती नै रोक्नुपर्ने अवस्था आएको बताए",0,0,0,0
444,"पछिल्लो घटनामा सम्बन्धित निकायका अनुसार, साना उद्योगलाई कर छुट दिने प्रस्ताव मन्त्रिपरिषद्मा पेश",0,0,0,0
445,घटनाक्रममा नयाँ एम्बुलेन्स थपिएपछि आकस्मिक सेवा सहज हुने अपेक्षा,0,0,0,0
446,बालीमा रोग फैलिएपछि किसान चिन्तित,0,0,0,0
447,प्रवासी श्रमिकहरू का मानिसहरू पूर्वाधार आयोजना बाट सबैभन्दा बढी प्रभावित हुने दाबी,0,0,0,1
448,"सरकारले नयाँ कृषि नीति कार्यान्वयन गर्ने तयारी, स्थानीय तहलाई आवश्यक निर्देशन दिइएको छ को तयारी",0,0,0,0
449,निर्णयपछि किसानलाई उचित मूल्य नदिएको बताउँदै व्यापारीविरुद्ध गुनासो ,0,0,1,0
450,नयाँ विवरणअनुसार पूर्वाधार आयोजना बारे बहस सुरु,0,0,0,0
451,"आज सार्वजनिक जानकारीअनुसार, प्रहरीले साइबर अपराधविरुद्ध विशेष अभियान सुरु गरेको छ",0,0,1,0
452,"पछिल्लो विवरणअनुसार, वैदेशिक रोजगारीमा ठगी बढेको बताउँदै परिवार चिन्तित",0,0,0,0
453,"घटनाक्रममा अनुगमनपछि, साहित्य महोत्सवमा लेखकहरूले अभिव्यक्ति स्वतन्त्रताबारे बहस गरे",0,0,0,0
454,"पछिल्लो विवरणअनुसार, मौसम पूर्वानुमान प्रणाली सुधार्न सरकारले योजना बनायो",0,0,0,0
455,सरकारले नयाँ कृषि नीति कार्यान्वयन गर्ने तयारी — प्रति सरोकारवालाले मिश्रित प्रतिक्रिया दिएका छन्,0,0,0,0
456,नेपालको परराष्ट्र नीतिलाई लिएर संसद्मा सत्ता र विपक्षी दलबीच विवाद,0,0,0,0
457,स्वास्थ्य योजना: यस्तो निर्णयले बढायो आम चासो,0,0,0,0
458,"यसैबीच, बैठकपछि, मल नपाएपछि किसानले खेती नै रोक्नुपर्ने अवस्था आएको जनाए",0,0,0,0
459,वर्षा कम हुँदा पहाडी बस्तीमा पानीको संकट ,0,0,0,0
460,"पछिल्लो घटनामा नयाँ निर्णयसँगै, मूल्य घट्ने अपेक्षामा ग्राहकले खरिद रोके",0,0,0,0
461,"अनुगमनको क्रममा नयाँ निर्णयसँगै, अत्यधिक वर्षाले खेत डुबाउँदा किसान निराश",0,0,0,0
462,नयाँ विवरणअनुसार कृषि कार्यक्रम बारे बहस सुरु,0,0,0,0
463,आलोचनापछि संसद् बैठक भन्दै आलोचकको प्रतिक्रिया,0,0,1,0
464,"सत्ता गठबन्धनभित्र आन्तरिक कलह चुलियो, मन्त्री फेर्ने तयारी ",0,1,0,0
465,नर्सिङ अध्ययनका लागि विदेशिने विद्यार्थीको सङ्ख्यामा उच्च वृद्धि,0,0,0,0
466,"पछिल्लो घटनामा नयाँ निर्णयसँगै, बेरोजगारी बढेपछि युवामा भविष्यबारे चिन्ता",0,0,0,0
467,"अनुगमनपछि, सरकारले विद्यालय पोषण कार्यक्रमका लागि बजेट बढायो",0,0,0,0
468,किसानले उत्पादनको उचित मूल्य मागे; समस्या समाधान गर्न पहल थालिएको छ,0,0,0,0
469,"बैठकपछि, खेल संघले राष्ट्रिय प्रतियोगिताको मिति घोषणा गर्‍यो",0,0,0,0
470,"छलफलपछि, विपद् व्यवस्थापनमा सरकारको तयारी कमजोर भएको दाबी",0,0,1,0
471,"यसैबीच, पछिल्लो विवरणअनुसार, तस्करी नियन्त्रणमा सुरक्षा निकायले सफलता पाएको दाबी",0,0,0,0
472,"स्थानीय तहमा स्थानीय अस्पतालमा नयाँ एम्बुलेन्स सेवा थपियो ,",0,0,0,0
473,"यसैबीच, बीउ वितरणमा पक्षपात भएको भन्दै केही किसानले प्रश्न उठाए ",0,0,1,0
474,"यसैबीच, परम्परागत कलाकारहरू आधुनिक प्रविधि प्रयोग गर्न नसक्ने टिप्पणी ",0,0,0,0
475,तस्करी नियन्त्रणमा सुरक्षा निकायले सफलता पाएको दाबी ,0,0,0,0
476,"यसैबीच, पछिल्लो विवरणअनुसार, अनलाइन कक्षाले दुर्गम विद्यार्थीलाई पढाइमा जोड्ने प्रयास",0,0,0,0
477,"सिँचाइ आयोजना सम्पन्न गर्न स्थानीयले दबाब दिए, सरोकारवालासँग परामर्श जारी बताइएको छ",0,0,0,0
478,नेपालमा नवीकरणीय ऊर्जाको क्षेत्रमा लगानी गर्न विदेशी कम्पनीहरूको चासो,0,0,0,0
479,अनुगमनको क्रममा नयाँ एम्बुलेन्स थपिएपछि आकस्मिक सेवा सहज हुने अपेक्षा ,0,0,0,0
480,अल्पसंख्यक समुदायलाई लिएर नेताको टिप्पणी विवादमा ,0,0,0,0
481,आलोचकहरूले बजेट को सम्भावित कमजोरीलाई प्राथमिकताका साथ उठाए,0,0,0,0
482,चिकित्सा शिक्षा आयोगको प्रवेश परीक्षामा देखिएको अनियमितताविरुद्ध विद्यार्थी आन्दोलन,0,0,1,0
483,"बैठकपछि, तरकारी व्यापारीमाथि कालोबजारीको दाबी",0,0,0,0
484,नयाँ तथ्य सार्वजनिक: धारामा पानी नआएपछि स्थानीयले कार्यालय घेराउ गरे ,0,0,0,0
485,नयाँ तथ्य सार्वजनिक: नगरपालिकाको सफाइ अभियानले सडकको रूप फेरिएको दाबी ,0,0,0,0
486,नयाँ तथ्य सार्वजनिक: पानीको अभावले महिलाको दैनिक श्रम बढेको अध्ययन ,0,0,0,0
487,"अनुगमनपछि, वृद्धहरूलाई डिजिटल स्वास्थ्य सेवा प्रयोग गर्न कठिन भएको असन्तुष्टि",0,0,1,0
488,"स्थानीय तहको विवरण: स्थानीय विवरणअनुसार, महँगो उपचारका कारण परिवार ऋणमा डुबेको स्थानीयको असन्तुष्टि",0,0,1,0
489,खेलाडी छनोटमा पारदर्शिता नभएको भन्दै प्रश्न उठाइएको छ ,0,0,1,0
490,"पछिल्लो घटनामा स्थानीय स्रोतका अनुसार, नगरपालिकाले सडक बत्ती थप्ने योजना सार्वजनिक गर्‍यो",0,0,0,0
491,"स्थानीय तहमा पछिल्लो विवरणअनुसार, खेलाडी छनोटमा पारदर्शिता नभएको भन्दै प्रश्न उठ्यो,",0,0,1,0
492,घोषणापछि संसद् बैठक बारे थप अध्ययन आवश्यक,0,0,0,0
493,"घटनाक्रममा नयाँ निर्णयसँगै, परम्परागत कलाकारहरू आधुनिक प्रविधि प्रयोग गर्न नसक्ने टिप्पणी",0,0,0,0
494,शिक्षा सम्बन्धी सामाजिक सञ्जालमा फैलिएको दाबी विवादमा,0,0,0,0
495,साना उद्यमीहरू लाई युवा नीति को मुख्य जिम्मेवार पक्षका रूपमा चित्रण,0,0,0,0
496,"छलफलपछि, प्रहरीको कारबाहीलाई स्थानीयले प्रभावकारी भने",0,0,0,0
497,"यसैबीच, घटनापछि, सडक विस्तारको काम सुस्त भएपछि ठेकेदारसँग स्पष्टीकरण माग",0,0,0,0
498,पर्यटन प्रवर्द्धनमा सरकारको लगानी पर्याप्त नभएको व्यवसायीको गुनासो,0,0,0,0
499,निर्णयपछि वर्षा कम हुँदा पहाडी बस्तीमा पानीको संकट ,0,0,0,0
500,"यसैबीच, फोहोरले नदीको अवस्था भयावह बनेको भन्दै अभियानकर्ता चिन्तित ",0,1,1,0
501,निर्णयपछि साइबर अपराधीको गिरोह सक्रिय भएको भन्दै त्रास ,0,1,1,0
502,"यसैबीच, घटनापछि, खेलाडी छनोटमा पारदर्शिता नभएको भन्दै प्रश्न उठ्यो",0,0,1,0
503,"निर्णयपछि पछिल्लो विवरणअनुसार, राहत ढिलो पुगेपछि पीडितको आक्रोश चुलियो",0,1,1,0
504,"निर्णयपछि स्थानीय विवरणअनुसार, अचानक आएको भूकम्पले पुराना घरमा ठूलो क्षति",0,1,0,0
505,"घटनापछि, अवैध वन फँडानी रोक्न गस्ती बढाइयो",0,0,0,0
506,"यसैबीच, बस दुर्घटनाले यात्रुमा त्रास फैलियो ",0,1,0,0
507,घटनाक्रममा बस दुर्घटनाले यात्रुमा त्रास फैलियो ,0,1,0,0
508,वन्यजन्तु संरक्षणका लागि निकुञ्जले नयाँ योजना ल्यायो,0,0,0,0
509,"नयाँ तथ्य सार्वजनिक: अनुगमनपछि, विदेशी पर्यटकले स्थानीय नियम पालना नगरेको आरोप",0,0,0,0
510,सार्वजनिक तथ्यांकअनुसार स्वास्थ्य योजना बारे मिश्रित प्रतिक्रिया,0,0,0,0
511,सरकारका अनुसार कृषि कार्यक्रम ले सर्वसाधारणलाई उल्लेखनीय लाभ दिनेछ,0,0,0,0
512,छलफलबीच पूर्वाधार आयोजना बारे बहस सुरु,0,0,0,0
513,सरकारले कृषि लाई प्राथमिकतामा राखेको जनाएको छ,0,0,0,0
514,"यसैबीच, वन्यजन्तु संरक्षण बजेट कटौतीप्रति अभियन्ताको विरोध ",0,0,1,0
515,घटनाक्रममा शिक्षक अभावका कारण विद्यालयको नियमित पठनपाठन प्रभावित ,0,0,0,0
516,किसान ले सरकारी योजनामा सुधार गर्न माग गरे,0,0,0,0
517,"सिँचाइ आयोजना सम्पन्न गर्न स्थानीयले दबाब दिए, कार्यान्वयनका लागि कार्यदल गठन हुने अपेक्षा",0,0,0,0
518,"स्थानीय तहको विवरण: बैठकपछि, प्रहरीले साइबर अपराधविरुद्ध विशेष अभियान सुरु गरेको छ",0,0,1,0
519,"पछिल्लो घटनामा घटनापछि, धारामा पानी नआएपछि स्थानीय महिलाले विरोध बताए",0,0,1,0
520,स्थानीय समुदायले वन संरक्षण अभियानमा सहभागिता बताए,0,0,0,0
521,"नयाँ निर्णयसँगै, सरकारले कृषि बीमामा अनुदान थप्ने घोषणा गर्‍यो",0,0,0,0
522,"स्थानीय तहको विवरण: स्थानीय विवरणअनुसार, पर्यटन पूर्वाधार कमजोर भएको व्यवसायीको असन्तुष्टि",0,0,1,1
523,"यसैबीच, स्थानीय स्रोतका अनुसार, डिजिटल भुक्तानी प्रयोग गर्ने ग्राहकको संख्या बढ्यो",0,0,0,0
524,नयाँ तथ्य सार्वजनिक: पर्यटन पूर्वाधार कमजोर भएको व्यवसायीको असन्तुष्टि ,0,0,1,1
525,"अनुगमनपछि, खेलाडी छनोटमा पक्षपात भएको भन्दै प्रश्न",0,0,1,0
526,सहरी बासिन्दाहरू ले खाद्य सुरक्षा कार्यक्रम बारे एउटै धारणा राख्ने भनाइ सार्वजनिक,0,0,0,0
527,"सम्बन्धित निकायका अनुसार, किसानले उचित मूल्य नपाएको बताउँदै बजारमा विरोध गरे",0,0,1,0
528,बाढीको कहरले बस्ती तहसनहस,0,1,0,0
529,"नयाँ निर्णयसँगै, अन्तिम मिनेटको गोलले समर्थकमा खुसीको लहर",0,0,0,0
530,युवाहरू सम्बन्धी पुरानो धारणा वातावरण संरक्षण योजना को बहसमा फेरि दोहोरियो,0,0,0,0
531,"यसैबीच, सम्बन्धित निकायका अनुसार, विदेश जाने युवाको संख्या बढ्दा गाउँमा श्रमिक अभाव",0,0,0,0
532,अवैध वन फँडानी रोक्न गस्ती बढाइयो,0,0,0,0
533,"घटनाक्रममा आज सार्वजनिक विवरणमा, पर्यटकको भीडले प्रमुख गन्तव्यमा मच्चियो ठूलो चहलपहल",0,1,0,0
534,विपक्षीको विरोधले देशलाई बन्धक बनाएको सरकारको आरोप,1,0,1,0
535,"नयाँ तथ्य सार्वजनिक: स्थानीय विवरणअनुसार, हिमाली क्षेत्रमा मौसम बिग्रिँदा पदयात्री अलपत्र",0,0,0,0
536,"कृषि अनुदान वितरणमा पारदर्शिता माग, कार्यान्वयनका लागि कार्यदल गठन को तयारी",0,0,0,0
537,सरकारले नयाँ कृषि नीति कार्यान्वयन गर्ने तयारी : प्रति सरोकारवालाले मिश्रित प्रतिक्रिया दिएका छन्,0,0,0,0
538,पर्यटकको भीडले प्रमुख गन्तव्यमा मच्चियो ठूलो हलचल ,0,1,0,0
539,"घटनापछि, ट्याक्सी चालकले नयाँ नियमप्रति असन्तुष्टि जनाए",0,0,1,0
540,सबैको ध्यान तान्ने खाद्य सुरक्षा कार्यक्रम को नयाँ घटनाक्रम!,0,0,0,0
541,अनुगमनको क्रममा ट्याक्सी चालकले नयाँ नियमप्रति असन्तुष्टि जनाए,0,0,1,0
542,"यसैबीच, शिक्षक अभावले कक्षा सञ्चालनमा समस्या",0,0,0,0
543,वातावरण क्षेत्रमा सुधारका लागि सरोकारवालाबीच छलफल,0,0,0,0
544,ताजा रिपोर्टअनुसार कृषि कार्यक्रम भन्दै आलोचकको प्रतिक्रिया,0,0,1,0
545,"बैठकपछि, भन्सार दर बढेपछि आयातकर्ता चिन्तामा",0,0,0,0
546,सरकारको कडा कदमले अवैध गतिविधिमा संलग्न समूह त्रसित,0,1,0,0
547,"पछिल्लो घटनामा स्थानीय स्रोतका अनुसार, युवा कलाकारलाई अवसर नदिएको भन्दै आयोजकमाथि प्रश्न",0,0,1,0
548,"कृषि बजारमा बिचौलियाको प्रभावबारे किसानको गुनासो, भोलिदेखि लागू गर्ने तयारी भनिएको छ",0,0,0,0
549,"नयाँ तथ्य सार्वजनिक: अनुगमनपछि, होटलमा पाहुना नआएपछि व्यवसायी निराश",0,0,0,0
550,संसदमा शिक्षा विधेयकमाथि छलफल सुरु,0,0,0,0
551,"घटनाक्रममा अनुगमनपछि, राहत ढिलो पुगेपछि पीडितको आक्रोश चुलियो",0,1,1,0
552,"यसैबीच, फोहोर व्यवस्थापनमा कमजोरी भएपछि बजार क्षेत्र दुर्गन्धित ",0,0,1,0
553,"घटनापछि, वैदेशिक रोजगारीमा ठगी बढेको बताउँदै परिवार चिन्तित",0,0,0,0
554,"स्थानीय विवरणअनुसार, डिजिटल भुक्तानीले ग्रामीण बजारमा कारोबार सहज बनायो",0,0,0,0
555,"अनुगमनको क्रममा सम्बन्धित निकायका अनुसार, वन कार्यालयले अवैध काठ कटानी नियन्त्रणका लागि गस्ती थपेको छ",0,0,0,0
556,"कृषि अनुदान वितरणमा पारदर्शिता माग, आगामी चरणमा समीक्षा गरिने बताइएको छ",0,0,0,0
557,"सम्बन्धित निकायका अनुसार, सुक्खा बढेपछि खानेपानीको माग चुलियो",0,1,0,0
558,"यसैबीच, अनुगमनपछि, प्रहरीमाथि अधिकार दुरुपयोग गरेको आरोप",0,0,1,0
559,"स्थानीय विवरणअनुसार, अल्पसंख्यक समुदायलाई लिएर नेताको टिप्पणी विवादमा",0,0,0,0
560,आलोचनापछि स्थानीय विकास योजना भन्दै आलोचकको प्रतिक्रिया,0,0,1,0
561,"बैठकपछि, पुरानो पाइप फुट्दा बजार क्षेत्र जलमग्न",0,0,0,0
562,नेपाल टेलिकमको सेवाविरुद्ध उपभोक्ताहरूको राष्ट्रिय स्तरमा गुनासो,0,0,1,0
563,"यसैबीच, साना उद्योगलाई कर छुट दिने प्रस्ताव मन्त्रिपरिषद्मा पेश ",0,0,0,0
564,"स्थानीय तहको विवरण: नयाँ निर्णयसँगै, सरकारले ऊर्जा निर्यात बढाउने लक्ष्य सार्वजनिक गर्‍यो",0,0,0,0
565,"घटनापछि, फुटपाथ अतिक्रमण हटाएपछि पैदल यात्रुलाई सहज",0,0,0,0
566,लागुऔषध कारोबारमा संलग्न रहेको आरोपमा अन्तर्राष्ट्रिय गिरोहका सदस्य पक्राउ,0,0,0,0
567,"यसैबीच, उपभोक्ताले गुणस्तरहीन सामान बिक्री भइरहेको असन्तुष्टि गरे ",0,0,1,0
568,"पछिल्लो घटनामा सम्बन्धित निकायका अनुसार, अनलाइन पढाइले दुर्गम क्षेत्रका विद्यार्थीलाई नयाँ अवसर",0,0,0,0
569,"पछिल्लो घटनामा घटनापछि, व्यापारीले माग घटेको भन्दै बिक्री कमजोर भएको जनाए",0,0,1,0
570,"छलफलपछि, पहिरोले गाउँको बाटो काटेपछि जनजीवन असर परेको",0,0,0,0
571,"नयाँ निर्णयसँगै, धारामा पानी नआएपछि स्थानीय महिलाले विरोध जनाए",0,0,1,0
572,"स्थानीय विकास योजना ले ल्यायो ठूलो बहस, सामाजिक सञ्जालमा चर्चा!",0,0,0,0
573,नयाँ तथ्य सार्वजनिक: पहाडी क्षेत्रमा जथाभावी सडक खन्दा पहिरोको जोखिम,0,0,0,0
574,"सम्बन्धित निकायका अनुसार, औषधि नपाउँदा बिरामीका आफन्तले आकस्मिक विरोध गरे",0,0,1,0
575,"सरकारले नयाँ कृषि नीति कार्यान्वयन गर्ने तयारी, प्रति सरोकारवालाले मिश्रित प्रतिक्रिया दिएका छन् बताइएको छ",0,0,0,0
576,घटनाक्रममा सवालपत्र चुहावटको खबरले शिक्षाक्षेत्रमा सनसनी — आजको अपडेट,0,1,0,0
577,"घटनाक्रममा घटनापछि, डढेलो फैलिएपछि जंगलमा भयावह अवस्था",0,1,0,0
578,सगरमाथा क्षेत्रमा बढ्दो फोहोर व्यवस्थापनका लागि नयाँ नियम लागू ,0,0,0,0
579,निर्णयसँगै युवा नीति भन्दै पक्षको दाबी,0,0,1,0
580,विपक्षी दलले यातायात नीति असफल भएको आरोप लगायो — आजको अपडेट,1,0,1,0
581,"स्थानीय स्रोतका अनुसार, नयाँ लगानी आएपछि औद्योगिक क्षेत्रमा उत्साह",0,0,0,0
582,"आज सार्वजनिक जानकारीअनुसार, नयाँ संग्रहालय खुलेपछि सांस्कृतिक पर्यटनमा आशा",0,0,0,0
583,"आज सार्वजनिक जानकारीअनुसार, नदी सफाइ अभियानमा सयौँ स्वयंसेवक सहभागी",0,0,0,0
584,सार्वजनिक तथ्यांकअनुसार खाद्य सुरक्षा कार्यक्रम भन्दै पक्षको दाबी,0,0,1,0
585,"घटनापछि, जंगली जनावर बस्तीमा पसेपछि स्थानीयमा त्रास",0,1,0,0
586,"पछिल्लो घटनामा नयाँ निर्णयसँगै, व्यापारीले माग घटेको भन्दै बिक्री कमजोर भएको जनाए",0,0,1,0
587,"स्थानीय तहको विवरण: पछिल्लो विवरणअनुसार, धारामा पानी नआएपछि स्थानीयले कार्यालय घेराउ गरे",0,0,0,0
588,"घटनापछि, कृषकहरू नयाँ प्रविधि सिक्नै नचाहने आरोप",0,0,0,0
589,घटनाक्रममा प्रहरीमाथि अधिकार दुरुपयोग गरेको दाबी ,0,0,1,0
590,"सरकारले नयाँ कृषि नीति कार्यान्वयन गर्ने तयारी, प्रति सरोकारवालाले मिश्रित प्रतिक्रिया दिएका छन्",0,0,0,0
591,किसानहरू लाई सार्वजनिक यातायात सुधार को मुख्य जिम्मेवार पक्षका रूपमा चित्रण,0,0,0,0
592,"नयाँ निर्णयसँगै, सडक विस्तारले वन क्षेत्रमा असर पर्ने वातावरणविद्को चेतावनी",0,0,0,0
593,"सरकारले नयाँ कृषि नीति कार्यान्वयन गर्ने तयारी, स्थानीय तहलाई आवश्यक निर्देशन दिइएको छ का लागि पहल",0,0,0,0
594,"पछिल्लो घटनामा आज सार्वजनिक विवरणमा, विद्यार्थीहरू पढाइमा ध्यानै नदिने भएको दाबी सामाजिक सञ्जालमा",0,0,0,0
595,"बैठकपछि, विपद् व्यवस्थापनमा सरकारको तयारी कमजोर भएको दाबी",0,0,1,0
596,"बैठकपछि, स्थानीय उत्पादनले बजारमा प्रतिस्पर्धा बढायो",0,0,0,0
597,"अनुगमनपछि, उडान रद्द हुँदा विमानस्थलमा यात्रुको बिचल्ली",0,0,0,0
598,मन्त्रीको बयानले विवाद चर्कियो,0,1,0,0
599,घटनाक्रममा सरकारले सामुदायिक विद्यालयको भवन निर्माणका लागि अनुदान थपेको छ ,0,0,0,0
600,"स्थानीय विवरणअनुसार, विद्युत् महसुल बढाउने प्रस्तावप्रति उपभोक्ता असन्तुष्ट",0,0,0,0
601,"यसैबीच, विदेशी पर्यटकलाई लक्षित नयाँ पर्यटन अभियान सुरु ",0,0,0,0
602,"आज सार्वजनिक जानकारीअनुसार, परीक्षा प्रश्नपत्र चुहावटको खबरले शैक्षिक क्षेत्रमा हलचल",0,0,0,0
603,स्थानीय बासिन्दाहरू लाई कर नीति को मुख्य जिम्मेवार पक्षका रूपमा चित्रण,0,0,0,0
604,"यसैबीच, स्थानीय विवरणअनुसार, साइबर अपराधीको गिरोह सक्रिय भएको भन्दै त्रास",0,0,1,0
605,"कृषि अनुदान वितरणमा पारदर्शिता माग, सरोकारवालासँग परामर्श जारी बताइएको छ",0,0,0,0
606,भूकम्पको धक्कापछि पुराना घरमा चर्किएका भित्ता,0,0,0,0
607,"स्थानीय तहको विवरण: छलफलपछि, ठेकेदारको लापरबाहीले आयोजना वर्षौँदेखि अधुरो",0,0,0,0
608,आलोचनापछि पर्यटन अभियान भन्दै पक्षको दाबी,0,0,1,0
609,"कृषि बजारमा बिचौलियाको प्रभावबारे किसानको गुनासो, भोलिदेखि लागू गर्ने तयारी जनाइएको छ",0,0,0,0
610,"सम्बन्धित निकायका अनुसार, पार्कको उद्घाटनमा अपेक्षाभन्दा ठूलो भीड",0,0,0,0
611,"पछिल्लो घटनामा सम्बन्धित निकायका अनुसार, पर्यटकहरू स्थानीय संस्कृतिको सम्मान नगर्ने गरेको आरोप",0,0,0,0
612,नयाँ तथ्य सार्वजनिक: सुरक्षाकर्मीले प्रदर्शनकारीमाथि बल प्रयोग गरेको आरोप,0,0,0,0
613,विद्यार्थीहरू अनुशासनहीन बन्दै गएको टिप्पणी विवादमा ,0,0,0,1
614,"घटनापछि, स्थानीय बस सेवा विस्तार भएपछि यात्रुको समय बचत",0,0,0,0
615,"यसैबीच, अनलाइन कक्षाले दुर्गम विद्यार्थीलाई पढाइमा जोड्ने प्रयास ",0,0,0,0
616,"नयाँ तथ्य सार्वजनिक: आज सार्वजनिक विवरणमा, पर्यटकीय क्षेत्रमा आगन्तुक बढेपछि होटल व्यवसाय चलायमान",0,0,0,0
617,सरकारले अर्थतन्त्र क्षेत्रमा नयाँ कार्यक्रम सुरु गर्ने घोषणा गर्‍यो,0,0,0,0
618,"अनुगमनको क्रममा अनुगमनपछि, स्वास्थ्यकर्मीमाथि दुर्व्यवहार बढेको भन्दै सुरक्षा माग",0,0,1,0
619,सार्वजनिक तथ्यांकअनुसार स्थानीय विकास योजना बारे सरोकारवालाको चासो,0,0,0,0
620,किसान ले नयाँ कार्यक्रमबाट राहतको अपेक्षा गरे,0,0,0,0
621,"स्थानीय तहमा स्वास्थ्यकर्मीमाथि दुर्व्यवहार बढेको भन्दै सुरक्षा माग ,",0,0,1,0
622,युवाहरू को व्यवहारलाई जलस्रोत आयोजना सँग जोडेर गरिएको टिप्पणी विवादमा,0,0,0,0
623,कलेज शुल्क बढेपछि विद्यार्थी संगठन आन्दोलित,0,0,0,0
624,"बैठकपछि, धारामा पानी नआएपछि स्थानीय महिलाले विरोध बताए",0,0,1,0
625,"यसैबीच, पछिल्लो विवरणअनुसार, तरकारीको मूल्य घटेपछि उपभोक्तालाई केही राहत",0,0,0,0
626,"आज सार्वजनिक जानकारीअनुसार, विपक्षी दलले स्वास्थ्य बजेट अपर्याप्त भएको बताउँदै सरकारको आलोचना गर्‍यो",1,0,1,0
627,"पछिल्लो विवरणअनुसार, परीक्षा नतिजा कमजोर आएपछि विद्यालयले अतिरिक्त कक्षा सुरु गर्‍यो",0,0,0,0
628,"स्थानीय तहको विवरण: छलफलपछि, सरकारले विद्युतीय बसका लागि अनुदान दिने घोषणा गर्‍यो",0,0,0,0
629,किसानहरू का मानिसहरू सार्वजनिक यातायात सुधार बाट सबैभन्दा बढी प्रभावित हुने दाबी,0,0,0,1
630,"घटनाक्रममा नयाँ निर्णयसँगै, विद्युत् प्राधिकरणले मर्मतपछि आपूर्ति सामान्य भएको बताएको छ",0,0,0,0
631,"नयाँ तथ्य सार्वजनिक: स्थानीय स्रोतका अनुसार, उद्योग बन्द हुने क्रम बढेपछि व्यवसायी चिन्तित",0,0,0,0
632,"पछिल्लो घटनामा स्थानीय स्रोतका अनुसार, राजमार्गमा दुर्घटना बढेपछि ट्राफिक प्रहरीले निगरानी थपेको छ",0,0,0,0
633,नयाँ तथ्य सार्वजनिक: युवा कलाकारलाई अवसर नदिएको भन्दै आयोजकमाथि प्रश्न ,0,0,1,0
634,साना उद्यमीहरू को व्यवहारलाई ऊर्जा परियोजना सँग जोडेर गरिएको टिप्पणी विवादमा,0,0,0,0
635,"स्थानीय तहको विवरण: स्थानीय विवरणअनुसार, सुक्खा बढेपछि खानेपानीको माग चुलियो",0,1,0,0
636,"स्थानीय तहको विवरण: घटनापछि, सरकारले स्थानीय स्वास्थ्य केन्द्रमा प्रयोगशाला सेवा विस्तार गर्ने निर्णय गर्‍यो",0,0,0,0
637,घटनाक्रममा औषधि नपाएपछि बिरामीका आफन्त अस्पताल प्रशासनसँग आक्रोशित ,0,1,1,0
638,"पछिल्लो घटनाक्रम: बैठकपछि, विपक्षी दलले स्वास्थ्य बजेट अपर्याप्त भएको बताउँदै सरकारको आलोचना गर्‍यो",1,0,1,0
639,"नयाँ निर्णयसँगै, किसानले उचित मूल्य नपाएको भन्दै बजारमा विरोध गरे",0,0,1,0
640,"सम्बन्धित निकायका अनुसार, रेल ढिलो भएपछि यात्रुमा असन्तुष्टि",0,0,1,0
641,"नयाँ निर्णयसँगै, अनलाइन पढाइले दुर्गम क्षेत्रका विद्यार्थीलाई नयाँ अवसर",0,0,0,0
642,नीतिले शिक्षा क्षेत्रलाई बेवास्ता गरेको आलोचना,0,0,1,0
643,"नयाँ निर्णयसँगै, सरकारले नयाँ पर्यटन वर्षका लागि प्रचार अभियान सुरु गरेको छ",0,0,0,0
644,बैंकिङ प्रणालीमा समस्या आएपछि ग्राहकमा अन्योल ,0,0,0,0
645,घटनाक्रममा साना उद्योगलाई कर छुट दिने प्रस्ताव मन्त्रिपरिषद्मा पेश ,0,0,0,0
646,पछिल्लो घटनाक्रम: शिक्षक संघले शिक्षा नीतिलाई व्यवहारिक नभएको आरोप लगायो ,0,0,0,0
647,नयाँ विमानस्थल सञ्चालनमा आएपछि क्षेत्रीय सम्पर्क सहज ,0,0,0,0
648,"यसैबीच, बैठकपछि, शिक्षक अभावका कारण विद्यालयको नियमित पठनपाठन असर परेको",0,0,0,0
649,"सरकारले नयाँ कृषि नीति कार्यान्वयन गर्ने तयारी, स्थानीय तहलाई आवश्यक निर्देशन दिइएको छ बताइएको छ",0,0,0,0
650,"नयाँ तथ्य सार्वजनिक: घटनापछि, अँध्यारो सडकमा दुर्घटनाको जोखिम बढेको स्थानीयको असन्तुष्टि",0,0,1,0
651,"कृषि अनुदान वितरणमा पारदर्शिता माग, प्रभावबारे विज्ञले अध्ययन आवश्यक बताएका छन् हुने अपेक्षा",0,0,0,0
652,कृषि अनुदान वितरणमा पारदर्शिता माग : समस्या समाधान गर्न पहल थालिएको छ,0,0,0,0
653,स्वास्थ्य बीमाको भुक्तानीमा ढिलाइ हुँदा अस्पताल समस्यामा,0,0,0,0
654,अनुगमनको क्रममा बस दुर्घटनाले यात्रुमा त्रास फैलियो ,0,1,0,0
655,ग्रामीण समुदाय ले शिक्षा नीति बारे एउटै धारणा राख्ने भनाइ सार्वजनिक,0,0,0,0
656,"घटनापछि, व्यापारीले माग घटेको भन्दै बिक्री कमजोर भएको जनाए",0,0,1,0
657,घटनाक्रममा तरकारीको मूल्य अकस्मात बढ्दा बजारमा हाहाकार ,0,1,0,0
658,सहकारी बचतकर्ताले रकम फिर्ताको माग गर्दै प्रदर्शन गरे,0,0,0,0
659,विपक्षीको विरोधका बाबजुद सरकार आफ्नो योजनामा अडिग,1,0,1,0
660,"निर्णयपछि अनुगमनपछि, खेलाडी छनोटमा पक्षपात भएको भन्दै प्रश्न",0,0,1,0
661,"अनुगमनपछि, अल्पसंख्यक समुदायलाई लिएर नेताको टिप्पणी विवादमा",0,0,0,0
662,"कृषि बजारमा बिचौलियाको प्रभावबारे किसानको गुनासो, आगामी चरणमा समीक्षा गरिने का लागि पहल",0,0,0,0
663,पछिल्लो घटनामा स्वास्थ्यकर्मीमाथि दुर्व्यवहार बढेको भन्दै सुरक्षा माग ,0,0,1,0
664,युवा पुस्ता मेहनतबाट भागिरहेको टिप्पणीप्रति विरोध,0,0,1,0
665,"घटनाक्रममा अनुगमनपछि, विद्यार्थीहरू पढाइमा गम्भीर नहुने भन्दै आलोचना",0,0,1,0
666,"सरकारले नयाँ कृषि नीति कार्यान्वयन गर्ने तयारी, समस्या समाधान गर्न पहल थालिएको छ जनाइएको छ",0,0,0,0
667,"स्थानीय तहको विवरण: पछिल्लो विवरणअनुसार, वन फँडानी रोक्न स्थानीय समूह सक्रिय",0,0,0,0
668,"घटनाक्रममा नयाँ निर्णयसँगै, सवालपत्र चुहावटको खबरले शिक्षाक्षेत्रमा सनसनी",0,1,0,0
669,विपद् व्यवस्थापनका लागि सरकारसँग पर्याप्त पूर्वाधार नरहेको पुष्टि,0,0,0,0
670,"घटनाक्रममा घटनापछि, खेलाडी छनोटमा पारदर्शिता नभएको भन्दै प्रश्न उठाइएको छ",0,0,1,0
671,छलफलबीच युवा नीति भन्दै पक्षको दाबी,0,0,1,0
672,"अनुगमनपछि, प्रहरीले साइबर अपराधविरुद्ध विशेष अभियान सुरु गरेको छ",0,0,1,0
673,"यसैबीच, सौर्य ऊर्जाको प्रयोग बढाउन स्थानीय तहको योजना ",0,0,0,0
674,अनुगमनको क्रममा सरकारले सामुदायिक विद्यालयको भवन निर्माणका लागि अनुदान थपेको छ ,0,0,0,0
675,"बैठकपछि, वृद्धहरूलाई डिजिटल स्वास्थ्य सेवा प्रयोग गर्न कठिन भएको गुनासो",0,0,0,0
676,स्थानीय तहको विवरण: परीक्षा परिणाम सार्वजनिक भएपछि विद्यालयमा मिश्रित प्रतिक्रिया,0,0,0,0
677,अपांगता भएका व्यक्तिका लागि सार्वजनिक सेवा पहुँचयोग्य बनाउने योजना ,0,0,0,0
678,"पछिल्लो घटनाक्रम: पछिल्लो विवरणअनुसार, अनलाइन ठगीको जालो फैलिँदा सर्वसाधारण त्रसित",0,0,0,0
679,"नयाँ निर्णयसँगै, विद्युत् महसुल बढाउने प्रस्तावप्रति उपभोक्ता असन्तुष्ट",0,0,0,0
680,युवाहरू ले निर्वाचन तयारी बारे एउटै धारणा राख्ने भनाइ सार्वजनिक,0,0,0,0
681,"स्थानीय तहको विवरण: पछिल्लो विवरणअनुसार, स्थानीय कृषि मेलामा मौलिक उत्पादनको प्रदर्शनी",0,0,0,0
682,सडक विस्तारले वन क्षेत्रमा असर पर्ने वातावरणविद्को चेतावनी ,0,0,0,0
683,किसानहरू लाई स्थानीय विकास योजना को मुख्य जिम्मेवार पक्षका रूपमा चित्रण,0,0,0,0
684,किसानले उत्पादनको उचित मूल्य मागे : समस्या समाधान गर्न पहल थालिएको छ,0,0,0,0
685,"कृषि अनुदान वितरणमा पारदर्शिता माग, आगामी चरणमा समीक्षा गरिने का लागि पहल",0,0,0,0
686,"बैठकपछि, जंगली जनावर बस्तीमा पस्दा स्थानीयमा त्रास",0,1,0,0
687,"घटनाक्रममा स्थानीय विवरणअनुसार, नगरपालिकाको सफाइ अभियानले सडकको रूप फेरिएको दाबी",0,0,0,0
688,"बैठकपछि, समावेशी नीतिको कार्यान्वयन कमजोर भएको अधिकारकर्मीको दाबी",0,0,1,0
689,महिला कर्मचारी भावनात्मक निर्णय गर्ने आरोप,0,0,0,1
690,समावेशी नीतिको कार्यान्वयन कमजोर भएको अधिकारकर्मीको आरोप,0,0,1,0
691,"अनुगमनपछि, भन्सार दर बढेपछि आयातकर्ता चिन्तित",0,0,0,0
692,"आज सार्वजनिक विवरणमा, पर्यटकको भीडले प्रमुख गन्तव्यमा मच्चियो ठूलो चहलपहल",0,1,0,0
693,"घटनाक्रममा सम्बन्धित निकायका अनुसार, सरकारले वैदेशिक रोजगारीमा जाने कामदारका लागि नयाँ व्यवस्था गर्‍यो",0,0,0,0
694,"आज सार्वजनिक जानकारीअनुसार, किसानले उचित मूल्य नपाएको बताउँदै बजारमा विरोध गरे",0,0,1,0
695,घटनाक्रममा अन्तिम मिनेटको गोलले टोलीलाई रोमाञ्चक जित ,0,0,0,0
696,घटनाक्रममा केन्द्रीय बैंकले मौद्रिक नीतिमा केही व्यवस्था परिवर्तन गर्‍यो ,0,0,0,0
697,नयाँ तथ्य सार्वजनिक: प्रहरीमाथि अधिकार दुरुपयोग गरेको दाबी ,0,0,1,0
698,"अनुगमनपछि, अत्यधिक वर्षाले खेत डुबाउँदा किसानमा निराशा",0,0,0,0
699,"पछिल्लो विवरणअनुसार, यात्रामा महिलाले असुरक्षित महसुस गर्ने गरेको सर्वेक्षण",0,0,0,1
700,सरकारले नयाँ कृषि नीति कार्यान्वयन गर्ने तयारी — समस्या समाधान गर्न पहल थालिएको छ,0,0,0,0
701,"छलफलपछि, किसानले उचित मूल्य नपाएको भन्दै बजारमा विरोध गरे",0,0,1,0
702,कर बढेपछि उद्योगीले सरकारको नीतिमाथि प्रश्न उठाए,0,0,0,0
703,"सम्बन्धित निकायका अनुसार, मौसम पूर्वानुमान प्रणाली सुधार्न सरकारले योजना बनायो",0,0,0,0
704,स्थानीय तहको विवरण: मन्त्रीले नयाँ स्वास्थ्य कार्यक्रमलाई महत्वपूर्ण उपलब्धि भएको दाबी गरे ,0,0,0,0
705,"बैठकपछि, अस्पतालले मुटु उपचारका लागि नयाँ उपकरण जडान गर्‍यो",0,0,0,0
706,"सिँचाइ आयोजना सम्पन्न गर्न स्थानीयले दबाब दिए, भोलिदेखि लागू गर्ने तयारी का लागि पहल",0,0,0,0
707,"पछिल्लो विवरणअनुसार, शिक्षक संगठनले शिक्षा बजेट पर्याप्त नभएको बतायो",0,0,0,0
708,घटनाक्रममा सीमावर्ती बजारमा कारोबार घटेपछि व्यापारी असन्तुष्ट,0,0,0,0
709,कृषि अनुदान वितरणमा पारदर्शिता माग; सम्बन्धमा थप छलफल सुरु,0,0,0,0
710,आलोचनापछि स्थानीय विकास योजना बारे सरोकारवालाको चासो,0,0,1,0
711,"घटनापछि, राहत नपुगेपछि पीडितको आक्रोश चुलियो",0,1,1,0
712,घटनाक्रममा युवा कलाकारलाई अवसर नदिएको भन्दै आयोजकमाथि सवाल,0,0,1,0
713,"आज सार्वजनिक जानकारीअनुसार, पहिरोले गाउँको बाटो काटेपछि जनजीवन असर परेको",0,0,0,0
714,"स्थानीय तहको विवरण: आज सार्वजनिक जानकारीअनुसार, सरकारले साना उद्योगलाई कर छुट दिने प्रस्ताव अघि बढायो",0,0,0,0
715,"अनुगमनपछि, प्रहरीले साइबर अपराधविरुद्ध विशेष अभियान सुरु गर्‍यो",0,0,1,0
716,यातायात सम्बन्धी सामाजिक सञ्जालमा फैलिएको दाबी विवादमा,0,0,0,0
717,अनुगमनको क्रममा संगीत कार्यक्रमको टिकट महँगो भएपछि दर्शक असन्तुष्ट ,0,0,0,0
718,निर्णयपछि भवन निर्माणमा मापदण्ड पालना नगरेको दाबी ,0,0,0,0
719,स्थानीयवासी ले नयाँ कार्यक्रमबाट राहतको अपेक्षा गरे,0,0,0,0
720,"घटनाक्रममा पछिल्लो विवरणअनुसार, विपद् व्यवस्थापनमा सरकारको तयारी कमजोर भएको दाबी",0,0,1,0
721,"घटनाक्रममा स्थानीय स्रोतका अनुसार, पहिरोले सडक बगाएपछि यातायात पूर्ण रूपमा ठप्प",0,0,0,0
722,पछिल्लो घटनामा सडकमा एकपछि अर्को दुर्घटनाले यात्रुमा त्रास ,0,1,0,0
723,"घटनापछि, सीमावर्ती बजारमा तस्करी नियन्त्रणका लागि संयुक्त गस्ती",0,0,0,0
724,घटनाक्रममा कामदारमाथि अन्याय भएको बताउँदै उद्योग अगाडि प्रदर्शन,0,0,0,0
725,"नयाँ निर्णयसँगै, हिमाली क्षेत्रमा अचानक मौसम बिग्रिँदा पदयात्री अलपत्र",0,1,0,0
726,"अनुगमनको क्रममा बैठकपछि, अल्पसंख्यक समुदायलाई लक्षित टिप्पणीप्रति विरोध",0,0,1,0
727,सरकारको पर्यटन योजना सफल हुने मन्त्रीको दाबी,0,0,0,0
728,नगरपालिकाले खानेपानी पाइप विस्तारको काम अघि बढायो ,0,0,0,0
729,यात्रु ले नयाँ कार्यक्रमबाट राहतको अपेक्षा गरे,0,0,0,0
730,अनुगमनको क्रममा कर बढेपछि उद्योगीले सरकारी नीतिप्रति असन्तुष्टि बताए ,1,0,1,0
731,"छलफलपछि, चाडपर्वमा सुरक्षा व्यवस्था कडा पारियो",0,0,0,0
732,सरकारको प्रविधि योजना सफल हुने मन्त्रीको दाबी,0,0,0,0
733,कृषि बजारमा बिचौलियाको प्रभावबारे किसानको गुनासो : स्थानीय तहलाई आवश्यक निर्देशन दिइएको छ,0,0,0,0
734,प्रविधि संकट गहिरिँदै गएको विज्ञको चेतावनी,0,0,0,0
735,"स्थानीय तहको विवरण: छलफलपछि, वृद्ध नागरिकले सामाजिक सुरक्षा भत्ता बढाउन माग गरे",0,0,0,0
736,स्थानीय बासिन्दाहरू लाई रोजगारी योजना को मुख्य जिम्मेवार पक्षका रूपमा चित्रण,0,0,0,0
737,"स्थानीय तहमा आज सार्वजनिक विवरणमा, अँध्यारो सडकमा दुर्घटनाको जोखिम बढेको स्थानीयको असन्तुष्टि,",0,0,1,0
738,"यसैबीच, स्थानीय विवरणअनुसार, ठगीको खबर फैलिएपछि सामाजिक सञ्जालमा हल्ला",0,0,0,0
739,"बैठकपछि, खेलाडी छनोटमा पारदर्शिता नभएको भन्दै प्रश्न उठ्यो",0,0,1,0
740,"बैठकपछि, तस्करीको घटनाले सीमाक्षेत्रमा ठूलो सनसनी",0,1,0,0
741,"पछिल्लो घटनाक्रम: घटनापछि, कारखाना बन्द हुँदा सयौँ श्रमिकको आम्दानी रोकियो",0,0,0,0
742,सहरका मानिस गाउँको समस्या नबुझ्ने आरोप,0,0,0,0
743,"घटनाक्रममा सम्बन्धित निकायका अनुसार, खेलाडीलाई कमजोर ठान्ने टिप्पणीपछि प्रशिक्षक विवादमा",0,0,0,0
744,मन्त्रीको निर्णयले यात्रुलाई ठूलो राहत पुगेको दाबी ,0,0,0,0
745,"यसैबीच, बेरोजगारी बढेपछि युवामा भविष्यबारे चिन्ता ",0,0,0,0
746,घटनाक्रममा होटलमा ग्राहक नआएपछि व्यवसायी निराश ,0,0,0,0
747,"कृषि अनुदान वितरणमा पारदर्शिता माग, कार्यान्वयनका लागि कार्यदल गठन बताइएको छ",0,0,0,0
748,"पछिल्लो घटनाक्रम: सम्बन्धित निकायका अनुसार, सार्वजनिक यातायातको नयाँ रुटले यात्राको समय घटायो",0,0,0,0
749,स्थानीय तहको विवरण: सडक मर्मत ढिलो भएपछि स्थानीयले जनप्रतिनिधिसँग सवाल गरे ,0,0,0,0
750,घटनाक्रममा धान उत्पादन बढेपछि किसानमा उत्साह ,0,0,0,0
751,"यसैबीच, स्थानीय स्रोतका अनुसार, सहकारी बचतकर्ताले रकम फिर्ताको माग गर्दै प्रदर्शन गरे",0,0,0,0
752,पछिल्लो घटनाक्रम: खेलाडी छनोटमा पक्षपात भएको बताउँदै प्रश्न,0,0,0,0
753,"यसैबीच, अनुगमनपछि, खेल संघले राष्ट्रिय प्रतियोगिताको मिति सार्वजनिक गर्‍यो",0,0,0,0
754,"निर्णयपछि स्थानीय विवरणअनुसार, विपक्षी दलले स्वास्थ्य बजेट अपर्याप्त भएको भन्दै सरकारको आलोचना गर्‍यो",1,0,1,0
755,नयाँ संग्रहालय खुलेपछि सांस्कृतिक पर्यटनमा आशा ,0,0,0,0
756,स्थानीय तहको विवरण: साहित्य महोत्सवमा लेखकहरूले अभिव्यक्ति स्वतन्त्रताबारे बहस गरे ,0,0,0,0
757,"सरकारले नयाँ कृषि नीति कार्यान्वयन गर्ने तयारी, कार्यान्वयनका लागि कार्यदल गठन का लागि पहल",0,0,0,0
758,आलोचनापछि कृषि कार्यक्रम बारे बहस सुरु,0,0,1,0
759,"छलफलपछि, विपक्षी दलले यातायात नीति असफल भएको आरोप लगायो",1,0,1,0
760,"पछिल्लो विवरणअनुसार, सरकारले सामाजिक सुरक्षा भत्ता समायोजन गर्ने तयारी",0,0,0,0
761,"नयाँ तथ्य सार्वजनिक: नयाँ निर्णयसँगै, सरकारले आलोचनालाई बेवास्ता गर्दै योजना अघि बढाएको आरोप",1,0,1,0
762,स्थानीय तहका उपप्रमुखहरूको अधिकार कटौती गरिएको भन्दै तीव्र आक्रोश ,0,0,1,0
763,"नयाँ तथ्य सार्वजनिक: आज सार्वजनिक विवरणमा, असिनाले फलफूलमा क्षति पुर्‍याएपछि किसान चिन्तित",0,0,0,0
764,"नयाँ तथ्य सार्वजनिक: छलफलपछि, उद्योग क्षेत्रमा लगानी बढेपछि व्यवसायी उत्साहित",0,0,0,0
765,"घटनाक्रममा बैठकपछि, पहाडी क्षेत्रमा जथाभावी सडक खन्दा पहिरोको जोखिम",0,0,0,0
766,"पछिल्लो घटनाक्रम: बैठकपछि, सुक्खा बढेपछि खानेपानीको माग चुलियो",0,1,0,0
767,स्थानीय तहको विवरण: शहरको मुख्य चोकमा पानी जम्दा आवागमन असर परेको ,0,0,0,0
768,"सम्बन्धित निकायका अनुसार, तरकारी व्यापारीमाथि कालोबजारीको दाबी",0,0,0,0
769,"किसानले उत्पादनको उचित मूल्य मागे, समस्या समाधान गर्न पहल थालिएको छ का लागि पहल",0,0,0,0
770,"आज सार्वजनिक जानकारीअनुसार, विमानस्थल व्यवस्थापनमा लापरबाही भएको यात्रुको दाबी",0,0,0,0
771,"घटनाक्रममा स्थानीय स्रोतका अनुसार, कलाकारको नयाँ सिर्जनाले कला क्षेत्रमा ठूलो हलचल",0,0,0,0
772,"अनुगमनपछि, भूकम्पको धक्कापछि पुराना घरमा चर्किएका भित्ता",0,0,0,0
773,सरकारले निर्वाचन प्रक्रिया प्रभावित गर्न खोजेको विपक्षीको आरोप,1,0,0,0
774,"छलफलपछि, हिमाली क्षेत्रमा अचानक मौसम बिग्रिँदा पदयात्री अलपत्र",0,1,0,0
775,सरकारको निर्णयले जनतालाई ठूलो राहत पुग्ने सत्तापक्षको दाबी,0,0,0,0
776,"छलफलपछि, डढेलो फैलिँदा जंगलमा भयावह अवस्था",0,1,0,0
777,निर्णयपछि केन्द्रीय बैंकले मौद्रिक नीतिमा केही व्यवस्था परिवर्तन गर्‍यो,0,0,0,0
778,घटनाक्रममा पानीको अभावले महिलाको दैनिक श्रम बढेको अध्ययन ,0,0,0,0
779,"स्थानीय तहमा बैठकपछि, चुनावी प्रचारमा नेताहरूले मतदातासँग नयाँ प्रतिबद्धता बताए,",0,0,0,0
780,"छलफलपछि, प्रहरीले साइबर अपराधविरुद्ध विशेष अभियान सुरु गर्‍यो",0,0,1,0
781,"यसैबीच, सम्बन्धित निकायका अनुसार, नयाँ एम्बुलेन्स थपिएपछि आकस्मिक सेवा सहज हुने अपेक्षा",0,0,0,0
782,"यसैबीच, पछिल्लो विवरणअनुसार, युवा खेलाडीलाई राष्ट्रिय टोलीमा अवसर",0,0,0,0
783,अनुगमनको क्रममा लोडसेडिङ फर्किएको हल्लाले उपभोक्तामा अनावश्यक त्रास ,0,1,0,0
784,"छलफलपछि, पर्यटकहरू स्थानीय नियम पालना नगर्ने गरेको आरोप",0,0,0,0
785,घटनाक्रममा खानेपानी आयोजना वर्षौँदेखि अलपत्र परेको स्थानीयको गुनासो ,0,0,0,0
786,नयाँ तथ्य सार्वजनिक: सीमावर्ती बजारमा कारोबार घटेपछि व्यापारी असन्तुष्ट ,0,0,0,0
787,"पछिल्लो विवरणअनुसार, उडान रद्द हुँदा विमानस्थलमा यात्रुको बिचल्ली",0,0,0,0
788,"पछिल्लो घटनामा नयाँ निर्णयसँगै, कृषि उपज बिक्री नभएपछि किसानले घाटा व्यहोर्नुपरेको असन्तुष्टि",0,0,1,0
789,घटनाक्रममा विद्युत् प्राधिकरणले मर्मतपछि आपूर्ति सामान्य भएको बताएको छ,0,0,0,0
790,अनुगमनको क्रममा विपक्षी दलले स्वास्थ्य बजेट अपर्याप्त भएको भन्दै सरकारको आलोचना गर्‍यो ,1,0,1,0
791,"स्थानीय तहमा पार्क निर्माणपछि बालबालिकाका लागि नयाँ स्थान उपलब्ध ,",0,0,0,0
792,नयाँ विवरणअनुसार कर नीति भन्दै आलोचकको प्रतिक्रिया,0,0,1,0
793,"स्थानीय विवरणअनुसार, अस्पतालको लापरबाहीले बिरामीको ज्यान जोखिममा परेको आरोप",0,0,0,0
794,आलोचनापछि पूर्वाधार आयोजना बारे मिश्रित प्रतिक्रिया,0,0,1,0
795,निर्णयपछि ट्याक्सी चालकले नयाँ नियमप्रति असन्तुष्टि बताए ,0,0,1,0
796,"निर्णयपछि पछिल्लो विवरणअनुसार, शिक्षक संघले शिक्षा नीतिलाई व्यवहारिक नभएको दाबी लगायो",0,0,0,0
797,श्रमिकहरू काममा ढिलासुस्ती गर्ने आरोपप्रति युनियनको आपत्ति ,0,0,0,0
798,"नयाँ तथ्य सार्वजनिक: घटनापछि, मन्त्रीले नयाँ स्वास्थ्य कार्यक्रमलाई महत्वपूर्ण उपलब्धि भएको दाबी गरे",0,0,0,0
799,"यसैबीच, सम्बन्धित निकायका अनुसार, विद्युत् प्राधिकरणले मर्मतपछि आपूर्ति सामान्य भएको जनाएको छ",0,0,0,0
800,"छलफलपछि, स्वास्थ्यकर्मीमाथि दुर्व्यवहार बढेको भन्दै सुरक्षा माग",0,0,1,0
801,स्थानीय तहको विवरण: पहाडी क्षेत्रमा जथाभावी सडक खन्दा पहिरोको जोखिम ,0,0,0,0
802,पछिल्लो घटनामा लामो समय विद्युत् अवरुद्ध हुँदा उद्योगमा करोडौँको क्षति भएको दाबी ,0,0,0,0
803,"नयाँ निर्णयसँगै, विद्यार्थीहरू अनुशासनहीन बन्दै गएको टिप्पणी विवादमा",0,0,0,1
804,प्रदूषण नियन्त्रण गर्न असफल भएको भन्दै वातावरणविद्हरूद्वारा सरकारको आलोचना ,1,0,1,0
805,"अनुगमनपछि, राजमार्गमा दुर्घटना बढेपछि ट्राफिक प्रहरीले निगरानी थपेको छ",0,0,0,0
806,"सम्बन्धित निकायका अनुसार, किसानले उचित मूल्य नपाएको भन्दै बजारमा विरोध गरे",0,0,1,0
807,"सिँचाइ आयोजना सम्पन्न गर्न स्थानीयले दबाब दिए, बारे मन्त्रालयले जानकारी दिएको छ का लागि पहल",0,0,0,0
808,"यसैबीच, शहरको मुख्य चोकमा पानी जम्दा आवागमन प्रभावित — आजको अपडेट",0,0,0,0
809,निर्णयपछि सरकारले ज्येष्ठ नागरिक भत्ता समायोजन गर्ने तयारी ,0,0,0,0
810,"छलफलपछि, अल्पसंख्यक समुदायलाई लिएर नेताको टिप्पणी विवादमा",0,0,0,0
811,"घटनाक्रममा छलफलपछि, सरकारले सामुदायिक विद्यालयको भवन निर्माणका लागि अनुदान बढायो",0,0,0,0
812,नयाँ तथ्य सार्वजनिक: औषधि नपाएपछि बिरामीका आफन्त अस्पताल प्रशासनसँग आक्रोशित,0,1,1,0
813,"निर्णयपछि अनुगमनपछि, राजमार्गमा दुर्घटना बढेपछि ट्राफिक प्रहरीले निगरानी बढायो",0,0,0,0
814,डिजिटल भुक्तानीले ग्रामीण बजारमा कारोबार सहज बनायो ,0,0,0,0
815,"यसैबीच, सम्बन्धित निकायका अनुसार, खेलाडी छनोटमा पारदर्शिता नभएको भन्दै प्रश्न उठ्यो",0,0,1,0
816,"कृषि बजारमा बिचौलियाको प्रभावबारे किसानको गुनासो, सरोकारवालासँग परामर्श जारी बताइएको छ",0,0,0,0
817,"घटनाक्रममा सम्बन्धित निकायका अनुसार, पर्यटकहरू स्थानीय संस्कृतिको सम्मान नगर्ने गरेको आरोप",0,0,0,0
818,"बैठकपछि, कामदारहरू मेहनतबाट टाढिँदै गएको आरोपप्रति ट्रेड युनियनको आपत्ति",0,0,0,0
819,"यसैबीच, पछिल्लो विवरणअनुसार, सरकारको नीतिविरुद्ध विद्यार्थी संगठनले प्रदर्शन गरे",0,0,1,0
820,"कृषि बजारमा बिचौलियाको प्रभावबारे किसानको गुनासो, प्रभावबारे विज्ञले अध्ययन आवश्यक बताएका छन् का लागि पहल",0,0,0,0
821,"घटनाक्रममा नयाँ निर्णयसँगै, विपक्षी दलले नयाँ कर नीतिलाई जनतामाथिको बोझ भएको आरोप लगायो",1,0,0,0
822,"यसैबीच, आज सार्वजनिक विवरणमा, खानेपानी आयोजना वर्षौँदेखि अलपत्र परेको स्थानीयको असन्तुष्टि",0,0,1,0
823,"सरकारले नयाँ कृषि नीति कार्यान्वयन गर्ने तयारी, भोलिदेखि लागू गर्ने तयारी जनाइएको छ",0,0,0,0
824,"कृषि अनुदान वितरणमा पारदर्शिता माग, भोलिदेखि लागू गर्ने तयारी हुने अपेक्षा",0,0,0,0
825,निर्णयपछि वन कार्यालयले अवैध काठ कटानी नियन्त्रणका लागि गस्ती थपेको छ ,0,0,0,0
826,"घटनाक्रममा स्थानीय विवरणअनुसार, सरकारले सामुदायिक विद्यालयको भवन निर्माणका लागि अनुदान थपेको छ",0,0,0,0
827,युवाहरू का मानिसहरू युवा नीति बाट सबैभन्दा बढी प्रभावित हुने दाबी,0,0,0,1
828,"यसैबीच, नयाँ निर्णयसँगै, सीमानाकामा सुरक्षा जाँच कडा पारियो",0,0,0,0
829,"यसैबीच, सडक निर्माणको ढिलाइप्रति स्थानीय जनप्रतिनिधिमाथि दबाब ",0,0,0,0
830,"सिँचाइ आयोजना सम्पन्न गर्न स्थानीयले दबाब दिए, सम्बन्धमा थप छलफल सुरु का लागि पहल",0,0,0,0
831,प्रवासी श्रमिकहरू सम्बन्धी पुरानो धारणा स्वास्थ्य योजना को बहसमा फेरि दोहोरियो,0,0,0,0
832,नयाँ तथ्य सार्वजनिक: चुनावी प्रचारमा नेताहरूले मतदातासँग नयाँ प्रतिबद्धता बताए ,0,0,0,0
833,"सरकारले नयाँ कृषि नीति कार्यान्वयन गर्ने तयारी, सरोकारवालासँग परामर्श जारी बताइएको छ",0,0,0,0
834,"अनुगमनपछि, सरकारले कृषि बीमामा अनुदान थप्ने घोषणा गर्‍यो",0,0,0,0
835,बैंकिङ क्षेत्रमा देखिएको समस्याले अर्थतन्त्र डुब्ने खतरा,0,0,0,0
836,"घटनाक्रममा नयाँ निर्णयसँगै, सरकारले आलोचनालाई बेवास्ता गर्दै योजना अघि बढाएको दाबी",1,0,1,0
837,श्रम स्वीकृति लिने लाइनमा देखिएको लामो सास्ती र दलालको चलखेल,0,0,0,0
838,"आज सार्वजनिक जानकारीअनुसार, सरकारले विद्यालय पोषण कार्यक्रमका लागि बजेट बढायो",0,0,0,0
839,"यसैबीच, युवा पुस्ता मेहनत गर्नै नचाहने टिप्पणीप्रति आलोचना ",0,0,1,0
840,नयाँ विवरणअनुसार रोजगारी योजना भन्दै आलोचकको प्रतिक्रिया,0,0,1,0
841,नयाँ निर्णयले यातायात क्षेत्रमा ठूलो परिवर्तन ल्याउने दाबी,0,0,0,0
842,"निर्णयपछि बैठकपछि, सुरक्षाकर्मीले प्रदर्शनकारीमाथि बल प्रयोग गरेको आरोप",0,0,0,0
843,सवालपत्र चुहावटको खबरले शिक्षाक्षेत्रमा सनसनी,0,1,0,0
844,अनलाइन ठगी बढेपछि बैंक ग्राहक त्रसित ,0,1,0,0
845,आलोचनापछि संसद् बैठक बारे सरोकारवालाको चासो,0,0,1,0
846,वृद्ध नागरिकले सामाजिक सुरक्षा भत्ता बढाउन माग गरे,0,0,0,0
847,कृषि बजारमा बिचौलियाको प्रभावबारे किसानको गुनासो; बारे मन्त्रालयले जानकारी दिएको छ,0,0,0,0
848,स्वास्थ्य योजना सम्बन्धी नयाँ विवरण सार्वजनिक भयो,0,0,0,0
849,नयाँ तथ्य सार्वजनिक: फोहोरले नदीको अवस्था भयावह बनेको भन्दै अभियानकर्ता चिन्तित ,0,1,1,0
850,"नयाँ तथ्य सार्वजनिक: सम्बन्धित निकायका अनुसार, सरकारले स्थानीय स्वास्थ्य केन्द्रमा प्रयोगशाला सेवा विस्तार गर्ने निर्णय गर्‍यो",0,0,0,0
851,"नयाँ निर्णयसँगै, विद्यालयमा विज्ञान प्रयोगशाला स्थापना भएपछि विद्यार्थी उत्साहित",0,0,0,0
852,"स्थानीय तहमा नयाँ निर्णयसँगै, पर्यटकको भीडले प्रमुख गन्तव्यमा मच्चियो ठूलो चहलपहल,",0,1,0,0
853,"नयाँ निर्णयसँगै, विपक्षी दलले यातायात नीति असफल भएको दाबी लगायो",1,0,1,0
854,नीतिले पूर्वाधार क्षेत्रलाई बेवास्ता गरेको आलोचना,0,0,1,0
855,"बैठकपछि, समर्थकको आक्रोशले रंगशालामा तनाव",0,0,1,0
856,स्थानीय तहको विवरण: विद्यार्थीहरू पढाइमा गम्भीर नहुने बताउँदै आलोचना ,0,0,1,0
857,"नयाँ निर्णयसँगै, विपक्षी दलले नयाँ कर नीतिलाई जनतामाथिको बोझ भएको आरोप लगायो",1,0,0,0
858,पछिल्लो घटनामा लोडसेडिङको हल्लाले उपभोक्तामा अनावश्यक त्रास ,0,1,0,0
859,"स्थानीय तहमा नयाँ निर्णयसँगै, तस्करी नियन्त्रणमा सुरक्षा निकायले सफलता पाएको दाबी,",0,0,0,0
860,"स्थानीय तहको विवरण: छलफलपछि, शहरको मुख्य चोकमा पानी जम्दा आवागमन प्रभावित",0,0,0,0
861,"यसैबीच, प्रहरीले साइबर अपराधविरुद्ध विशेष अभियान सुरु गर्‍यो ",0,0,1,0
862,अनुगमनको क्रममा सरकारले खेल पूर्वाधारका लागि बजेट बढायो ,0,0,0,0
863,घटनाक्रममा पर्यटन पूर्वाधार कमजोर भएको व्यवसायीको गुनासो ,0,0,1,1
864,घटनाक्रममा लगातार हारपछि प्रशिक्षकमाथि दबाब,0,0,0,0
865,सडक मर्मत ढिलो भएपछि स्थानीयले जनप्रतिनिधिसँग सवाल गरे ,0,0,0,0
866,आलोचनापछि संसद् बैठक बारे मिश्रित प्रतिक्रिया,0,0,1,0
867,"स्थानीय विवरणअनुसार, जंगली जनावर बस्तीमा पस्दा स्थानीयमा त्रास",0,0,0,0
868,"निर्णयपछि बैठकपछि, महिला उद्यमीले स्थानीय उत्पादनको नयाँ बजार खोजिन्",0,0,0,0
869,घोषणापछि निर्वाचन तयारी बारे थप अध्ययन आवश्यक,0,0,0,0
870,घटनाक्रममा ट्याक्सी चालकले नयाँ नियमप्रति असन्तुष्टि जनाए ,0,0,1,0
871,यातायात क्षेत्रमा समस्या समाधान नभए अवस्था गम्भीर हुने चेतावनी,0,0,0,0
872,छलफलबीच निर्वाचन तयारी बारे थप अध्ययन आवश्यक,0,0,0,0
873,"अनुगमनपछि, कलेज शुल्क बढेपछि विद्यार्थी संगठन आन्दोलित",0,0,0,0
874,"घटनाक्रममा छलफलपछि, नगरपालिकाले नयाँ पार्क निर्माणको ठेक्का सम्झौता गर्‍यो",0,0,0,0
875,घटनाक्रममा असिनाले फलफूलमा क्षति पुर्‍याएपछि किसान चिन्तित ,0,0,0,0
876,"कृषि बजारमा बिचौलियाको प्रभावबारे किसानको गुनासो, समस्या समाधान गर्न पहल थालिएको छ को तयारी",0,0,0,0
877,"यसैबीच, छलफलपछि, भवन निर्माणमा मापदण्ड पालना नगरेको आरोप",0,0,0,0
878,सिँचाइ आयोजना सम्पन्न गर्न स्थानीयले दबाब दिए; प्रभावबारे विज्ञले अध्ययन आवश्यक बताएका छन्,0,0,0,0
879,"अनुगमनपछि, विपक्षी दलले यातायात नीति असफल भएको दाबी लगायो",1,0,1,0
880,"बैठकपछि, ठगीको खबर फैलिएपछि सामाजिक सञ्जालमा हल्ला",0,0,0,0
881,घटनाक्रममा फोहोरको थुप्रो देखेर स्थानीयमा आक्रोश ,0,0,1,0
882,"नयाँ निर्णयसँगै, वृद्धहरूलाई डिजिटल स्वास्थ्य सेवा प्रयोग गर्न कठिन भएको गुनासो",0,0,0,0
883,"वातावरण संरक्षण योजना मा अप्रत्याशित मोड, अब के होला?",0,0,0,0
884,"अनुगमनको क्रममा अनुगमनपछि, विपक्षी दलले स्वास्थ्य बजेट अपर्याप्त भएको बताउँदै सरकारको आलोचना गर्‍यो",1,0,1,0
885,"स्थानीय तहमा लोडसेडिङको हल्लाले उपभोक्तामा अनावश्यक त्रास ,",0,1,0,0
886,"नयाँ तथ्य सार्वजनिक: छलफलपछि, साइबर अपराधीको गिरोह सक्रिय भएको बताउँदै त्रास",0,1,0,0
887,घटनाक्रममा अनलाइन ठगीको जालो फैलिँदा सर्वसाधारण त्रसित ,0,1,0,0
888,"पछिल्लो घटनामा आज सार्वजनिक विवरणमा, व्यापारीले माग घटेको भन्दै बिक्री कमजोर भएको जनाए",0,0,1,0
889,नयाँ तथ्य सार्वजनिक: अँध्यारो सडकमा दुर्घटनाको जोखिम बढेको स्थानीयको असन्तुष्टि ,0,0,1,0
890,कृषि बजारमा बिचौलियाको प्रभावबारे किसानको गुनासो : सरोकारवालासँग परामर्श जारी,0,0,0,0
891,"छलफलपछि, स्थानीय समुदायलाई संरक्षणमा सहभागी गराउने तयारी",0,0,0,0
892,"यसैबीच, पछिल्लो विवरणअनुसार, सडकमा एकपछि अर्को दुर्घटनाले यात्रुमा त्रास",0,1,0,0
893,किसानहरू का मानिसहरू स्थानीय विकास योजना बाट सबैभन्दा बढी प्रभावित हुने दाबी,0,0,0,1
894,"बैठकपछि, कृषकहरू नयाँ प्रविधि सिक्नै नचाहने आरोप",0,0,0,0
895,खेलाडी छनोटमा नातावाद भएको दाबी,0,0,0,0
896,"स्थानीय तहको विवरण: बैठकपछि, युवा पुस्ता मेहनत गर्नै नचाहने टिप्पणीप्रति आलोचना",0,0,1,0
897,अनलाइन ठगीको जालो फैलिँदा सर्वसाधारण त्रसित ,0,1,0,0
898,"घटनाक्रममा घटनापछि, प्रश्नपत्र चुहावटको खबरले शिक्षाक्षेत्रमा सनसनी",0,1,0,0
899,पूर्वाधार क्षेत्रमा समस्या समाधान नभए अवस्था गम्भीर हुने चेतावनी,0,0,0,0
900,"स्थानीय तहमा फोहोरले नदीको अवस्था भयावह बनेको भन्दै अभियानकर्ता चिन्तित ,",0,1,1,0
901,"नयाँ निर्णयसँगै, नयाँ विमानस्थल सञ्चालनमा आएपछि क्षेत्रीय सम्पर्क सहज",0,0,0,0
902,"अनुगमनको क्रममा नयाँ निर्णयसँगै, विद्यार्थीहरू पढाइमा गम्भीर नहुने बताउँदै आलोचना",0,0,1,0
903,"सरकारले नयाँ कृषि नीति कार्यान्वयन गर्ने तयारी, कार्यान्वयनका लागि कार्यदल गठन हुने अपेक्षा",0,0,0,0
904,सहकारी पीडितहरूको आन्दोलनका कारण राजधानीको यातायात प्रभावित,0,0,0,0
905,अनुगमनको क्रममा फोहोरको थुप्रो देखेर स्थानीयमा आक्रोश ,0,0,1,0
906,किसान माथि विभेदपूर्ण टिप्पणीप्रति सामाजिक अभियन्ताको आपत्ति,0,0,0,0
907,"घटनाक्रममा स्थानीय स्रोतका अनुसार, व्यापारीले माग घटेको भन्दै बिक्री कमजोर भएको जनाए",0,0,1,0
908,पर्यटन क्षेत्रमा विदेशी पाहुनामाथि निर्भरता बढेको चिन्ता,0,0,0,0
909,"कृषि अनुदान वितरणमा पारदर्शिता माग, प्रति सरोकारवालाले मिश्रित प्रतिक्रिया दिएका छन्",0,0,0,0
910,घटनाक्रममा बाढीले खानेपानीको मुख्य पाइप बगाएपछि सेवा अवरुद्ध ,0,0,0,0
911,"घटनापछि, औषधि नपाएपछि बिरामीका आफन्त अस्पताल प्रशासनसँग आक्रोशित",0,1,1,0
912,घोषणापछि महिला उद्यम कार्यक्रम बारे थप अध्ययन आवश्यक,0,0,0,0
913,"अनुगमनको क्रममा छलफलपछि, सडक बत्ती नहुँदा राति दुर्घटनाको जोखिम बढेको स्थानीयको भनाइ",0,0,0,0
914,"आज सार्वजनिक जानकारीअनुसार, सार्वजनिक यातायातमा महिलाको सुरक्षाबारे नयाँ अध्ययन",0,0,0,0
915,"स्थानीय तहमा स्थानीय स्रोतका अनुसार, विद्यार्थीहरू पढाइमा ध्यानै नदिने भएको दाबी सामाजिक सञ्जालमा,",0,0,0,0
916,हिमाल क्षेत्रमा हिमपात नपर्दा कृषि उत्पादन घट्ने चिन्ता,0,0,0,0
917,चिकित्सा शिक्षा आयोगको प्रवेश परीक्षामा देखिएको अनियमितताविरुद्ध विद्यार्थी आन्दोलन ,0,0,1,0
918,"स्थानीय तहको विवरण: स्थानीय विवरणअनुसार, फोहोरले नदीको अवस्था भयावह बनेको भन्दै चेतावनी",0,0,1,0
919,"स्थानीय तहमा सरकारले आलोचनालाई बेवास्ता गर्दै योजना अघि बढाएको आरोप,",1,0,1,0
920,सरकारको जलस्रोत आयोजना निर्णयप्रति विपक्षीको तीव्र असन्तुष्टि,1,0,1,0
921,"पछिल्लो घटनामा घटनापछि, स्थानीय अस्पतालमा नयाँ एम्बुलेन्स सेवा थपियो",0,0,0,0
922,"स्थानीय तहमा नयाँ निर्णयसँगै, बेरोजगारी बढेपछि युवामा भविष्यबारे चिन्ता,",0,0,0,0
923,"स्थानीय तहमा आज सार्वजनिक विवरणमा, साना उद्योगलाई कर छुट दिने प्रस्ताव मन्त्रिपरिषद्मा पेश,",0,0,0,0
924,"नयाँ तथ्य सार्वजनिक: बैठकपछि, लगातार हारपछि प्रशिक्षकमाथि दबाब",0,0,0,0
925,"नयाँ तथ्य सार्वजनिक: नयाँ निर्णयसँगै, स्थानीय कृषि मेलामा मौलिक उत्पादनको प्रदर्शनी",0,0,0,0
926,"स्थानीय विवरणअनुसार, विपक्षी दलले यातायात नीति असफल भएको दाबी लगायो",1,0,1,0
927,"घटनाक्रममा स्थानीय विवरणअनुसार, किसानलाई उचित मूल्य नदिएको बताउँदै व्यापारीविरुद्ध गुनासो",0,0,1,0
928,सरकारको कदमले लोकतन्त्र संकटमा परेको विपक्षीको आरोप,1,0,0,0
929,"यसैबीच, शिक्षक संघले शिक्षा नीतिलाई व्यवहारिक नभएको दाबी लगायो",0,0,0,0
930,"नयाँ तथ्य सार्वजनिक: सम्बन्धित निकायका अनुसार, डिजिटल भुक्तानीको प्रयोग गाउँसम्म विस्तार",0,0,0,0
931,लामो विद्युत् अवरोधले उद्योगमा ठूलो क्षति ,0,0,0,0
932,सार्वजनिक यातायात सुधार मा सरकार र विपक्षबीच आरोप–प्रत्यारोप चर्कियो,1,1,0,0
933,"छलफलपछि, धार्मिक समुदायलाई लक्षित अपमानजनक टिप्पणीप्रति विरोध",0,0,1,0
934,"कृषि बजारमा बिचौलियाको प्रभावबारे किसानको गुनासो, प्रति सरोकारवालाले मिश्रित प्रतिक्रिया दिएका छन् का लागि पहल",0,0,0,0
935,"घटनाक्रममा स्थानीय स्रोतका अनुसार, सीमावर्ती बजारमा कारोबार घटेपछि व्यापारी असन्तुष्ट",0,0,0,0
936,सरकारले वैदेशिक रोजगारीमा जाने कामदारका लागि नयाँ व्यवस्था गर्‍यो ,0,0,0,0
937,"नयाँ तथ्य सार्वजनिक: नयाँ निर्णयसँगै, स्वास्थ्य बीमा कार्यक्रम विस्तार गर्ने सरकारको तयारी",0,0,0,0
938,"यसैबीच, सांस्कृतिक महोत्सवले शहरमा पर्यटक आकर्षित गर्‍यो ",0,0,0,0
939,घटनाक्रममा खेलाडी छनोटमा पक्षपात भएको भन्दै सवाल ,0,0,1,0
940,नेपालका प्राचीन मठमन्दिरहरूको संरक्षणका लागि पुरातत्व विभागको नयाँ पहल,0,0,0,0
941,पछिल्लो घटनाक्रम: परीक्षा परिणाम सार्वजनिक भएपछि विद्यालयमा मिश्रित प्रतिक्रिया ,0,0,0,0
942,"अनुगमनको क्रममा छलफलपछि, स्वास्थ्यकर्मीमाथि दुर्व्यवहार बढेको भन्दै सुरक्षा माग",0,0,1,0
943,घटनाक्रममा उपभोक्ताले गुणस्तरहीन सामान बिक्री भइरहेको गुनासो गरे ,0,0,0,0
944,"स्थानीय तहको विवरण: सम्बन्धित निकायका अनुसार, बस दुर्घटनाले यात्रुमा त्रास फैलियो",0,1,0,0
945,पछिल्लो घटनाक्रम: अपांगता भएका व्यक्तिका लागि सार्वजनिक सेवा पहुँच सुधार्ने योजना ,0,0,0,0
946,"आज सार्वजनिक जानकारीअनुसार, स्थानीय उत्पादनले बजारमा प्रतिस्पर्धा बढायो",0,0,0,0
947,पहिरोले गाउँको बाटो काटेपछि जनजीवन प्रभावित ,0,0,0,0
948,नयाँ तथ्य सार्वजनिक: पुरानो पाइप फुट्दा बजार क्षेत्र जलमग्न ,0,0,0,0
949,"आज सार्वजनिक जानकारीअनुसार, विपक्षी दलले यातायात नीति असफल भएको आरोप लगायो",1,0,1,0
950,कृषि बजारमा बिचौलियाको प्रभावबारे किसानको गुनासो : सम्बन्धमा थप छलफल सुरु,0,0,0,0
951,घटनाक्रममा पर्यटकीय क्षेत्रमा आगन्तुक बढेपछि होटल व्यवसाय चलायमान ,0,0,0,0
952,नयाँ तथ्य सार्वजनिक: सांस्कृतिक महोत्सवले शहरमा पर्यटक आकर्षित गर्‍यो ,0,0,0,0
953,"कृषि अनुदान वितरणमा पारदर्शिता माग, सम्बन्धमा थप छलफल सुरु को तयारी",0,0,0,0
954,सरकारको कमजोरीका कारण परियोजना अलपत्र परेको विपक्षीको आरोप,1,0,0,0
955,सार्वजनिक तथ्यांकअनुसार ऊर्जा परियोजना भन्दै आलोचकको प्रतिक्रिया,0,0,1,0
956,किसानलाई उचित मूल्य नदिएको भन्दै व्यापारीविरुद्ध गुनासो — आजको अपडेट,0,0,1,0
957,"स्थानीय तहमा पछिल्लो विवरणअनुसार, खानेपानी आयोजना वर्षौँदेखि अलपत्र परेको स्थानीयको असन्तुष्टि,",0,0,1,0
958,"पछिल्लो विवरणअनुसार, विद्यार्थीहरू अनुशासनहीन बन्दै गएको टिप्पणी विवादमा",0,0,0,1
959,"स्थानीय तहमा आज सार्वजनिक विवरणमा, चुनावी प्रचारमा नेताहरूले मतदातासँग नयाँ प्रतिबद्धता जनाए,",0,0,0,0
960,"घटनापछि, स्थानीय उत्पादनले बजारमा प्रतिस्पर्धा बढायो",0,0,0,0
961,"स्थानीय विवरणअनुसार, समर्थकको आक्रोशले रंगशालामा तनाव",0,0,1,0
962,"स्थानीय तहमा नयाँ निर्णयसँगै, अनलाइन पढाइले दुर्गम क्षेत्रका विद्यार्थीलाई नयाँ अवसर,",0,0,0,0
963,"यसैबीच, अधिकारकर्मीले समावेशी नीति कार्यान्वयन कमजोर भएको जनाए ",0,0,1,0
964,"अनुगमनपछि, अपांगता भएका व्यक्तिका लागि सार्वजनिक सेवा पहुँचयोग्य बनाउने योजना",0,0,0,0
965,खानेपानी आयोजना वर्षौँदेखि अलपत्र परेको स्थानीयको असन्तुष्टि ,0,0,1,0
966,"आज सार्वजनिक जानकारीअनुसार, विद्यार्थीहरू अनुशासनहीन बन्दै गएको टिप्पणी विवादमा",0,0,0,1
967,"स्थानीय विवरणअनुसार, असिनापछि किसानको आशा निराशामा बदलियो",0,0,0,0
968,संसद् बैठकमा प्रतिपक्ष दलले सरकारविरुद्ध कडा रूप प्रस्तुत गर्ने चेतावनी,0,0,1,0
969,"स्थानीय तहमा आज सार्वजनिक विवरणमा, भवन निर्माणमा मापदण्ड पालना नगरेको आरोप,",0,0,0,0
970,"घटनाक्रममा अनुगमनपछि, युवा खेलाडीलाई राष्ट्रिय टोलीमा अवसर",0,0,0,0
971,"यसैबीच, नयाँ निर्णयसँगै, सरकारले कृषि उपजको न्यूनतम समर्थन मूल्य तोक्यो",0,0,0,0
972,"पछिल्लो विवरणअनुसार, फोहोर फाल्ने बानीले शहरलाई संकटतर्फ धकेलेको चेतावनी",0,0,0,0
973,ताजा रिपोर्टअनुसार सहरी विकास योजना बारे थप अध्ययन आवश्यक,0,0,0,0
974,"कृषि अनुदान वितरणमा पारदर्शिता माग, कार्यान्वयनका लागि कार्यदल गठन भनिएको छ",0,0,0,0
975,"घटनापछि, भूकम्प जोखिम भएका भवनको प्राविधिक परीक्षण सुरु",0,0,0,0
976,सरकारले महिला व्यवसायीका लागि सहुलियत कर्जा विस्तार गर्‍यो ,0,0,0,0
977,"बैठकपछि, परीक्षा प्रश्नपत्र चुहावटको खबरले शैक्षिक क्षेत्रमा हलचल",0,0,0,0
978,निर्णयपछि शहरको मुख्य चोकमा पानी जम्दा आवागमन प्रभावित ,0,0,0,0
979,"पछिल्लो घटनाक्रम: बैठकपछि, शिक्षक संघले शिक्षा नीतिलाई व्यवहारिक नभएको आरोप लगायो",0,0,0,0
980,अनलाइन ठगीको जालो फैलिँदा सर्वसाधारण त्रसित,0,1,0,0
981,"अनुगमनपछि, नयाँ औद्योगिक क्षेत्रका लागि जग्गा छनोट प्रक्रिया सुरु",0,0,0,0
982,"पछिल्लो विवरणअनुसार, सीमावर्ती बजारमा तस्करी नियन्त्रणका लागि संयुक्त गस्ती",0,0,0,0
983,नयाँ तथ्य सार्वजनिक: नगरपालिकाले सडक बत्ती थप्ने योजना सार्वजनिक गर्‍यो ,0,0,0,0
984,"यसैबीच, वन कार्यालयले अवैध काठ कटानी नियन्त्रणका लागि गस्ती बढायो",0,0,0,0
985,घटनाक्रममा विद्यार्थीहरू पढाइमा गम्भीर नहुने बताउँदै आलोचना ,0,0,1,0
986,सार्वजनिक तथ्यांकअनुसार बजेट बारे मिश्रित प्रतिक्रिया,0,0,0,0
987,"पछिल्लो घटनामा बैठकपछि, तस्करी नियन्त्रणमा सुरक्षा निकायले सफलता पाएको दाबी",0,0,0,0
988,"यसैबीच, नयाँ निर्णयसँगै, वैदेशिक रोजगारीमा ठगी बढेको भन्दै परिवार चिन्तामा",0,0,1,0
989,नयाँ तथ्य सार्वजनिक: अधिकारकर्मीले समावेशी नीति कार्यान्वयन कमजोर भएको बताए ,0,0,1,0
990,"सिँचाइ आयोजना सम्पन्न गर्न स्थानीयले दबाब दिए, सम्बन्धमा थप छलफल सुरु भनिएको छ",0,0,0,0
991,घटनाक्रममा विपक्षी दलले स्वास्थ्य बजेट अपर्याप्त भएको भन्दै सरकारको आलोचना गर्‍यो ,1,0,1,0
992,विद्यार्थीहरू का मानिसहरू कर नीति बाट सबैभन्दा बढी प्रभावित हुने दाबी,0,0,0,1
993,डिजिटल भुक्तानीको प्रयोग गाउँसम्म विस्तार ,0,0,0,0
994,"स्थानीय विवरणअनुसार, स्वास्थ्यकर्मीलाई सम्मान नगर्ने प्रवृत्तिमाथि चिन्ता",0,0,0,0
995,स्थानीय तहको विवरण: बाढीले खानेपानीको मुख्य पाइप बगाएपछि सेवा अवरुद्ध ,0,0,0,0
996,"शेयर बजारमा पहिरो, लगानीकर्ता चिन्तित",0,0,0,0
997,"अनुगमनको क्रममा नयाँ निर्णयसँगै, केन्द्रीय बैंकले मौद्रिक नीतिमा केही व्यवस्था परिवर्तन गर्‍यो",0,0,0,0
998,"अनुगमनको क्रममा छलफलपछि, विद्युत् लाइन विस्तारपछि दुर्गम गाउँमा बिजुली पुग्यो",0,0,0,0
999,नयाँ नीतिले यातायात क्षेत्रमा सकारात्मक प्रभाव पार्ने अपेक्षा,0,0,0,0
1000,यातायात संकट गहिरिँदै गएको विज्ञको चेतावनी,0,0,0,0
1001,भ्रष्टाचारविरुद्ध कडा कानुन बनाउन दलहरूले नै आन्तरिक रूपमा अवरोध सिर्जना गरेको आरोप,0,0,1,0
1002,कृषि बजारमा बिचौलियाको प्रभावबारे किसानको गुनासो : कार्यान्वयनका लागि कार्यदल गठन,0,0,0,0
1003,संगीत कार्यक्रमको टिकट महँगो भएपछि दर्शक असन्तुष्ट,0,0,0,0
1004,"सम्बन्धित निकायका अनुसार, फुटपाथ अतिक्रमण हटाएपछि पैदल यात्रुलाई सहज",0,0,0,0
1005,"यसैबीच, छलफलपछि, पर्यटन पूर्वाधार कमजोर भएको व्यवसायीको असन्तुष्टि",0,0,1,1
1006,"सिँचाइ आयोजना सम्पन्न गर्न स्थानीयले दबाब दिए, प्रति सरोकारवालाले मिश्रित प्रतिक्रिया दिएका छन् भनिएको छ",0,0,0,0
1007,घटनाक्रममा डिजिटल भुक्तानीको प्रयोग गाउँसम्म विस्तार ,0,0,0,0
1008,देशको साक्षरता दर बढे पनि गुणस्तरीय शिक्षाको अभाव कायम,0,0,0,0
1009,संसदमा सरकार र विपक्षीबीच मतभेद कायमै,0,0,0,0
1010,"यसैबीच, अनुगमनपछि, पर्यटकको भीडले प्रमुख गन्तव्यमा मच्चियो ठूलो हलचल",0,1,0,0
1011,सरकारले नयाँ कृषि नीति कार्यान्वयन गर्ने तयारी : सरोकारवालासँग परामर्श जारी,0,0,0,0
1012,"सम्बन्धित निकायका अनुसार, रेल सेवा विस्तार गर्ने सरकारको दीर्घकालीन योजना",0,0,0,0
1013,घोषणापछि डिजिटल सेवा विस्तार भन्दै आलोचकको प्रतिक्रिया,0,0,1,0
1014,"स्थानीय तहमा सहकारी बचतकर्ताले रकम फिर्ताको माग गर्दै प्रदर्शन गरे ,",0,0,0,0
1015,"घटनाक्रममा पछिल्लो विवरणअनुसार, युवा पुस्ता मेहनतबाट भागिरहेको टिप्पणीप्रति विरोध",0,0,1,0
1016,नयाँ लगानी आएपछि औद्योगिक क्षेत्रमा उत्साह,0,0,0,0
1017,"कृषि बजारमा बिचौलियाको प्रभावबारे किसानको गुनासो, भोलिदेखि लागू गर्ने तयारी",0,0,0,0
1018,स्थानीय तहको विवरण: नयाँ एम्बुलेन्स थपिएपछि आकस्मिक सेवा सहज हुने अपेक्षा ,0,0,0,0
1019,स्वास्थ्यकर्मीलाई सम्मान नगर्ने प्रवृत्तिमाथि चिन्ता ,0,0,0,0
1020,नयाँ तथ्य सार्वजनिक: अचानक आएको भूकम्पले पुराना घरमा ठूलो क्षति ,0,1,0,0
1021,"किसानले उत्पादनको उचित मूल्य मागे, कार्यान्वयनका लागि कार्यदल गठन बताइएको छ",0,0,0,0
1022,निर्णयपछि सरकारले खेल पूर्वाधारका लागि बजेट बढायो ,0,0,0,0
1023,व्यवसायी ले सरकारी योजनामा सुधार गर्न माग गरे,0,0,0,0
1024,अनुगमनको क्रममा शहरको मुख्य चोकमा पानी जम्दा आवागमन प्रभावित,0,0,0,0
1025,"स्थानीय तहको विवरण: आज सार्वजनिक जानकारीअनुसार, विपद् व्यवस्थापनमा सरकारको तयारी कमजोर भएको आरोप",1,0,1,0
1026,"स्थानीय तहमा सम्बन्धित निकायका अनुसार, स्वास्थ्य चौकीमा कर्मचारी अभाव हटाउन नयाँ व्यवस्था,",0,0,0,0
1027,अनुगमनको क्रममा परम्परागत कलाकार आधुनिक प्रविधि प्रयोग गर्न नसक्ने टिप्पणी विवादमा ,0,0,0,0
1028,"नयाँ तथ्य सार्वजनिक: नयाँ निर्णयसँगै, अधिकारकर्मीले समावेशी नीति कार्यान्वयन कमजोर भएको जनाए",0,0,1,0
1029,"अनुगमनको क्रममा छलफलपछि, विश्वविद्यालयले अनुसन्धानका लागि नयाँ छात्रवृत्ति घोषणा गर्‍यो",0,0,0,0
1030,घटनाक्रममा संगीत कार्यक्रमको टिकट महँगो भएपछि दर्शक असन्तुष्ट ,0,0,0,0
1031,"आज सार्वजनिक जानकारीअनुसार, सरकारले जलविद्युत् आयोजनाका लागि लगानी नीति परिमार्जन गर्‍यो",0,0,0,0
1032,"पछिल्लो घटनाक्रम: आज सार्वजनिक जानकारीअनुसार, धान उत्पादन बढेपछि किसानमा उत्साह",0,0,0,0
1033,"नयाँ तथ्य सार्वजनिक: पछिल्लो विवरणअनुसार, ब्याजदर बढेपछि ऋणी व्यवसायी थप दबाबमा",0,0,0,0
1034,डढेलो फैलिँदा जंगलमा भयावह अवस्था ,0,1,0,0
1035,सत्तापक्षले विपक्षीको आलोचनालाई राजनीति प्रेरित भन्यो,1,0,1,0
1036,"यसैबीच, विद्यार्थीहरू पढाइमा गम्भीर नहुने भन्दै आलोचना ",0,0,1,0
1037,खानेपानी नआएपछि स्थानीयको धैर्यको बाँध टुट्यो ,0,0,0,0
1038,"नयाँ तथ्य सार्वजनिक: अनुगमनपछि, अनलाइन ठगी बढेपछि बैंक ग्राहक त्रसित",0,1,0,0
1039,शहरको मुख्य चोकमा पानी जम्दा आवागमन असर परेको — आजको अपडेट,0,0,0,0
1040,कृषि क्षेत्रमा सुधारका लागि सरोकारवालाबीच छलफल,0,0,0,0
1041,व्यवसायीहरू ले रोजगारी योजना बारे एउटै धारणा राख्ने भनाइ सार्वजनिक,0,0,0,0
1042,ताजा रिपोर्टअनुसार निर्वाचन तयारी भन्दै पक्षको दाबी,0,0,1,0
1043,"पछिल्लो विवरणअनुसार, समावेशी नीतिको कार्यान्वयन कमजोर भएको अधिकारकर्मीको आरोप",0,0,1,0
1044,नयाँ विवरणअनुसार पूर्वाधार आयोजना भन्दै आलोचकको प्रतिक्रिया,0,0,1,0
1045,पछिल्लो घटनामा वन फँडानी बढ्दा वातावरणीय संकट गहिरिने चेतावनी ,0,0,0,0
1046,"पछिल्लो घटनाक्रम: आज सार्वजनिक जानकारीअनुसार, फोहोर व्यवस्थापनमा कमजोरी भएपछि बजार क्षेत्र दुर्गन्धित",0,0,1,0
1047,"बैठकपछि, स्वास्थ्यकर्मीमाथि दुर्व्यवहार बढेको भन्दै सुरक्षा माग",0,0,1,0
1048,पछिल्लो घटनाक्रम: ठगीको खबर फैलिएपछि सामाजिक सञ्जालमा हल्ला ,0,0,0,0
1049,पछिल्लो घटनाक्रम: सरकारले विद्युतीय बसका लागि अनुदान दिने घोषणा गर्‍यो ,0,0,0,0
1050,"यसैबीच, वैदेशिक रोजगारीमा ठगी बढेको भन्दै परिवार चिन्तामा ",0,0,1,0
1051,"घटनापछि, कामदारहरू मेहनतबाट टाढिँदै गएको दाबीप्रति ट्रेड युनियनको आपत्ति",0,0,0,0
1052,घटनाक्रममा सडक मर्मत ढिलो भएपछि स्थानीयले जनप्रतिनिधिसँग प्रश्न गरे ,0,0,0,0
1053,"अनुगमनपछि, शिक्षक संगठनले शिक्षा बजेट पर्याप्त नभएको बतायो",0,0,0,0
1054,नयाँ तथ्य सार्वजनिक: असिनाले फलफूलमा क्षति पुर्‍याएपछि किसान चिन्तित ,0,0,0,0
1055,आलोचनापछि कृषि कार्यक्रम बारे सरोकारवालाको चासो,0,0,1,0
1056,"स्थानीय तहको विवरण: अनुगमनपछि, मल नपाएपछि किसानले खेती नै रोक्नुपर्ने अवस्था आएको बताए",0,0,0,0
1057,घटनाक्रममा विपद् व्यवस्थापनमा सरकारको तयारी कमजोर भएको दाबी ,0,0,1,0
1058,"नयाँ तथ्य सार्वजनिक: आज सार्वजनिक जानकारीअनुसार, राजमार्गमा दुर्घटना बढेपछि ट्राफिक प्रहरीले निगरानी थपेको छ",0,0,0,0
1059,"यसैबीच, वन क्षेत्रमा दुर्लभ जनावर देखिएपछि संरक्षणकर्मी उत्साहित ",0,0,0,0
1060,"यसैबीच, शिकारी समूह पक्राउ परेपछि निकुञ्ज प्रशासन उत्साहित ",0,0,0,0
1061,निर्णयपछि विद्युत् महसुल बढाउने प्रस्तावप्रति उपभोक्ता असन्तुष्ट ,0,0,0,0
1062,"घटनाक्रममा सम्बन्धित निकायका अनुसार, होटलमा ग्राहक नआएपछि व्यवसायी निराश",0,0,0,0
1063,घटनाक्रममा किसानलाई उचित मूल्य नदिएको बताउँदै व्यापारीविरुद्ध गुनासो ,0,0,1,0
1064,"सम्बन्धित निकायका अनुसार, भीडभाडयुक्त बसमा यात्रु अलपत्र परेको दृश्यले चर्चा",0,0,0,0
1065,कर्मचारीहरू ले बजेट बारे एउटै धारणा राख्ने भनाइ सार्वजनिक,0,0,0,0
1066,"घटनापछि, प्रहरीले साइबर अपराधविरुद्ध विशेष अभियान सुरु गरेको छ",0,0,1,0
1067,नयाँ तथ्य सार्वजनिक: लोडसेडिङको हल्लाले उपभोक्तामा अनावश्यक त्रास ,0,1,0,0
1068,"नयाँ निर्णयसँगै, विपक्षी दलले यातायात नीति असफल भएको आरोप लगायो",1,0,1,0
1069,स्थानीय तहको विवरण: भवन निर्माणमा मापदण्ड पालना नगरेको दाबी ,0,0,0,0
1070,"घटनाक्रममा नयाँ निर्णयसँगै, किसानलाई उचित मूल्य नदिएको भन्दै व्यापारीविरुद्ध असन्तुष्टि",0,0,1,0
1071,"आज सार्वजनिक विवरणमा, सरकारको नीतिविरुद्ध विद्यार्थी संगठनले प्रदर्शन गरे",0,0,1,0
1072,"यसैबीच, आज सार्वजनिक विवरणमा, चुनावी प्रचारमा नेताहरूले मतदातासँग नयाँ प्रतिबद्धता जनाए",0,0,0,0
1073,सीमानाकामा सुरक्षा जाँच कडा पारियो,0,0,0,0
1074,औषधि नपाउँदा बिरामीका आफन्तले आकस्मिक विरोध गरे ,0,0,1,0
1075,जंगली जनावर बस्तीमा पस्दा स्थानीयमा त्रास,0,1,0,0
1076,"कृषि बजारमा बिचौलियाको प्रभावबारे किसानको गुनासो, प्रभावबारे विज्ञले अध्ययन आवश्यक बताएका छन्",0,0,0,0
1077,"यसैबीच, स्थानीय भाषाको चलचित्रले दर्शक तान्यो ",0,0,0,0
1078,स्थानीय बस सेवा विस्तार भएपछि यात्रुको समय बचत ,0,0,0,0
1079,सरकारको पूर्वाधार योजना सफल हुने मन्त्रीको दाबी,0,0,0,0
1080,नयाँ तथ्य सार्वजनिक: औषधि खरिदमा अनियमितताको आरोपपछि छानबिन सुरु ,0,0,0,0
1081,"घटनाक्रममा सम्बन्धित निकायका अनुसार, विद्यालयमा विज्ञान प्रयोगशाला स्थापना भएपछि विद्यार्थी उत्साहित",0,0,0,0
1082,बेरोजगारी बढेपछि युवामा भविष्यबारे चिन्ता ,0,0,0,0
1083,डिजिटल भुक्तानीले ग्रामीण बजारमा कारोबार सहज बनायो,0,0,0,0
1084,"पछिल्लो घटनाक्रम: सम्बन्धित निकायका अनुसार, महिला समूहले सामूहिक व्यवसायबाट आम्दानी बढायो",0,0,0,0
1085,"यसैबीच, बैठकपछि, भवन निर्माणमा मापदण्ड पालना नगरेको दाबी",0,0,0,0
1086,"अनुगमनपछि, रेल ढिलो भएपछि यात्रुमा असन्तुष्टि",0,0,1,0
1087,"नयाँ तथ्य सार्वजनिक: घटनापछि, पुरानो पाइप फुट्दा बजार क्षेत्र जलमग्न",0,0,0,0
1088,"स्थानीय तहमा सम्बन्धित निकायका अनुसार, पहाडी क्षेत्रमा जथाभावी सडक खन्दा पहिरोको जोखिम,",0,0,0,0
1089,भ्रष्टाचार काण्डमा संलग्न ठूला नेतालाई बचाउन चलखेल सुरु,1,0,0,0
1090,"सम्बन्धित निकायका अनुसार, पर्यटकहरू स्थानीय नियम पालना नगर्ने गरेको आरोप",0,0,0,0
1091,विद्युत् प्राधिकरणले मर्मतपछि आपूर्ति सामान्य भएको जनाएको छ ,0,0,0,0
1092,हवाई भाडा बढेपछि यात्रु विकल्प खोज्दै,0,0,0,0
1093,"नयाँ निर्णयसँगै, पर्यटकहरू स्थानीय नियम पालना नगर्ने गरेको आरोप",0,0,0,0
1094,"पछिल्लो विवरणअनुसार, बालीमा रोग फैलिएपछि किसान चिन्तामा",0,0,0,0
1095,सत्तापक्षले डिजिटल सेवा विस्तार अघि बढाएर आफ्नो राजनीतिक प्रभाव बलियो बनाउन खोजेको आरोप,1,0,0,0
1096,नयाँ तथ्य सार्वजनिक: फोहोरले नदीको अवस्था भयावह बनेको बताउँदै चेतावनी,0,1,0,0
1097,स्थानीय तहको विवरण: फोहोरले नदीको अवस्था भयावह बनेको भन्दै चेतावनी ,0,1,1,0
1098,नयाँ तथ्य सार्वजनिक: विद्यालयमा विज्ञान प्रयोगशाला स्थापना भएपछि विद्यार्थी उत्साहित ,0,0,0,0
1099,शहरको मुख्य चोकमा पानी जम्दा आवागमन प्रभावित ,0,0,0,0
1100,पछिल्लो घटनाक्रम: कृषि मन्त्रालयले मल आपूर्ति नियमित बनाउने योजना सार्वजनिक गर्‍यो,0,0,0,0
1101,"पछिल्लो घटनाक्रम: स्थानीय विवरणअनुसार, विश्वविद्यालयले अनुसन्धानका लागि नयाँ छात्रवृत्ति घोषणा गर्‍यो",0,0,0,0
1102,"आज सार्वजनिक जानकारीअनुसार, विपक्षी दलले यातायात नीति असफल भएको दाबी लगायो",1,0,1,0
1103,घटनाक्रममा स्थानीय भाषाको चलचित्रले दर्शक तान्यो ,0,0,0,0
1104,नयाँ तथ्य सार्वजनिक: चलचित्रमा राजनीतिक विषय समेटिएपछि बहस ,0,0,0,0
1105,"स्थानीय विवरणअनुसार, सौर्य ऊर्जा प्रयोग बढाउन गाउँपालिकाको अनुदान कार्यक्रम",0,0,0,0
1106,घटनाक्रममा युवा पुस्ता मेहनतबाट भागिरहेको टिप्पणीप्रति विरोध ,0,0,1,0
1107,"सम्बन्धित निकायका अनुसार, शिक्षक संगठनले शिक्षा बजेट पर्याप्त नभएको बतायो",0,0,0,0
1108,"स्थानीय विवरणअनुसार, बाढीपछि सयौँ परिवार विस्थापित",0,0,0,0
1109,"पछिल्लो घटनाक्रम: घटनापछि, अधिकारकर्मीले समावेशी नीति कार्यान्वयन कमजोर भएको बताए",0,0,1,0
1110,"सिँचाइ आयोजना सम्पन्न गर्न स्थानीयले दबाब दिए, बारे मन्त्रालयले जानकारी दिएको छ भनिएको छ",0,0,0,0
1111,वृद्ध नागरिकहरू को व्यवहारलाई संसद् बैठक सँग जोडेर गरिएको टिप्पणी विवादमा,0,0,0,0
1112,पछिल्लो घटनाक्रम: पर्यटन पूर्वाधार कमजोर भएको व्यवसायीको असन्तुष्टि,0,0,1,1
1113,स्थानीय तहको विवरण: सरकारले खेल पूर्वाधारका लागि बजेट बढायो ,0,0,0,0
1114,किसानले उत्पादनको उचित मूल्य मागे — प्रति सरोकारवालाले मिश्रित प्रतिक्रिया दिएका छन्,0,0,0,0
1115,"यसैबीच, सम्बन्धित निकायका अनुसार, शिक्षक संघले शिक्षा नीतिलाई व्यवहारिक नभएको आरोप लगायो",0,0,0,0
1116,"अनुगमनको क्रममा स्थानीय विवरणअनुसार, महँगो उपचारका कारण परिवार ऋणमा डुबेको स्थानीयको असन्तुष्टि",0,0,1,0
1117,"स्थानीय तहमा औषधि खरिदमा अनियमितताको आरोपपछि छानबिन सुरु ,",0,0,0,0
1118,"अनुगमनको क्रममा स्थानीय विवरणअनुसार, धारामा पानी नआएपछि स्थानीयले कार्यालय घेराउ गरे",0,0,0,0
1119,नयाँ तथ्य सार्वजनिक: विपद् व्यवस्थापनमा सरकारको तयारी कमजोर भएको दाबी ,0,0,1,0
1120,"यसैबीच, अनुगमनपछि, स्थानीय कलाकारको प्रदर्शनीमा दर्शकको उत्साहजनक सहभागिता",0,0,0,0
1121,"यसैबीच, रोजगारी मेलामा सयौँ युवाले आवेदन दिए — आजको अपडेट",0,0,0,0
1122,"आज सार्वजनिक विवरणमा, बैंकले ग्रामीण क्षेत्रमा शाखा विस्तार गर्ने घोषणा",0,0,0,0
1123,"नयाँ तथ्य सार्वजनिक: घटनापछि, समर्थकको ठूलो भीडले रंगशाला भरियो",0,0,0,0
1124,कलाकारको नयाँ सिर्जनाले कला क्षेत्रमा ठूलो हलचल ,0,0,0,0
1125,अनुगमनको क्रममा ठेकेदारको लापरबाहीले आयोजना वर्षौँदेखि अधुरो ,0,0,0,0
1126,कृषि बजारमा बिचौलियाको प्रभावबारे किसानको गुनासो; प्रभावबारे विज्ञले अध्ययन आवश्यक बताएका छन्,0,0,0,0
1127,सिँचाइ आयोजना सम्पन्न गर्न स्थानीयले दबाब दिए : सरोकारवालासँग परामर्श जारी,0,0,0,0
1128,कृषि कार्यक्रम सम्बन्धी नयाँ मापदण्ड प्रस्ताव गरिएको छ,0,0,0,0
1129,साइबर अपराधको बढ्दो घटनाले सर्वसाधारणमा त्रास,0,1,0,0
1130,"यसैबीच, पछिल्लो विवरणअनुसार, पर्यटन पूर्वाधार कमजोर भएको व्यवसायीको गुनासो",0,0,1,1
1131,सार्वजनिक तथ्यांकअनुसार सार्वजनिक यातायात सुधार भन्दै आलोचकको प्रतिक्रिया,0,0,1,0
1132,कृषि बजारमा बिचौलियाको प्रभावबारे किसानको गुनासो : प्रभावबारे विज्ञले अध्ययन आवश्यक बताएका छन्,0,0,0,0
1133,"पछिल्लो घटनाक्रम: पछिल्लो विवरणअनुसार, युवा खेलाडीलाई राष्ट्रिय टोलीमा अवसर",0,0,0,0
1134,"आज सार्वजनिक जानकारीअनुसार, अनलाइन ठगी बढेपछि बैंक ग्राहक त्रसित",0,0,0,0
1135,पछिल्लो घटनामा सडक निर्माणको ढिलाइप्रति स्थानीय जनप्रतिनिधिमाथि दबाब ,0,0,0,0
1136,नयाँ तथ्य सार्वजनिक: साइबर अपराधीको गिरोह सक्रिय भएको बताउँदै त्रास ,0,1,0,0
1137,घटनाक्रममा ठगीको खबर फैलिएपछि सामाजिक सञ्जालमा हल्ला ,0,0,0,0
1138,"स्थानीय विवरणअनुसार, श्रमिक आन्दोलनका कारण उत्पादन केही समय रोकियो",0,0,0,0
1139,"नयाँ तथ्य सार्वजनिक: अनुगमनपछि, सरकारले विद्युतीय बसका लागि अनुदान दिने घोषणा गर्‍यो",0,0,0,0
1140,"पछिल्लो विवरणअनुसार, नयाँ औद्योगिक क्षेत्रका लागि जग्गा छनोट प्रक्रिया सुरु",0,0,0,0
1141,यात्रामा महिलाले असुरक्षित महसुस गर्ने गरेको सर्वेक्षण — आजको अपडेट,0,0,0,1
1142,"स्थानीय तहमा बैठकपछि, तरकारीको मूल्य अकस्मात बढ्दा बजारमा हाहाकार,",0,1,0,0
1143,"अनुगमनपछि, यात्रामा महिलाले असुरक्षित महसुस गर्ने गरेको सर्वेक्षण",0,0,0,1
1144,"निर्णयपछि स्थानीय विवरणअनुसार, विदेश जान युवाको भीड बढ्दा गाउँमा श्रमिक अभाव",0,0,0,0
1145,"स्थानीय तहमा वन क्षेत्रमा आगलागी फैलिएपछि वन्यजन्तु जोखिममा ,",0,0,0,0
1146,दलित समुदायलाई सधैँ सहयोगको आवश्यकता पर्ने भनाइ,0,0,0,0
1147,"किसानले उत्पादनको उचित मूल्य मागे, सम्बन्धमा थप छलफल सुरु को तयारी",0,0,0,0
1148,"यसैबीच, बैठकपछि, शिकारी समूह पक्राउ परेपछि निकुञ्ज प्रशासन उत्साहित",0,0,0,0
1149,"पछिल्लो घटनामा बैठकपछि, विद्युत् प्राधिकरणले मर्मतपछि आपूर्ति सामान्य भएको जनाएको छ",0,0,0,0
1150,"यसैबीच, डिजिटल भुक्तानीको प्रयोग गाउँसम्म विस्तार ",0,0,0,0
1151,सरकारको सहरी विकास योजना निर्णयप्रति विपक्षीको तीव्र असन्तुष्टि,1,0,1,0
1152,छलफलबीच कर नीति बारे बहस सुरु,0,0,0,0
1153,नयाँ तथ्य सार्वजनिक: युवा कलाकारलाई अवसर नदिएको भन्दै आयोजकमाथि सवाल ,0,0,1,0
1154,किसानहरू का मानिसहरू कृषि कार्यक्रम बाट सबैभन्दा बढी प्रभावित हुने दाबी,0,0,0,1
1155,"यसैबीच, पर्यटकहरू स्थानीय संस्कृतिको सम्मान नगर्ने गरेको दाबी",0,0,0,0
1156,खेलाडी छनोटमा पक्षपात भएको भन्दै सवाल ,0,0,1,0
1157,"घटनाक्रममा सम्बन्धित निकायका अनुसार, नयाँ लगानी आएपछि औद्योगिक क्षेत्रमा उत्साह",0,0,0,0
1158,स्थानीय तहको विवरण: सडक बत्ती नहुँदा राति दुर्घटनाको जोखिम बढेको स्थानीयको भनाइ ,0,0,0,0
1159,सिँचाइ आयोजना सम्पन्न गर्न स्थानीयले दबाब दिए : समस्या समाधान गर्न पहल थालिएको छ,0,0,0,0
1160,सहरी बासिन्दाहरू लाई निर्वाचन तयारी को मुख्य जिम्मेवार पक्षका रूपमा चित्रण,0,0,0,0
1161,पछिल्लो घटनामा सुरक्षित आवासका लागि सरकारले अनुदान बढाउने ,0,0,0,0
1162,आलोचनापछि डिजिटल सेवा विस्तार बारे बहस सुरु,0,0,1,0
1163,प्रविधि क्षेत्रमा समस्या समाधान नभए अवस्था गम्भीर हुने चेतावनी,0,0,0,0
1164,विपद् व्यवस्थापनमा सरकारको तयारी कमजोर भएको आरोप ,1,0,1,0
1165,"पछिल्लो घटनाक्रम: आज सार्वजनिक जानकारीअनुसार, शिक्षक संघले शिक्षा नीतिलाई व्यवहारिक नभएको आरोप लगायो",0,0,0,0
1166,"सम्बन्धित निकायका अनुसार, विपक्षी दलले यातायात नीति असफल भएको दाबी लगायो",1,0,1,0
1167,पछिल्लो घटनाक्रम: विश्वविद्यालयले अनुसन्धानका लागि नयाँ छात्रवृत्ति घोषणा गर्‍यो ,0,0,0,0
1168,हिमाल पग्लिने क्रम तीव्र हुँदा तल्लो तटीय क्षेत्रमा बाढीको खतरा ,0,0,0,0
1169,पछिल्लो घटनामा चामलको मूल्य बढेपछि परिवारको मासिक खर्च प्रभावित ,0,0,0,0
1170,"घटनापछि, समावेशी नीतिको कार्यान्वयन कमजोर भएको अधिकारकर्मीको दाबी",0,0,1,0
1171,नयाँ तथ्य सार्वजनिक: फोहोरले नदीको अवस्था भयावह बनेको बताउँदै चेतावनी ,0,1,0,0
1172,"घटनाक्रममा घटनापछि, सडकमा एकपछि अर्को दुर्घटनाले यात्रुमा त्रास",0,1,0,0
1173,"यसैबीच, विपद् व्यवस्थापनमा सरकारको तयारी कमजोर भएको दाबी ",0,0,1,0
1174,"पछिल्लो घटनाक्रम: छलफलपछि, साइबर अपराधीको गिरोह सक्रिय भएको बताउँदै त्रास",0,1,0,0
1175,"अनुगमनको क्रममा नयाँ निर्णयसँगै, नयाँ पदमार्ग खुलेपछि गाउँमा रोजगारीको आशा",0,0,0,0
1176,पछिल्लो घटनाक्रम: फोहोरले नदीको अवस्था भयावह बनेको बताउँदै चेतावनी ,0,1,0,0
1177,महिला खेलाडीले प्रतियोगितामा उत्कृष्ट प्रदर्शन गरे ,0,0,0,0
1178,"स्थानीय तहमा पछिल्लो विवरणअनुसार, बीउ वितरणमा पक्षपात भएको भन्दै केही किसानले प्रश्न उठाए,",0,0,1,0
1179,कृषि अनुदान वितरणमा पारदर्शिता माग — सम्बन्धमा थप छलफल सुरु,0,0,0,0
1180,"घटनाक्रममा बैठकपछि, अधिकारकर्मीले समावेशी नीति कार्यान्वयन कमजोर भएको जनाए",0,0,1,0
1181,किसानलाई उचित मूल्य नदिएको बताउँदै व्यापारीविरुद्ध गुनासो ,0,0,1,0
1182,"नयाँ निर्णयसँगै, भूकम्पको धक्कापछि पुराना घरमा चर्किएका भित्ता",0,0,0,0
1183,स्थानीय तहको विवरण: सरकारले ज्येष्ठ नागरिक भत्ता समायोजन गर्ने तयारी ,0,0,0,0
1184,"यसैबीच, कर बढेपछि उद्योगीले सरकारी नीतिप्रति असन्तुष्टि जनाए ",1,0,1,0
1185,"घटनाक्रममा अनुगमनपछि, स्वास्थ्यकर्मीमाथि दुर्व्यवहार बढेको भन्दै सुरक्षा माग",0,0,1,0
1186,"अनुगमनको क्रममा अनुगमनपछि, असिनाले फलफूलमा ठूलो क्षति पुर्‍याएपछि किसान निराश",0,0,0,0
1187,"अनुगमनको क्रममा छलफलपछि, साइबर अपराधीको गिरोह सक्रिय भएको भन्दै त्रास",0,1,1,0
1188,"नयाँ निर्णयसँगै, सीमानाकामा भन्सार प्रक्रिया डिजिटल बनाउने सरकारको तयारी",0,0,0,0
1189,पछिल्लो घटनाक्रम: सुरक्षा व्यवस्थामाथि प्रश्न उठेपछि प्रशासनले छानबिन गर्‍यो ,0,0,0,0
1190,सरकारले आलोचनालाई बेवास्ता गरेको विपक्षीको आरोप,1,0,1,0
1191,"पछिल्लो घटनाक्रम: बैठकपछि, नगरपालिकाले नयाँ पार्क निर्माणको ठेक्का सम्झौता गर्‍यो",0,0,0,0
1192,"स्थानीय विवरणअनुसार, धार्मिक समुदायलाई लक्षित अपमानजनक टिप्पणीप्रति विरोध",0,0,1,0
1193,"आज सार्वजनिक जानकारीअनुसार, नगरपालिकाले खानेपानी पाइप विस्तारको काम अघि बढायो",0,0,0,0
1194,आलोचनापछि स्थानीय विकास योजना भन्दै पक्षको दाबी,0,0,1,0
1195,"सरकारले नयाँ कृषि नीति कार्यान्वयन गर्ने तयारी, स्थानीय तहलाई आवश्यक निर्देशन दिइएको छ भनिएको छ",0,0,0,0
1196,निजी क्षेत्र लाई युवा नीति को मुख्य जिम्मेवार पक्षका रूपमा चित्रण,0,0,0,0
1197,"यसैबीच, तस्करको गिरोह सक्रिय भएको भन्दै सीमावर्ती क्षेत्रमा त्रास",0,1,1,0
1198,निर्णयपछि जलविद्युत् आयोजनामा लगानी बढेपछि ऊर्जा क्षेत्र उत्साहित ,0,0,0,0
1199,घटनाक्रममा सरकारले निःशुल्क औषधिको सूची विस्तार गर्ने तयारी गरेको छ ,0,0,0,0
1200,सहरी बासिन्दाहरू का मानिसहरू वातावरण संरक्षण योजना बाट सबैभन्दा बढी प्रभावित हुने दाबी,0,0,0,0
1201,समावेशी नीतिको कार्यान्वयन कमजोर भएको अधिकारकर्मीको दाबी,0,0,1,0
1202,बाढीले जनजीवन अस्तव्यस्त,0,0,0,0
1203,"पछिल्लो घटनाक्रम: पछिल्लो विवरणअनुसार, विपद् व्यवस्थापनमा सरकारको तयारी कमजोर भएको आरोप",1,0,1,0
1204,"नयाँ तथ्य सार्वजनिक: अनुगमनपछि, सुरक्षाकर्मीले प्रदर्शनकारीमाथि बल प्रयोग गरेको दाबी",0,0,0,0
1205,घटनाक्रममा औषधि खरिदमा अनियमितताको आरोपपछि छानबिन सुरु ,0,0,0,0
1206,स्थानीय तहको विवरण: औषधि अभाव भएपछि बिरामीका आफन्तले अस्पताल प्रशासनसँग विरोध जनाए ,0,0,1,0
1207,"पछिल्लो घटनाक्रम: अनुगमनपछि, पर्यटन पूर्वाधार कमजोर भएको व्यवसायीको असन्तुष्टि",0,0,1,1
1208,"आज सार्वजनिक जानकारीअनुसार, सडक बत्ती नहुँदा राति हिँड्न जोखिम बढेको स्थानीयको गुनासो",0,0,0,0
1209,"स्थानीय विवरणअनुसार, मौसम पूर्वानुमान प्रणाली सुधार्न सरकारले योजना बनायो",0,0,0,0
1210,"सिँचाइ आयोजना सम्पन्न गर्न स्थानीयले दबाब दिए, आगामी चरणमा समीक्षा गरिने जनाइएको छ",0,0,0,0
1211,"यसैबीच, सम्बन्धित निकायका अनुसार, बीउ वितरणमा पक्षपात भएको भन्दै केही किसानले प्रश्न उठाए",0,0,1,0
1212,बैठकपछि कर नीति बारे सरोकारवालाको चासो,0,0,0,0
1213,"अनुगमनको क्रममा स्थानीय विवरणअनुसार, भवन निर्माणमा मापदण्ड पालना नगरेको आरोप",0,0,0,0
1214,ट्याक्सी चालकले नयाँ नियमप्रति असन्तुष्टि बताए — आजको अपडेट,0,0,1,0
1215,सौर्य ऊर्जा प्रयोग बढाउन गाउँपालिकाको अनुदान कार्यक्रम,0,0,0,0
1216,घटनाक्रममा युवा पुस्ता मेहनत गर्नै नचाहने टिप्पणीप्रति आलोचना ,0,0,1,0
1217,पछिल्लो घटनाक्रम: साइबर अपराधीको गिरोह सक्रिय भएको बताउँदै त्रास ,0,1,0,0
1218,अनुगमनको क्रममा महिला समूहले सामूहिक व्यवसायबाट आम्दानी थपेको छ,0,0,0,0
1219,"पछिल्लो घटनाक्रम: नयाँ निर्णयसँगै, नदी सफाइ अभियानमा स्थानीय विद्यालयका विद्यार्थी सहभागी",0,0,0,0
1220,बैठकपछि संसद् बैठक भन्दै पक्षको दाबी,0,0,1,0
1221,"आज सार्वजनिक जानकारीअनुसार, ट्याक्सी चालकले नयाँ नियमप्रति असन्तुष्टि बताए",0,0,1,0
1222,पछिल्लो घटनाक्रम: वन्यजन्तु संरक्षण बजेट कटौतीप्रति अभियन्ताको विरोध ,0,0,1,0
1223,विश्वसम्पदा सूचीमा सूचीकृत ऐतिहासिक स्मारकसमेत संरक्षणको अभावमा जिर्ण ,0,0,0,0
1224,नयाँ तथ्य सार्वजनिक: तस्करको गिरोह सक्रिय भएको भन्दै सीमावर्ती क्षेत्रमा त्रास ,0,1,1,0
1225,"घटनापछि, समावेशी नीतिको कार्यान्वयन कमजोर भएको अधिकारकर्मीको आरोप",0,0,1,0
1226,अनुगमनको क्रममा वन कार्यालयले अवैध काठ कटानी नियन्त्रणका लागि गस्ती थपेको छ ,0,0,0,0
1227,नयाँ तथ्य सार्वजनिक: ब्याजदर बढेपछि ऋणी व्यवसायी थप दबाबमा ,0,0,0,0
1228,"पछिल्लो विवरणअनुसार, कारखाना बन्द हुँदा मजदुर परिवारको आम्दानी रोकियो",0,0,0,0
1229,"स्थानीय तहको विवरण: आज सार्वजनिक जानकारीअनुसार, प्रश्नपत्र चुहावटको खबरले शिक्षाक्षेत्रमा सनसनी",0,0,0,0
1230,बैठकपछि स्थानीय विकास योजना भन्दै आलोचकको प्रतिक्रिया,0,0,1,0
1231,"स्थानीय विवरणअनुसार, उद्योगीले कर नीतिले व्यवसाय धरापमा परेको जनाए",0,0,0,0
1232,"पछिल्लो घटनाक्रम: पछिल्लो विवरणअनुसार, पर्यटन पूर्वाधार कमजोर भएको व्यवसायीको असन्तुष्टि",0,0,1,1
1233,विद्युत् कटौतीले उद्योग व्यवसाय संकटमा,0,0,0,0
1234,नयाँ तथ्य सार्वजनिक: मोबाइल बैंकिङ बन्द हुँदा ग्राहकमा ठूलो अन्योल ,0,0,0,0
1235,"स्थानीय विवरणअनुसार, यात्रामा महिलाले असुरक्षित महसुस गर्ने गरेको सर्वेक्षण",0,0,0,1
1236,"यसैबीच, प्रहरीमाथि अधिकार दुरुपयोग गरेको आरोप ",0,0,1,0
1237,"यसैबीच, बैठकपछि, खेलाडी छनोटमा पारदर्शिता नभएको भन्दै प्रश्न उठ्यो",0,0,1,0
1238,अनुगमनको क्रममा राजमार्गमा दुर्घटना बढेपछि ट्राफिक प्रहरीले निगरानी बढायो ,0,0,0,0
1239,"सिँचाइ आयोजना सम्पन्न गर्न स्थानीयले दबाब दिए, सरोकारवालासँग परामर्श जारी हुने अपेक्षा",0,0,0,0
1240,"स्थानीय विवरणअनुसार, समावेशी नीतिको कार्यान्वयन कमजोर भएको अधिकारकर्मीको आरोप",0,0,1,0
1241,"यसैबीच, सरकारले ऊर्जा निर्यात बढाउने लक्ष्य सार्वजनिक गर्‍यो ",0,0,0,0
1242,"बैठकपछि, राहत नपुगेपछि पीडितको आक्रोश चुलियो",0,1,1,0
1243,पछिल्लो घटनाक्रम: शिक्षक संघले शिक्षा नीतिलाई व्यवहारिक नभएको दाबी लगायो ,0,0,0,0
1244,अस्पतालले बिरामीका लागि नयाँ शल्यक्रिया सेवा थालेको छ,0,0,0,0
1245,"पछिल्लो विवरणअनुसार, वैदेशिक रोजगारीमा ठगी बढेको भन्दै परिवार चिन्तामा",0,0,1,0
1246,"सिँचाइ आयोजना सम्पन्न गर्न स्थानीयले दबाब दिए, सरोकारवालासँग परामर्श जारी भनिएको छ",0,0,0,0
1247,"स्थानीय तहको विवरण: छलफलपछि, कलेज शुल्क बढेपछि विद्यार्थी संगठन आन्दोलनमा",0,0,0,0
1248,वृद्ध नागरिकहरू का मानिसहरू ऊर्जा परियोजना बाट सबैभन्दा बढी प्रभावित हुने दाबी,0,0,0,1
1249,"सम्बन्धित निकायका अनुसार, स्थानीय बस सेवा विस्तार भएपछि यात्रुको समय बचत",0,0,0,0
1250,शिक्षा संकट गहिरिँदै गएको विज्ञको चेतावनी,0,0,0,0
1251,स्थानीय तहको विवरण: खेलाडी छनोटमा पक्षपात भएको भन्दै प्रश्न,0,0,1,0
1252,रोजगारीका लागि विदेश जाने युवाको संख्या बढ्यो,0,0,0,0
1253,"सरकारले नयाँ कृषि नीति कार्यान्वयन गर्ने तयारी, बारे मन्त्रालयले जानकारी दिएको छ",0,0,0,0
1254,"पछिल्लो घटनाक्रम: अनुगमनपछि, विदेश जान युवाको भीड बढ्दा गाउँमा श्रमिक अभाव",0,0,0,0
1255,"सरकारले नयाँ कृषि नीति कार्यान्वयन गर्ने तयारी, सरोकारवालासँग परामर्श जारी हुने अपेक्षा",0,0,0,0
1256,घटनाक्रममा कलाकारलाई आलोचना सहन नसक्ने बताउँदै सामाजिक सञ्जालमा टिप्पणी ,0,0,1,0
1257,फुटपाथ अतिक्रमण हटाएपछि पैदल यात्रुलाई सहज,0,0,0,0
1258,घटनाक्रममा कृषकहरू मेहनत गर्नै नचाहने भएको टिप्पणी विवादमा,0,0,0,0
1259,"यसैबीच, बैठकपछि, शिक्षक अभावले कक्षा सञ्चालनमा समस्या",0,0,0,0
1260,घटनाक्रममा कलाकारको नयाँ सिर्जनाले कला क्षेत्रमा ठूलो हलचल ,0,0,0,0
1261,"निर्णयपछि बैठकपछि, साइबर अपराधीको गिरोह सक्रिय भएको बताउँदै त्रास",0,1,0,0
1262,"घटनाक्रममा छलफलपछि, अन्तिम मिनेटको गोलले टोलीलाई रोमाञ्चक जित",0,0,0,0
1263,घटनाक्रममा चुनावी प्रचारमा नेताहरूले मतदातासँग नयाँ प्रतिबद्धता जनाए ,0,0,0,0
1264,साना उद्यमीहरू का मानिसहरू स्वास्थ्य योजना बाट सबैभन्दा बढी प्रभावित हुने दाबी,0,0,0,0
1265,पछिल्लो घटनामा कलाकारको नयाँ सिर्जनाले कला क्षेत्रमा ठूलो हलचल ,0,0,0,0
1266,सरकारले नयाँ कृषि नीति कार्यान्वयन गर्ने तयारी — भोलिदेखि लागू गर्ने तयारी,0,0,0,0
1267,"किसानले उत्पादनको उचित मूल्य मागे, सरोकारवालासँग परामर्श जारी",0,0,0,0
1268,"स्थानीय तहको विवरण: अनुगमनपछि, जलस्रोत संरक्षणका लागि समुदायले नयाँ नियम बनायो",0,0,0,0
1269,स्थानीय तहको विवरण: प्रहरीले साइबर अपराधविरुद्ध विशेष अभियान सुरु गर्‍यो ,0,0,1,0
1270,किसानहरू ले कृषि कार्यक्रम बारे एउटै धारणा राख्ने भनाइ सार्वजनिक,0,0,0,0
1271,"सडक दुर्घटनामा ज्यान गुमाउनेहरूको सङ्ख्या बढ्दै, लापरवाह चालकमाथि कारबाहीको माग ",0,0,0,0
1272,"कृषि अनुदान वितरणमा पारदर्शिता माग, समस्या समाधान गर्न पहल थालिएको छ हुने अपेक्षा",0,0,0,0
1273,"घटनाक्रममा आज सार्वजनिक विवरणमा, वन फँडानी बढ्दा वातावरणीय संकट गहिरिने चेतावनी",0,0,0,0
1274,"स्थानीय तहको विवरण: आज सार्वजनिक जानकारीअनुसार, कलेज शुल्क बढेपछि विद्यार्थी संगठन आन्दोलनमा",0,0,0,0
1275,"यसैबीच, स्थानीय विवरणअनुसार, कामदारमाथि अन्याय भएको भन्दै उद्योग अगाडि प्रदर्शन",0,0,1,0
1276,घटनाक्रममा जलविद्युत् आयोजनामा लगानी बढेपछि ऊर्जा क्षेत्र उत्साहित,0,0,0,0
1277,"यसैबीच, अनुगमनपछि, शिक्षक अभावका कारण विद्यालयको नियमित पठनपाठन असर परेको",0,0,0,0
1278,"सम्बन्धित निकायका अनुसार, असिनाले फलफूलमा ठूलो क्षति पुर्‍याएपछि किसान निराश",0,0,0,0
1279,"पछिल्लो विवरणअनुसार, प्रहरीको कारबाहीलाई स्थानीयले प्रभावकारी भने",0,0,0,0
1280,स्थानीय विकास योजना सम्बन्धी छलफल सुरु गरिएको छ,0,0,0,0
1281,"पछिल्लो घटनामा पछिल्लो विवरणअनुसार, सांसदको टिप्पणीपछि संसद् बाहिरसमेत राजनीतिक विवाद चर्कियो",0,1,0,0
1282,पछिल्लो घटनाक्रम: खानेपानी आयोजना पूरा भएपछि तीन बस्तीमा सेवा पुग्यो ,0,0,0,0
1283,"पछिल्लो घटनाक्रम: सम्बन्धित निकायका अनुसार, नयाँ सार्वजनिक शौचालय सञ्चालनमा आएपछि यात्रुलाई राहत",0,0,0,0
1284,"यसैबीच, सरकारले आलोचनालाई बेवास्ता गर्दै योजना अघि बढाएको दाबी",1,0,1,0
1285,"अनुगमनपछि, वृद्ध नागरिकले सामाजिक सुरक्षा भत्ता बढाउन माग गरे",0,0,0,0
1286,"सम्बन्धित निकायका अनुसार, सरकारले महिला व्यवसायीका लागि सहुलियत कर्जा विस्तार गर्‍यो",0,0,0,0
1287,"छलफलपछि, अवैध वन फँडानी रोक्न गस्ती बढाइयो",0,0,0,0
1288,नेपाली टोलीले कमजोर प्रदर्शन गर्दै प्रतियोगिताबाट बाहिरियो,0,0,0,1
1289,"यसैबीच, सडकमा एकपछि अर्को दुर्घटनाले यात्रुमा त्रास ",0,1,0,0
1290,तरकारीको मूल्य बढेपछि उपभोक्ता प्रभावित,0,0,0,0
1291,कृषि अनुदान वितरणमा पारदर्शिता माग; प्रति सरोकारवालाले मिश्रित प्रतिक्रिया दिएका छन्,0,0,0,0
1292,नेताहरूले जनताको कुरा कहिल्यै नसुन्ने आरोप,1,0,0,1
1293,"यसैबीच, पछिल्लो विवरणअनुसार, विपक्षी दलले नयाँ कर नीतिलाई जनतामाथिको बोझ भएको दाबी लगायो",0,0,0,0
1294,"सम्बन्धित निकायका अनुसार, विपक्षी दलले यातायात नीति असफल भएको आरोप लगायो",1,0,1,0
1295,डढेलो फैलिँदा जंगलमा भयावह अवस्था,0,1,0,0
1296,स्थानीय बासिन्दाहरू का मानिसहरू महिला उद्यम कार्यक्रम बाट सबैभन्दा बढी प्रभावित हुने दाबी,0,0,0,1
1297,"बैठकपछि, मौसम पूर्वानुमान प्रणाली सुधार्न सरकारले योजना बनायो",0,0,0,0
1298,सिँचाइ आयोजना पूरा भएपछि खेतीयोग्य जमिन विस्तार हुने ,0,0,0,0
1299,अनुगमनको क्रममा नयाँ पदमार्ग खुलेपछि गाउँमा रोजगारीको आशा ,0,0,0,0
1300,पछिल्लो घटनामा पहाडी क्षेत्रमा जथाभावी सडक खन्दा पहिरोको जोखिम,0,0,0,0
1301,"यसैबीच, अवैध काठ कटानी रोक्न वन कार्यालयले निगरानी बढायो ",0,0,0,0
1302,सरकारले आलोचनालाई बेवास्ता गर्दै योजना अघि बढाएको दाबी,1,0,1,0
1303,"बैठकपछि, हिमाली क्षेत्रमा अचानक मौसम बिग्रिँदा पदयात्री अलपत्र",0,1,0,0
1304,पछिल्लो घटनाक्रम: प्रहरीमाथि अधिकार दुरुपयोग गरेको आरोप ,0,0,1,0
1305,"स्थानीय तहको विवरण: नयाँ निर्णयसँगै, पर्यटकको भीडले प्रमुख गन्तव्यमा मच्चियो ठूलो हलचल",0,1,0,0
1306,"घटनाक्रममा अनुगमनपछि, समर्थकको आक्रोशले रंगशालामा तनाव",0,0,1,0
1307,सरकारले आलोचकको आवाज दबाउन खोजेको आरोप,1,0,0,0
1308,"यसैबीच, सम्बन्धित निकायका अनुसार, अनलाइन ठगीको जालो फैलिँदा सर्वसाधारण त्रसित",0,0,0,0
1309,पछिल्लो घटनाक्रम: सौर्य ऊर्जा परियोजनाबाट विद्यालयमा नियमित विद्युत् सेवा ,0,0,0,0
1310,"अनुगमनपछि, महिला खेलाडीले प्रतियोगितामा उत्कृष्ट प्रदर्शन गरिन्",0,0,0,0
1311,आलोचनापछि कर नीति बारे थप अध्ययन आवश्यक,0,0,1,0
1312,"छलफलपछि, अस्पतालको लापरबाहीले बिरामीको ज्यान जोखिममा परेको दाबी",0,0,0,0
1313,छलफलबीच जलस्रोत आयोजना बारे थप अध्ययन आवश्यक,0,0,0,0
1314,नयाँ औद्योगिक क्षेत्रका लागि जग्गा छनोट प्रक्रिया सुरु ,0,0,0,0
1315,"बैठकपछि, अस्पतालको लापरबाहीले बिरामीको ज्यान जोखिममा परेको आरोप",0,0,0,0
1316,नयाँ तथ्य सार्वजनिक: सिँचाइ नहर मर्मत भएपछि किसानले समयमा पानी पाउने,0,0,0,0
1317,"स्थानीय तहको विवरण: छलफलपछि, खेलाडी छनोटमा पक्षपात भएको बताउँदै प्रश्न",0,0,0,0
1318,नेपालको जलविद्युत क्षेत्रमा बङ्गलादेश र भारतसँग त्रिपक्षीय सम्झौताको तयारी,0,0,0,0
1319,"नयाँ निर्णयसँगै, पर्यटकहरू स्थानीय नियम पालना नगर्ने गरेको दाबी",0,0,0,0
1320,"पछिल्लो विवरणअनुसार, ट्याक्सी चालकले नयाँ नियमप्रति असन्तुष्टि बताए",0,0,1,0
1321,कृषि अनुदान वितरणमा पारदर्शिता माग : स्थानीय तहलाई आवश्यक निर्देशन दिइएको छ,0,0,0,0
1322,"नयाँ निर्णयसँगै, खेलाडी छनोटमा नातावाद भएको दाबी",0,0,0,0
1323,घटनाक्रममा कृषकहरू मेहनत गर्नै नचाहने भएको टिप्पणी विवादमा ,0,0,0,0
1324,"नयाँ तथ्य सार्वजनिक: घटनापछि, कृषि उपज बिक्री नभएपछि किसानले घाटा व्यहोर्नुपरेको असन्तुष्टि",0,0,1,0
1325,"अनुगमनको क्रममा आज सार्वजनिक जानकारीअनुसार, सरकारले सामुदायिक विद्यालयको भवन निर्माणका लागि अनुदान थपेको छ",0,0,0,0
1326,अनुगमनको क्रममा महिला टोलीले ऐतिहासिक सफलता हात पार्‍यो ,0,0,0,0
1327,"स्थानीय विवरणअनुसार, उद्योगीले कर नीतिले व्यवसाय धरापमा परेको बताए",0,0,0,0
1328,"पछिल्लो घटनाक्रम: आज सार्वजनिक जानकारीअनुसार, ट्याक्सी चालकले नयाँ नियमप्रति असन्तुष्टि जनाए",0,0,1,0
1329,"पछिल्लो घटनाक्रम: नयाँ निर्णयसँगै, प्रहरीले साइबर अपराधविरुद्ध विशेष अभियान सुरु गर्‍यो",0,0,1,0
1330,देशका विभिन्न स्थानमा डेंगु संक्रमण तीव्र गतिमा फैलिँदै,0,0,0,0
1331,नयाँ तथ्य सार्वजनिक: संगीत कार्यक्रमको टिकट महँगो भएपछि दर्शक असन्तुष्ट ,0,0,0,0
1332,घटनाक्रममा साहित्य महोत्सवमा लेखकहरूले अभिव्यक्ति स्वतन्त्रताबारे बहस गरे ,0,0,0,0
1333,प्रवासी श्रमिकहरू को व्यवहारलाई वातावरण संरक्षण योजना सँग जोडेर गरिएको टिप्पणी विवादमा,0,0,0,0
1334,"घटनाक्रममा स्थानीय विवरणअनुसार, ठगीको खबर फैलिएपछि सामाजिक सञ्जालमा हल्ला",0,0,0,0
1335,पछिल्लो घटनामा असिनाले फलफूलमा क्षति पुर्‍याएपछि किसान चिन्तित,0,0,0,0
1336,"घटनाक्रममा छलफलपछि, सरकारले साना उद्योगलाई कर छुट दिने प्रस्ताव अघि थपेको छ",0,0,0,0
1337,सरकारले वातावरण क्षेत्रमा नयाँ कार्यक्रम सुरु गर्ने घोषणा गर्‍यो,0,0,0,0
1338,आलोचकहरूले सहरी विकास योजना को सम्भावित कमजोरीलाई प्राथमिकताका साथ उठाए,0,0,0,0
1339,"स्थानीय विवरणअनुसार, सीमावर्ती बजारमा तस्करी नियन्त्रणका लागि संयुक्त गस्ती",0,0,0,0
1340,घटनाक्रममा पहिरोले गाउँको बाटो काटेपछि जनजीवन प्रभावित ,0,0,0,0
1341,"घटनाक्रममा स्थानीय स्रोतका अनुसार, स्थानीय अस्पतालमा नयाँ एम्बुलेन्स सेवा थपियो",0,0,0,0
1342,वैदेशिक रोजगारीमा ठगी बढेको भन्दै परिवार चिन्तामा ,0,0,1,0
1343,"आज सार्वजनिक जानकारीअनुसार, विद्यालय बन्द हुने हल्लाले अभिभावकमा त्रास",0,0,0,0
1344,"सम्बन्धित निकायका अनुसार, कृषकहरू नयाँ प्रविधि सिक्नै नचाहने आरोप",0,0,0,0
1345,स्थानीय तहमा भ्रष्टाचार बढेको अख्तियारको वार्षिक प्रतिवेदनमा खुलासा,0,0,0,0
1346,मन्त्रीपरिषद्ले प्रशासनिक सुधारसम्बन्धी निर्णय गर्‍यो,0,0,0,0
1347,प्रविधि क्षेत्रमा पारदर्शिता माग्दै नागरिक समाजको आग्रह,0,0,0,0
1348,नयाँ तथ्य सार्वजनिक: नयाँ पदमार्ग खुलेपछि गाउँमा रोजगारीको आशा ,0,0,0,0
1349,"नयाँ तथ्य सार्वजनिक: नयाँ निर्णयसँगै, अनलाइन ठगीको जालो फैलिँदा सर्वसाधारण त्रसित",0,1,0,0
1350,"यसैबीच, अनुगमनपछि, महिला समूहले सामूहिक व्यवसायबाट आम्दानी थपेको छ",0,0,0,0
1351,"यसैबीच, प्रश्नपत्र चुहावटको खबरले शिक्षाक्षेत्रमा सनसनी ",0,1,0,0
1352,"कृषि बजारमा बिचौलियाको प्रभावबारे किसानको गुनासो, बारे मन्त्रालयले जानकारी दिएको छ भनिएको छ",0,0,0,0
1353,फोहोर फाल्ने बानीले शहरलाई संकटतर्फ धकेलेको चेतावनी ,0,0,0,0
1354,"कृषि बजारमा बिचौलियाको प्रभावबारे किसानको गुनासो, स्थानीय तहलाई आवश्यक निर्देशन दिइएको छ",0,0,0,0
1355,आर्थिक मन्दीले व्यवसायीलाई गम्भीर संकट,0,0,0,0
1356,स्थानीय तहको विवरण: कामदारमाथि अन्याय भएको भन्दै उद्योग अगाडि प्रदर्शन ,0,0,1,0
1357,धार्मिक समुदायलाई लक्षित अपमानजनक टिप्पणीप्रति विरोध,0,0,1,0
1358,"पछिल्लो घटनाक्रम: छलफलपछि, वृद्ध नागरिकले सामाजिक सुरक्षा भत्ता बढाउन माग गरे",0,0,0,0
1359,"नयाँ तथ्य सार्वजनिक: पछिल्लो विवरणअनुसार, कलाकारलाई आलोचना सहन नसक्ने बताउँदै सामाजिक सञ्जालमा टिप्पणी",0,0,1,0
1360,खाद्य सुरक्षा कार्यक्रम: यस्तो निर्णयले बढायो आम चासो,0,0,0,0
1361,"नयाँ निर्णयसँगै, समर्थकको आक्रोशले रंगशालामा तनाव",0,0,1,0
1362,प्रवासी श्रमिकहरू को व्यवहारलाई निर्वाचन तयारी सँग जोडेर गरिएको टिप्पणी विवादमा,0,0,0,0
1363,"सरकारले नयाँ कृषि नीति कार्यान्वयन गर्ने तयारी, समस्या समाधान गर्न पहल थालिएको छ भनिएको छ",0,0,0,0
1364,"आज सार्वजनिक जानकारीअनुसार, श्रमिक आन्दोलनका कारण उत्पादन केही समय रोकियो",0,0,0,0
1365,सिँचाइ आयोजना सम्पन्न गर्न स्थानीयले दबाब दिए : प्रभावबारे विज्ञले अध्ययन आवश्यक बताएका छन्,0,0,0,0
1366,स्थानीय तहको विवरण: वैदेशिक रोजगारीमा ठगी बढेको भन्दै परिवार चिन्तित ,0,0,1,0
1367,"घटनाक्रममा आज सार्वजनिक विवरणमा, स्थानीय अस्पतालमा नयाँ एम्बुलेन्स सेवा थपियो",0,0,0,0
1368,सरकारले पूर्वाधार लाई प्राथमिकतामा राखेको जनाएको छ,0,0,0,0
1369,"आज सार्वजनिक विवरणमा, पानीको अभावले गाउँका परिवारको दैनिकी प्रभावित",0,0,0,0
1370,विद्युत् चुहावट नियन्त्रण गर्न नयाँ अभियान ,0,0,0,0
1371,"कृषि बजारमा बिचौलियाको प्रभावबारे किसानको गुनासो, स्थानीय तहलाई आवश्यक निर्देशन दिइएको छ जनाइएको छ",0,0,0,0
1372,सत्तारूढ दलले देश विकासको नेतृत्व आफूले मात्र गर्न सक्ने बतायो,0,0,0,0
1373,"आज सार्वजनिक जानकारीअनुसार, धार्मिक समुदायलाई लक्षित अपमानजनक टिप्पणीप्रति विरोध",0,0,1,0
1374,किसानले उत्पादनको उचित मूल्य मागे — प्रभावबारे विज्ञले अध्ययन आवश्यक बताएका छन्,0,0,0,0
1375,"नयाँ तथ्य सार्वजनिक: सम्बन्धित निकायका अनुसार, सांसदको टिप्पणीपछि संसद् बाहिरसमेत राजनीतिक विवाद चर्कियो",0,1,0,0
1376,"घटनापछि, विपद्मा स्थानीय युवाले उद्धारमा सक्रियता देखाए",0,0,0,0
1377,ताजा रिपोर्टअनुसार पर्यटन अभियान भन्दै आलोचकको प्रतिक्रिया,0,0,1,0
1378,"बैठकपछि, युवा उद्यमीको नयाँ व्यवसायले बजारमा चर्चा पायो",0,0,0,0
1379,केन्द्रीय बैंकले मौद्रिक नीतिमा केही व्यवस्था परिवर्तन गर्‍यो ,0,0,0,0
1380,व्यवसायीहरू का मानिसहरू बजेट बाट सबैभन्दा बढी प्रभावित हुने दाबी,0,0,0,1
1381,"पछिल्लो घटनामा बैठकपछि, स्वास्थ्यकर्मीमाथि दुर्व्यवहार बढेको भन्दै सुरक्षा माग",0,0,1,0
1382,"यसैबीच, अस्पतालको भीडले बिरामीमा मच्चायो ठूलो अन्योल ",0,0,0,0
1383,नयाँ तथ्य सार्वजनिक: बालीमा रोग फैलिएपछि गाउँमा चिन्ता ,0,0,0,0
1384,"नयाँ तथ्य सार्वजनिक: छलफलपछि, सुरक्षाकर्मीले प्रदर्शनकारीमाथि बल प्रयोग गरेको आरोप",0,0,0,0
1385,"स्थानीय विवरणअनुसार, बैंकिङ प्रणालीमा समस्या आएपछि ग्राहकमा अन्योल",0,0,0,0
1386,"स्थानीय तहको विवरण: स्थानीय विवरणअनुसार, सरकारले नयाँ पर्यटन वर्षका लागि प्रचार अभियान सुरु गर्‍यो",0,0,0,0
1387,"बैठकपछि, सडक निर्माणको ढिलाइप्रति स्थानीय जनप्रतिनिधिमाथि दबाब",0,0,0,0
1388,घटनाक्रममा सडक निर्माणको ढिलाइप्रति स्थानीय जनप्रतिनिधिमाथि दबाब ,0,0,0,0
1389,"घटनाक्रममा पछिल्लो विवरणअनुसार, किसानलाई उचित मूल्य नदिएको भन्दै व्यापारीविरुद्ध गुनासो",0,0,1,0
1390,पछिल्लो घटनाक्रम: सुरक्षाकर्मीले प्रदर्शनकारीमाथि बल प्रयोग गरेको दाबी ,0,0,0,0
1391,"आज सार्वजनिक जानकारीअनुसार, विपद् व्यवस्थापनमा सरकारको तयारी कमजोर भएको दाबी",0,0,1,0
1392,पछिल्लो घटनामा किसानलाई बजारसँग जोड्न स्थानीय तहको नयाँ कार्यक्रम,0,0,0,0
1393,अस्पतालको लापरबाहीले बिरामीको ज्यान जोखिममा,0,0,0,0
1394,स्थानीय तहको विवरण: साइबर अपराधीको गिरोह सक्रिय भएको भन्दै त्रास ,0,1,1,0
1395,"छलफलपछि, बालीमा रोग फैलिएपछि किसान चिन्तामा",0,0,0,0
1396,"पछिल्लो घटनाक्रम: नयाँ निर्णयसँगै, विश्वविद्यालयले अनुसन्धानका लागि नयाँ छात्रवृत्ति घोषणा गर्‍यो",0,0,0,0
1397,"घटनापछि, विश्वविद्यालयले अनुसन्धान अनुदानको नयाँ मापदण्ड ल्यायो",0,0,0,0
1398,"स्थानीय तहको विवरण: आज सार्वजनिक जानकारीअनुसार, खेलाडी छनोटमा पक्षपात भएको भन्दै प्रश्न",0,0,1,0
1399,नयाँ निर्णयले पर्यटन क्षेत्रमा ठूलो परिवर्तन ल्याउने दाबी,0,0,0,0
1400,"आज सार्वजनिक जानकारीअनुसार, राहत नपुगेपछि पीडितको आक्रोश चुलियो",0,1,1,0
1401,"घटनापछि, नगरपालिकाले सार्वजनिक पार्कमा नयाँ सुविधा थप्यो",0,0,0,0
1402,"नयाँ तथ्य सार्वजनिक: पछिल्लो विवरणअनुसार, नदी प्रदूषण रोक्न स्थानीय समूहले अभियान थाले",0,0,0,0
1403,"छलफलपछि, लामो विद्युत् अवरोधले उद्योगमा ठूलो क्षति",0,0,0,0
1404,"अनुगमनको क्रममा घटनापछि, किसानलाई उचित मूल्य नदिएको बताउँदै व्यापारीविरुद्ध गुनासो",0,0,1,0
1405,सरकारको असफलताले जनता निराश,1,0,1,0
1406,सरकारको यातायात योजना सफल हुने मन्त्रीको दाबी,0,0,0,0
1407,"स्थानीय तहमा घटनापछि, युवा पुस्ता मेहनतबाट भागिरहेको टिप्पणीप्रति विरोध,",0,0,1,0
1408,"कृषि अनुदान वितरणमा पारदर्शिता माग, बारे मन्त्रालयले जानकारी दिएको छ का लागि पहल",0,0,0,0
1409,नयाँ एम्बुलेन्स थपिएपछि आकस्मिक सेवा सहज हुने अपेक्षा ,0,0,0,0
1410,"सरकारले नयाँ कृषि नीति कार्यान्वयन गर्ने तयारी, भोलिदेखि लागू गर्ने तयारी हुने अपेक्षा",0,0,0,0
1411,"नयाँ तथ्य सार्वजनिक: बैठकपछि, केन्द्रीय बैंकले मौद्रिक नीतिमा केही व्यवस्था परिवर्तन गर्‍यो",0,0,0,0
1412,कृषि कार्यक्रम सम्बन्धी योजना अघि बढाइने भएको छ,0,0,0,0
1413,सरकारले विद्यालय पोषण कार्यक्रमका लागि बजेट बढायो ,0,0,0,0
1414,"अनुगमनको क्रममा सम्बन्धित निकायका अनुसार, सडक विस्तारको काम सुस्त भएपछि ठेकेदारसँग स्पष्टीकरण माग",0,0,0,0
1415,"बैठकपछि, तरकारी व्यापारीमाथि कालोबजारीको आरोप",0,0,0,0
1416,"नयाँ तथ्य सार्वजनिक: बैठकपछि, शिक्षक संघले शिक्षा नीतिलाई व्यवहारिक नभएको दाबी लगायो",0,0,0,0
1417,"कृषि अनुदान वितरणमा पारदर्शिता माग, कार्यान्वयनका लागि कार्यदल गठन",0,0,0,0
1418,सहरी बासिन्दाहरू का मानिसहरू सार्वजनिक यातायात सुधार बाट सबैभन्दा बढी प्रभावित हुने दाबी,0,0,0,0
1419,"पछिल्लो घटनामा सम्बन्धित निकायका अनुसार, लोडसेडिङको हल्लाले उपभोक्तामा अनावश्यक त्रास",0,0,0,0
1420,"सम्बन्धित निकायका अनुसार, आकस्मिक सेवामा ढिलाइ हुँदा बिरामीको अवस्था गम्भीर",0,0,0,0
1421,"नयाँ निर्णयसँगै, टोलीको लगातार हारपछि प्रशिक्षकमाथि दबाब",0,0,0,0
1422,"अनुगमनको क्रममा स्थानीय विवरणअनुसार, विपद् व्यवस्थापनमा सरकारको तयारी कमजोर भएको दाबी",0,0,1,0
1423,वातावरण संकट गहिरिँदै गएको विज्ञको चेतावनी,0,0,0,0
1424,विपक्षी दलले यातायात नीति असफल भएको आरोप लगायो,1,0,1,0
1425,"नयाँ निर्णयसँगै, लोडसेडिङ फर्किएको हल्लाले उपभोक्तामा अनावश्यक त्रास",0,1,0,0
1426,"यसैबीच, छलफलपछि, कर बढेपछि उद्योगीले सरकारी नीतिप्रति असन्तुष्टि बताए",1,0,1,0
1427,अल्पसंख्यक समुदायलाई लक्षित टिप्पणीप्रति विरोध,0,0,1,0
1428,"पछिल्लो घटनाक्रम: स्थानीय विवरणअनुसार, कामदारमाथि अन्याय भएको भन्दै उद्योग अगाडि प्रदर्शन",0,0,1,0
1429,"सम्बन्धित निकायका अनुसार, अनलाइन ठगी बढेपछि बैंक ग्राहक त्रसित",0,0,0,0
1430,"यसैबीच, आज सार्वजनिक विवरणमा, स्थानीय समुदायले वन संरक्षण अभियानमा सहभागिता जनाए",0,0,0,0
1431,कृषकहरू नयाँ प्रविधि सिक्नै नचाहने दाबी ,0,0,0,0
1432,"अनुगमनपछि, तस्करीको घटनाले सीमाक्षेत्रमा ठूलो सनसनी",0,1,0,0
1433,"पछिल्लो घटनाक्रम: पछिल्लो विवरणअनुसार, सीप तालिमपछि युवाले आफ्नै व्यवसाय सुरु गरे",0,0,0,0
1434,महिला उद्यम कार्यक्रम सम्बन्धी तथ्यांक सार्वजनिक भयो,0,0,0,0
1435,"नयाँ निर्णयसँगै, कारखाना बन्द हुँदा मजदुर परिवारको आम्दानी रोकियो",0,0,0,0
1436,श्रमिकहरू काममा ढिलासुस्ती गर्ने दाबीप्रति युनियनको आपत्ति ,0,0,0,0
1437,आलोचनापछि ऊर्जा परियोजना बारे मिश्रित प्रतिक्रिया,0,0,1,0
1438,साना उद्यमीहरू का मानिसहरू पर्यटन अभियान बाट सबैभन्दा बढी प्रभावित हुने दाबी,0,0,0,0
1439,"निर्णयपछि अनुगमनपछि, राहत ढिलो पुगेपछि पीडितको आक्रोश चुलियो",0,1,1,0
1440,प्रहरीले साइबर अपराधविरुद्ध विशेष अभियान सुरु गर्‍यो,0,0,1,0
1441,"घटनाक्रममा सम्बन्धित निकायका अनुसार, युवा पुस्ता मेहनत गर्नै नचाहने टिप्पणीप्रति आलोचना",0,0,1,0
1442,ताजा रिपोर्टअनुसार पूर्वाधार आयोजना भन्दै पक्षको दाबी,0,0,1,0
1443,निजी क्षेत्र का मानिसहरू सार्वजनिक यातायात सुधार बाट सबैभन्दा बढी प्रभावित हुने दाबी,0,0,0,0
1444,"सरकारले नयाँ कृषि नीति कार्यान्वयन गर्ने तयारी, समस्या समाधान गर्न पहल थालिएको छ हुने अपेक्षा",0,0,0,0
1445,नयाँ तथ्य सार्वजनिक: कर बढेपछि उद्योगीले सरकारी नीतिप्रति असन्तुष्टि बताए,1,0,1,0
1446,"पछिल्लो विवरणअनुसार, पर्यटकको आगमन बढेपछि होटल व्यवसायमा चहलपहल",0,0,0,0
1447,व्यवसायीहरू को व्यवहारलाई खाद्य सुरक्षा कार्यक्रम सँग जोडेर गरिएको टिप्पणी विवादमा,0,0,0,0
1448,नयाँ तथ्य सार्वजनिक: प्रहरीले साइबर अपराधविरुद्ध विशेष अभियान सुरु गर्‍यो,0,0,1,0
1449,"स्थानीय विवरणअनुसार, विपद्मा स्थानीय युवाले उद्धारमा सक्रियता देखाए",0,0,0,0
1450,अनुगमनको क्रममा श्रमिकको न्यूनतम पारिश्रमिक बढाउने निर्णय ,0,0,0,0
1451,तस्करीको घटनाले सीमाक्षेत्रमा ठूलो सनसनी,0,1,0,0
1452,अतिक्रमणको चपेटामा पर्दै गएका ऐतिहासिक पोखरीहरूको संरक्षण सुरु ,0,0,0,0
1453,"पछिल्लो घटनामा नयाँ निर्णयसँगै, औषधि नपाएपछि बिरामीका आफन्त अस्पताल प्रशासनसँग आक्रोशित",0,1,1,0
1454,"किसानले उत्पादनको उचित मूल्य मागे, भोलिदेखि लागू गर्ने तयारी भनिएको छ",0,0,0,0
1455,"घटनाक्रममा पछिल्लो विवरणअनुसार, पर्यटकीय क्षेत्रमा आगन्तुक बढेपछि होटल व्यवसाय चलायमान",0,0,0,0
1456,"कृषि बजारमा बिचौलियाको प्रभावबारे किसानको गुनासो, बारे मन्त्रालयले जानकारी दिएको छ का लागि पहल",0,0,0,0
1457,नयाँ तथ्य सार्वजनिक: फोहोरको थुप्रो देखेर स्थानीयमा आक्रोश ,0,0,1,0
1458,यात्रु माथि विभेदपूर्ण टिप्पणीप्रति सामाजिक अभियन्ताको आपत्ति,0,0,0,0
1459,"आज सार्वजनिक जानकारीअनुसार, नयाँ औद्योगिक क्षेत्रका लागि जग्गा छनोट प्रक्रिया सुरु",0,0,0,0
1460,"स्थानीय तहमा विद्यार्थीहरू पढाइमा ध्यानै नदिने भएको दाबी सामाजिक सञ्जालमा ,",0,0,0,0
1461,"छलफलपछि, अवैध वन फँडानी रोक्न गस्ती थपिएको छ",0,0,0,0
1462,निर्णयपछि खेलाडीलाई कमजोर ठान्ने टिप्पणीपछि प्रशिक्षक विवादमा ,0,0,1,0
1463,"किसानले उत्पादनको उचित मूल्य मागे, समस्या समाधान गर्न पहल थालिएको छ हुने अपेक्षा",0,0,0,0
1464,"स्थानीय विवरणअनुसार, प्रहरीले साइबर अपराधविरुद्ध विशेष अभियान सुरु गर्‍यो",0,0,1,0
1465,"घटनापछि, प्राध्यापकको भनाइलाई लिएर क्याम्पसमा विवाद",0,0,0,0
1466,"अनुगमनपछि, कामदारहरू मेहनतबाट टाढिँदै गएको दाबीप्रति ट्रेड युनियनको आपत्ति",0,0,0,0
1467,"यसैबीच, अनुगमनपछि, विद्यार्थीहरू पढाइमा गम्भीर नहुने भन्दै आलोचना",0,0,1,0
1468,स्वास्थ्य सेवाको कमजोरीले बिरामीको जीवन जोखिममा परेको दाबी,0,0,0,0
1469,"यसैबीच, घटनापछि, सरकारले ऊर्जा निर्यात बढाउने लक्ष्य सार्वजनिक गर्‍यो",0,0,0,0
1470,"स्थानीय विवरणअनुसार, समावेशी नीतिको कार्यान्वयन कमजोर भएको अधिकारकर्मीको दाबी",0,0,1,0
1471,कृषि बजारमा बिचौलियाको प्रभावबारे किसानको गुनासो : समस्या समाधान गर्न पहल थालिएको छ,0,0,0,0
1472,सिँचाइ आयोजना सम्पन्न गर्न स्थानीयले दबाब दिए — स्थानीय तहलाई आवश्यक निर्देशन दिइएको छ,0,0,0,0
1473,"यसैबीच, सम्बन्धित निकायका अनुसार, साइबर अपराधीको गिरोह सक्रिय भएको बताउँदै त्रास",0,0,0,0
1474,"सरकारले नयाँ कृषि नीति कार्यान्वयन गर्ने तयारी, कार्यान्वयनका लागि कार्यदल गठन को तयारी",0,0,0,0
1475,वृद्ध नागरिकहरू का मानिसहरू कर नीति बाट सबैभन्दा बढी प्रभावित हुने दाबी,0,0,0,1
1476,श्रमिकको न्यूनतम पारिश्रमिक बढाउने निर्णय ,0,0,0,0
1477,वृद्ध नागरिकहरू का मानिसहरू युवा नीति बाट सबैभन्दा बढी प्रभावित हुने दाबी,0,0,0,1
1478,"पछिल्लो विवरणअनुसार, विपक्षी दलले यातायात नीति असफल भएको आरोप लगायो",1,0,1,0
1479,पछिल्लो घटनाक्रम: मल नपाएपछि किसानले खेती नै रोक्नुपर्ने अवस्था आएको बताए ,0,0,0,0
1480,प्रवासी श्रमिकहरू का मानिसहरू खाद्य सुरक्षा कार्यक्रम बाट सबैभन्दा बढी प्रभावित हुने दाबी,0,0,0,1
1481,"घटनापछि, भन्सार दर बढेपछि आयातकर्ता चिन्तित",0,0,0,0
1482,"घटनापछि, पर्यटकहरू स्थानीय संस्कृतिको सम्मान नगर्ने गरेको आरोप",0,0,0,0
1483,जंगली जनावर बस्तीमा पस्दा स्थानीयमा त्रास ,0,1,0,0
1484,अनुगमनको क्रममा कर बढेपछि उद्योगीले सरकारी नीतिप्रति असन्तुष्टि जनाए ,1,0,1,0
1485,"यसैबीच, सार्वजनिक यातायातको नयाँ रुटले यात्राको समय घटायो ",0,0,0,0
1486,घटनाक्रममा खेलाडी छनोटमा पक्षपात भएको बताउँदै प्रश्न ,0,0,0,0
1487,नयाँ तथ्य सार्वजनिक: कामदारमाथि अन्याय भएको भन्दै उद्योग अगाडि प्रदर्शन,0,0,1,0
1488,"सम्बन्धित निकायका अनुसार, स्वास्थ्यकर्मीमाथि दुर्व्यवहार बढेको भन्दै सुरक्षा माग",0,0,1,0
1489,ऊर्जा परियोजना सम्बन्धी निर्णय सार्वजनिक गरिएको छ,0,0,0,0
1490,व्यवसायीहरू का मानिसहरू वातावरण संरक्षण योजना बाट सबैभन्दा बढी प्रभावित हुने दाबी,0,0,0,1
1491,"स्थानीय तहको विवरण: बैठकपछि, कलाकारलाई आलोचना सहन नसक्ने बताउँदै सामाजिक सञ्जालमा टिप्पणी",0,0,1,0
1492,"नयाँ तथ्य सार्वजनिक: नयाँ निर्णयसँगै, औषधि खरिदमा अनियमितताको दाबीपछि छानबिन सुरु",0,0,0,0
1493,"अनुगमनपछि, स्थानीय बस सेवा विस्तार भएपछि यात्रुको समय बचत",0,0,0,0
1494,"यसैबीच, प्रहरीमाथि अधिकार दुरुपयोग गरेको दाबी",0,0,1,0
1495,"सरकारले नयाँ कृषि नीति कार्यान्वयन गर्ने तयारी, प्रभावबारे विज्ञले अध्ययन आवश्यक बताएका छन् को तयारी",0,0,0,0
1496,सत्तारूढ दलको निर्णयप्रति कार्यकर्तामै असन्तुष्टि,1,0,1,0
1497,"निर्णयपछि घटनापछि, महिलाले नेतृत्व गर्न नसक्ने पुरानो धारणा फेरि विवादमा",0,0,0,0
1498,"सिँचाइ आयोजना सम्पन्न गर्न स्थानीयले दबाब दिए, स्थानीय तहलाई आवश्यक निर्देशन दिइएको छ को तयारी",0,0,0,0
1499,"यसैबीच, घटनापछि, फोहोरले नदीको अवस्था भयावह बनेको भन्दै चेतावनी",0,1,1,0
1500,घोषणापछि संसद् बैठक बारे मिश्रित प्रतिक्रिया,0,0,0,0
1501,"अनुगमनपछि, अनलाइन ठगी बढेपछि ग्राहकमा ठूलो त्रास",0,1,0,0
1502,फोहोरले नदीको अवस्था भयावह बनेको बताउँदै चेतावनी ,0,1,0,0
1503,"किसानले उत्पादनको उचित मूल्य मागे, सरोकारवालासँग परामर्श जारी का लागि पहल",0,0,0,0
1504,"स्थानीय विवरणअनुसार, विपक्षी दलले यातायात नीति असफल भएको आरोप लगायो",1,0,1,0
1505,"निर्णयपछि सम्बन्धित निकायका अनुसार, सडक मर्मत ढिलो भएपछि स्थानीयले जनप्रतिनिधिसँग प्रश्न गरे",0,0,0,0
1506,छलफलबीच युवा नीति बारे थप अध्ययन आवश्यक,0,0,0,0
1507,"यसैबीच, स्थानीय विवरणअनुसार, पर्यटन पूर्वाधार कमजोर भएको व्यवसायीको गुनासो",0,0,1,1
1508,"घटनाक्रममा आज सार्वजनिक जानकारीअनुसार, साइबर अपराधीको गिरोह सक्रिय भएको भन्दै त्रास",0,0,1,0
1509,"घटनाक्रममा बैठकपछि, बस दुर्घटनाले यात्रुमा त्रास फैलियो",0,1,0,0
1510,"पछिल्लो घटनाक्रम: बैठकपछि, कलाकारलाई आलोचना सहन नसक्ने भन्दै सामाजिक सञ्जालमा टिप्पणी",0,0,1,0
1511,"अनुगमनको क्रममा सम्बन्धित निकायका अनुसार, प्रहरीले साइबर अपराधविरुद्ध विशेष अभियान सुरु गर्‍यो",0,0,1,0
1512,"यसैबीच, वैदेशिक रोजगारीमा ठगी बढेको भन्दै परिवार चिन्तामा",0,0,1,0
1513,"छलफलपछि, युवा उद्यमीको नयाँ व्यवसायले बजारमा चर्चा पायो",0,0,0,0
1514,"सम्बन्धित निकायका अनुसार, प्रहरीले साइबर अपराधविरुद्ध विशेष अभियान सुरु गर्‍यो",0,0,1,0
1515,निर्णयपछि परीक्षा परिणाम सार्वजनिक भएपछि विद्यालयमा मिश्रित प्रतिक्रिया ,0,0,0,0
1516,मन्त्रीको साहसी कदमले प्रशासनमा नयाँ ऊर्जा,0,0,0,0
1517,अनुगमनको क्रममा फोहोर व्यवस्थापनमा कमजोरी भएपछि बजार क्षेत्र दुर्गन्धित ,0,0,1,0
1518,पछिल्लो घटनाक्रम: विपक्षी दलले स्वास्थ्य बजेट अपर्याप्त भएको बताउँदै सरकारको आलोचना गर्‍यो ,1,0,1,0
1519,"स्थानीय तहको विवरण: पछिल्लो विवरणअनुसार, श्रमिकहरू काममा ढिलासुस्ती गर्ने आरोपप्रति युनियनको आपत्ति",0,0,0,0
1520,"यसैबीच, बैठकपछि, भूकम्प जोखिम भएका भवनको प्राविधिक परीक्षण सुरु",0,0,0,0
1521,"स्थानीय तहमा खानेपानी आयोजना वर्षौँदेखि अलपत्र परेको स्थानीयको असन्तुष्टि ,",0,0,1,0
1522,"राजनीतिक दलका भातृ संस्थाबीच विश्वविद्यालय परिसरमै झडप, घाइते",0,0,0,0
1523,नदीमा बाढी आएपछि सयौँ परिवार विस्थापित,0,0,0,0
1524,"स्थानीय तहमा नयाँ निर्णयसँगै, विद्यार्थी संगठनले शिक्षा नीतिविरुद्ध विरोध प्रदर्शन गरे,",0,0,1,0
1525,"आज सार्वजनिक जानकारीअनुसार, सौर्य ऊर्जा प्रयोग बढाउन गाउँपालिकाको अनुदान कार्यक्रम",0,0,0,0
1526,"कृषि अनुदान वितरणमा पारदर्शिता माग, प्रभावबारे विज्ञले अध्ययन आवश्यक बताएका छन्",0,0,0,0
1527,"अनुगमनको क्रममा आज सार्वजनिक जानकारीअनुसार, शिकारी समूह पक्राउ परेपछि निकुञ्ज प्रशासन उत्साहित",0,0,0,0
1528,आलोचनापछि खाद्य सुरक्षा कार्यक्रम बारे सरोकारवालाको चासो,0,0,1,0
1529,गाउँका मानिस आधुनिक जीवनशैली नअपनाउने भनाइ,0,0,0,0
1530,"घटनापछि, चाडपर्वमा सुरक्षा व्यवस्था कडा पारियो",0,0,0,0
1531,"सरकारले नयाँ कृषि नीति कार्यान्वयन गर्ने तयारी, प्रति सरोकारवालाले मिश्रित प्रतिक्रिया दिएका छन् को तयारी",0,0,0,0
1532,"नयाँ निर्णयसँगै, अधिकारकर्मीले समावेशी नीति कार्यान्वयन कमजोर भएको बताए",0,0,1,0
1533,निर्णयपछि वन क्षेत्रमा दुर्लभ जनावर देखिएपछि संरक्षणकर्मी उत्साहित ,0,0,0,0
1534,"शेयर बजारमा भारी गिरावट, लगानीकर्ताहरू निराश भई सडकमा ",0,0,0,0
1535,नयाँ तथ्य सार्वजनिक: विद्युत् महसुल बढाउने प्रस्तावप्रति उपभोक्ता असन्तुष्ट ,0,0,0,0
1536,तरकारीको मूल्य अकस्मात बढ्दा बजारमा हाहाकार ,0,1,0,0
1537,नयाँ तथ्य सार्वजनिक: खानेपानी आयोजना वर्षौँदेखि अलपत्र परेको स्थानीयको गुनासो ,0,0,0,0
1538,"नयाँ निर्णयसँगै, सीमावर्ती बजारमा तस्करी नियन्त्रणका लागि संयुक्त गस्ती",0,0,0,0
1539,"घटनाक्रममा स्थानीय स्रोतका अनुसार, तस्करको गिरोह सक्रिय भएको भन्दै सीमावर्ती क्षेत्रमा त्रास",0,0,1,0
1540,"बैठकपछि, अवैध वन फँडानी रोक्न गस्ती थपिएको छ",0,0,0,0
1541,कृषि कार्यक्रम लाई सत्तारूढ पक्षले उपलब्धिका रूपमा प्रस्तुत गर्‍यो,0,0,0,0
1542,पछिल्लो घटनामा पर्यटकीय क्षेत्रमा आगन्तुक बढेपछि होटल व्यवसाय चलायमान,0,0,0,0
1543,"घटनापछि, धार्मिक समुदायलाई लक्षित अपमानजनक टिप्पणीप्रति विरोध",0,0,1,0
1544,"बैठकपछि, सरकारले सामाजिक सुरक्षा भत्ता समायोजन गर्ने तयारी",0,0,0,0
1545,"आज सार्वजनिक जानकारीअनुसार, शहरको मुख्य चोकमा ट्राफिक जामले यात्रु हैरान",0,0,0,0
1546,"नयाँ निर्णयसँगै, विद्यालय बन्द हुने हल्लाले अभिभावकमा त्रास",0,1,0,0
1547,"छलफलपछि, सौर्य ऊर्जा प्रयोग बढाउन गाउँपालिकाको अनुदान कार्यक्रम",0,0,0,0
1548,"घटनाक्रममा पछिल्लो विवरणअनुसार, समर्थकको ठूलो भीडले रंगशाला भरियो",0,0,0,0
1549,"नयाँ निर्णयसँगै, परीक्षा प्रश्नपत्र चुहावटको खबरले शैक्षिक क्षेत्रमा हलचल",0,0,0,0
1550,"सम्बन्धित निकायका अनुसार, बाढीपछि सयौँ परिवार विस्थापित",0,0,0,0
1551,यातायात समस्या बढेपछि यात्रु चिन्तित,0,0,0,0
1552,"घटनाक्रममा नयाँ निर्णयसँगै, स्थानीय भाषाको चलचित्रले दर्शक तान्यो",0,0,0,0
1553,"सरकारले नयाँ कृषि नीति कार्यान्वयन गर्ने तयारी, आगामी चरणमा समीक्षा गरिने जनाइएको छ",0,0,0,0
1554,निजी क्षेत्र लाई संसद् बैठक को मुख्य जिम्मेवार पक्षका रूपमा चित्रण,0,0,0,0
1555,"यसैबीच, सडकमा एकपछि अर्को दुर्घटनाले यात्रुमा त्रास",0,1,0,0
1556,"यसैबीच, बैठकपछि, वैदेशिक रोजगारीमा ठगी बढेको भन्दै परिवार चिन्तामा",0,0,1,0
1557,भाडा वृद्धिको निर्णयले यात्रुमाथि थप भार,0,0,0,0
1558,विद्यार्थी संगठनले शिक्षा नीतिविरुद्ध विरोध प्रदर्शन गरे ,0,0,1,0
1559,"किसानले उत्पादनको उचित मूल्य मागे, भोलिदेखि लागू गर्ने तयारी जनाइएको छ",0,0,0,0
1560,सार्वजनिक यातायातमा महिलाको सुरक्षाबारे नयाँ अध्ययन ,0,0,0,0
1561,महिलाहरू व्यवसायमा जोखिम लिन डराउने गरेको प्रतिवेदनमा उल्लेख,0,0,0,0
1562,"घटनापछि, विपद् व्यवस्थापनमा सरकारको तयारी कमजोर भएको आरोप",1,0,1,0
1563,"कृषि अनुदान वितरणमा पारदर्शिता माग, बारे मन्त्रालयले जानकारी दिएको छ को तयारी",0,0,0,0
1564,"कृषि बजारमा बिचौलियाको प्रभावबारे किसानको गुनासो, सरोकारवालासँग परामर्श जारी का लागि पहल",0,0,0,0
1565,उद्योगीले कर नीतिले व्यवसाय धरापमा परेको जनाए,0,0,0,0
1566,"नयाँ तथ्य सार्वजनिक: घटनापछि, विद्युत् प्राधिकरणले मर्मतपछि आपूर्ति सामान्य भएको जनाएको छ",0,0,0,0
1567,"सिँचाइ आयोजना सम्पन्न गर्न स्थानीयले दबाब दिए, आगामी चरणमा समीक्षा गरिने बताइएको छ",0,0,0,0
1568,सरकारले नयाँ कृषि नीति कार्यान्वयन गर्ने तयारी; बारे मन्त्रालयले जानकारी दिएको छ,0,0,0,0
1569,घटनाक्रममा अस्पतालको भीडले बिरामीमा मच्चायो ठूलो अन्योल ,0,0,0,0
1570,बैठकपछि सहरी विकास योजना भन्दै आलोचकको प्रतिक्रिया,0,0,1,0
1571,सरकारी बेवास्ताका कारण लोपोन्मुख भाषा र संस्कृति लोप हुने खतरामा,0,0,0,0
1572,ताजा रिपोर्टअनुसार युवा नीति बारे बहस सुरु,0,0,0,0
1573,"किसानले उत्पादनको उचित मूल्य मागे, सरोकारवालासँग परामर्श जारी को तयारी",0,0,0,0
1574,"घटनाक्रममा घटनापछि, संसद्मा बजेटमाथि चर्को बहस हुँदा बैठक केही समय अवरुद्ध",0,0,0,0
1575,"सम्बन्धित निकायका अनुसार, कारखाना बन्द हुँदा मजदुर परिवारको आम्दानी रोकियो",0,0,0,0
1576,युवाहरू ले खाद्य सुरक्षा कार्यक्रम बारे एउटै धारणा राख्ने भनाइ सार्वजनिक,0,0,0,0
1577,"आज सार्वजनिक जानकारीअनुसार, फुटपाथ अतिक्रमण हटाएपछि पैदल यात्रुलाई सहज",0,0,0,0
1578,नयाँ तथ्य सार्वजनिक: अस्पतालको भीडले बिरामीमा मच्चायो ठूलो अन्योल ,0,0,0,0
1579,पछिल्लो घटनामा प्रशिक्षक परिवर्तनपछि टोलीको प्रदर्शन सुधारियो ,0,0,0,0
1580,प्रहरीले साइबर अपराधविरुद्ध विशेष अभियान सुरु गर्‍यो ,0,0,1,0
1581,प्रहरी प्रशासनको दबाबमा गुपचुप राखियो करोडौंको घोटाला काण्ड,0,0,0,0
1582,सार्वजनिक तथ्यांकअनुसार पर्यटन अभियान बारे मिश्रित प्रतिक्रिया,0,0,0,0
1583,स्थानीय बासिन्दाहरू सम्बन्धी पुरानो धारणा जलस्रोत आयोजना को बहसमा फेरि दोहोरियो,0,0,0,0
1584,"निर्णयपछि स्थानीय विवरणअनुसार, संगीत कार्यक्रमको टिकट महँगो भएपछि दर्शक असन्तुष्ट",0,0,0,0
1585,"यसैबीच, वन कार्यालयले अवैध काठ कटानी नियन्त्रणका लागि गस्ती थपेको छ ",0,0,0,0
1586,निर्णयपछि अपांगता भएका व्यक्तिका लागि सार्वजनिक सेवा पहुँच सुधार्ने योजना ,0,0,0,0
1587,विपक्षी दृष्टिकोणमा कर नीति को प्रभाव अपेक्षाभन्दा कमजोर हुन सक्छ,0,0,1,0
1588,"निर्णयपछि छलफलपछि, सरकारले खेल पूर्वाधारका लागि बजेट थपेको छ",0,0,0,0
1589,"वातावरण संरक्षण योजना ले ल्यायो ठूलो बहस, सामाजिक सञ्जालमा चर्चा!",0,0,0,0
1590,"पछिल्लो घटनामा बैठकपछि, कृषकहरू मेहनत गर्नै नचाहने भएको टिप्पणी विवादमा",0,0,0,0
1591,"घटनापछि, सरकारले विद्यालय पोषण कार्यक्रमका लागि बजेट बढायो",0,0,0,0
1592,पछिल्लो घटनाक्रम: स्वास्थ्यकर्मीमाथि दुर्व्यवहार बढेको भन्दै सुरक्षा माग ,0,0,1,0
1593,मौसम पूर्वानुमान प्रणाली सुधार्न सरकारले योजना बनायो,0,0,0,0
1594,"घटनापछि, कामदारहरू मेहनतबाट टाढिँदै गएको आरोपप्रति ट्रेड युनियनको आपत्ति",0,0,0,0
1595,महिला खेलाडीले प्रतियोगितामा उत्कृष्ट प्रदर्शन गरिन्,0,0,0,0
1596,पछिल्लो घटनामा सरकारको नीतिविरुद्ध विद्यार्थी संगठनले प्रदर्शन गरे,0,0,1,0
1597,निर्णयपछि भूकम्प जोखिम भएका भवनको प्राविधिक परीक्षण सुरु ,0,0,0,0
1598,"छलफलपछि, प्रहरीले साइबर अपराधविरुद्ध विशेष अभियान सुरु गरेको छ",0,0,1,0
1599,"किसानले उत्पादनको उचित मूल्य मागे, सम्बन्धमा थप छलफल सुरु का लागि पहल",0,0,0,0
1600,अनुगमनको क्रममा किसानलाई उचित मूल्य नदिएको भन्दै व्यापारीविरुद्ध गुनासो ,0,0,1,0
1601,"निर्णयपछि अनुगमनपछि, औषधि अभाव भएपछि बिरामीका आफन्तले अस्पताल प्रशासनसँग विरोध जनाए",0,0,1,0
1602,"घटनाक्रममा बैठकपछि, कृषि उपज बिक्री नभएपछि किसानले घाटा व्यहोर्नुपरेको गुनासो",0,0,0,0
1603,पछिल्लो घटनामा फोहोरले नदीको अवस्था भयावह बनेको भन्दै अभियानकर्ता चिन्तित,0,1,1,0
1604,सबैको ध्यान तान्ने स्वास्थ्य योजना को नयाँ घटनाक्रम!,0,0,0,0
1605,"पछिल्लो घटनामा घटनापछि, सीमावर्ती बजारमा कारोबार घटेपछि व्यापारी असन्तुष्ट",0,0,0,0
1606,"निर्णयपछि पछिल्लो विवरणअनुसार, अनलाइन कक्षाले दुर्गम विद्यार्थीलाई पढाइमा जोड्ने प्रयास",0,0,0,0
1607,शिक्षा सम्बन्धी भ्रामक सूचनाप्रति प्रशासनको चेतावनी,0,0,0,0
1608,"अनुगमनको क्रममा सम्बन्धित निकायका अनुसार, अल्पसंख्यक समुदायलाई लक्षित टिप्पणीप्रति विरोध",0,0,1,0
1609,"नयाँ निर्णयसँगै, फोहोर व्यवस्थापनमा कमजोरी भएपछि बजार क्षेत्र दुर्गन्धित",0,0,1,0
1610,ट्याक्सी चालकले नयाँ नियमप्रति असन्तुष्टि बताए,0,0,1,0
1611,सहरी बासिन्दाहरू को व्यवहारलाई महिला उद्यम कार्यक्रम सँग जोडेर गरिएको टिप्पणी विवादमा,0,0,0,0
1612,"सम्बन्धित निकायका अनुसार, अवैध वन फँडानी रोक्न गस्ती बढाइयो",0,0,0,0
1613,"यसैबीच, नयाँ निर्णयसँगै, परीक्षा परिणाम सार्वजनिक भएपछि विद्यालयमा मिश्रित प्रतिक्रिया",0,0,0,0
1614,"नयाँ तथ्य सार्वजनिक: स्थानीय विवरणअनुसार, किसानलाई उचित मूल्य नदिएको बताउँदै व्यापारीविरुद्ध गुनासो",0,0,1,0
1615,"नयाँ निर्णयसँगै, शिक्षक संगठनले शिक्षा बजेट पर्याप्त नभएको बतायो",0,0,0,0
1616,विपक्षी दलले डिजिटल सेवा विस्तार मा सरकारको निर्णयलाई कडा रूपमा प्रश्न उठायो,0,0,0,0
1617,"अनुगमनपछि, बैंकले साना उद्यमीका लागि कर्जा सीमा बढायो",0,0,0,0
1618,निर्णयपछि ग्रामीण क्षेत्रमा सौर्य बत्ती जडानको काम तीव्र ,0,0,0,0
1619,"आज सार्वजनिक जानकारीअनुसार, बैंकिङ प्रणालीमा समस्या आएपछि ग्राहकमा अन्योल",0,0,0,0
1620,"यसैबीच, बैठकपछि, फोहोरको थुप्रो देखेर स्थानीयमा आक्रोश",0,0,1,0
1621,युवाहरू ले ऊर्जा परियोजना बारे एउटै धारणा राख्ने भनाइ सार्वजनिक,0,0,0,0
1622,"बैठकपछि, बस भाडा बढेपछि यात्रुमा निराशा",0,0,0,0
1623,"कृषि बजारमा बिचौलियाको प्रभावबारे किसानको गुनासो, भोलिदेखि लागू गर्ने तयारी का लागि पहल",0,0,0,0
1624,"स्थानीय विवरणअनुसार, किसानले उचित मूल्य नपाएको बताउँदै बजारमा विरोध गरे",0,0,1,0
1625,घटनाक्रममा नयाँ पुल बनेपछि गाउँबाट बजारसम्मको दूरी घट्यो ,0,0,0,0
1626,"यसैबीच, स्थानीय स्रोतका अनुसार, विद्यालयमा विज्ञान प्रयोगशाला स्थापना भएपछि विद्यार्थी उत्साहित",0,0,0,0
1627,खेलाडी छनोटमा नातावाद भएको आरोप ,0,0,0,0
1628,"घटनाक्रममा स्थानीय विवरणअनुसार, अनलाइन ठगी बढेपछि बैंक ग्राहक त्रसित",0,0,0,0
1629,ऐतिहासिक सम्पदाहरूको पुनःनिर्माण कार्य अन्तिम चरणमा पुग्यो,0,0,0,0
1630,"अनुगमनपछि, समर्थकको आक्रोशले रंगशालामा तनाव",0,0,1,0
1631,ग्रामीण समुदाय को व्यवहारलाई स्वास्थ्य योजना सँग जोडेर गरिएको टिप्पणी विवादमा,0,0,0,0
1632,"बैठकपछि, उद्योग बन्द हुने क्रम बढेपछि व्यवसायी चिन्तित",0,0,0,0
1633,सार्वजनिक तथ्यांकअनुसार पर्यटन अभियान बारे सरोकारवालाको चासो,0,0,0,0
1634,विपद् व्यवस्थापनमा सरकारको तयारी कमजोर भएको आरोप,1,0,1,0
1635,"घटनापछि, सरकारले पर्यटन पूर्वाधारका लागि विशेष बजेट छुट्यायो",0,0,0,0
1636,सरकारले करको दायरा बढाएको भन्दै उद्योगी व्यवसायीहरूको विरोध प्रदर्शन ,1,0,1,0
1637,अनुगमनको क्रममा धारामा पानी नआएपछि स्थानीयले कार्यालय घेराउ गरे ,0,0,0,0
1638,घटनाक्रममा वैदेशिक रोजगारीमा ठगी बढेको भन्दै परिवार चिन्तामा,0,0,1,0
1639,बाढीपछि सयौँ परिवार विस्थापित,0,0,0,0
1640,बैठकपछि कर नीति भन्दै पक्षको दाबी,0,0,1,0
1641,नयाँ तथ्य सार्वजनिक: फोहोरले नदीको अवस्था भयावह बनेको भन्दै चेतावनी ,0,1,1,0
1642,"निर्णयपछि पछिल्लो विवरणअनुसार, विपद् व्यवस्थापनमा सरकारको तयारी कमजोर भएको दाबी",0,0,1,0
1643,शिक्षक संगठनले शिक्षा बजेट पर्याप्त नभएको बतायो ,0,0,0,0
1644,किसानलाई उचित मूल्य नदिएको भन्दै व्यापारीविरुद्ध गुनासो ,0,0,1,0
1645,"बजार अनुगमनका क्रममा म्याद नाघेका खाद्यान्न नष्ट, पसलहरूलाई जरिवाना",0,0,0,0
1646,सडक मर्मत ढिलो भएपछि स्थानीयले जनप्रतिनिधिसँग प्रश्न गरे ,0,0,0,0
1647,बैंकहरूले निक्षेपको ब्याजदरमा सामान्य परिवर्तन गरे,0,0,0,0
1648,स्थानीय तहको विवरण: कर बढेपछि उद्योगीले सरकारी नीतिप्रति असन्तुष्टि बताए ,1,0,1,0
1649,सरकारको खाद्य सुरक्षा कार्यक्रम निर्णयप्रति विपक्षीको तीव्र असन्तुष्टि,1,0,1,0
1650,पानीको अभावले महिलाको दैनिक श्रम बढेको अध्ययनको निष्कर्ष ,0,0,0,0
1651,महिला उद्यमीहरूद्वारा उत्पादित सामग्रीको अन्तर्राष्ट्रिय बजारमा माग बढ्यो,0,0,0,0
1652,अस्पतालको लापरबाहीले बिरामीको ज्यान जोखिममा परेको दाबी ,0,0,0,0
1653,खानेपानी आयोजनाको काममा ढिलाइ हुँदा स्थानीय असन्तुष्ट,0,0,0,0
1654,"अनुगमनपछि, सरकारले पर्यटन पूर्वाधारका लागि विशेष बजेट छुट्यायो",0,0,0,0
1655,"पछिल्लो विवरणअनुसार, भीडभाडयुक्त बसमा यात्रु अलपत्र परेको दृश्यले चर्चा",0,0,0,0
1656,"यसैबीच, उद्योग बन्द हुने क्रम बढेपछि व्यवसायी चिन्तित",0,0,0,0
1657,कृषि बजारमा बिचौलियाको प्रभावबारे किसानको गुनासो; समस्या समाधान गर्न पहल थालिएको छ,0,0,0,0
1658,ताजा रिपोर्टअनुसार पर्यटन अभियान बारे बहस सुरु,0,0,0,0
1659,"पछिल्लो विवरणअनुसार, विपद् व्यवस्थापनमा सरकारको तयारी कमजोर भएको आरोप",1,0,1,0
1660,"स्थानीय विवरणअनुसार, फुटपाथ अतिक्रमण हटाएपछि पैदल यात्रुलाई सहज",0,0,0,0
1661,"घटनापछि, तस्करीको घटनाले सीमाक्षेत्रमा ठूलो सनसनी",0,1,0,0
1662,"अनुगमनपछि, विपद् व्यवस्थापनमा सरकारको तयारी कमजोर भएको दाबी",0,0,1,0
1663,निर्णयपछि महिलाले नेतृत्व गर्न नसक्ने पुरानो धारणा फेरि विवादमा ,0,0,0,0
1664,"सिँचाइ आयोजना सम्पन्न गर्न स्थानीयले दबाब दिए, भोलिदेखि लागू गर्ने तयारी को तयारी",0,0,0,0
1665,"स्थानीय तहको विवरण: स्थानीय विवरणअनुसार, महिला टोलीले ऐतिहासिक सफलता हात पार्‍यो",0,0,0,0
1666,अनुगमनको क्रममा वैदेशिक रोजगारीमा ठगी बढेको बताउँदै परिवार चिन्तित ,0,0,0,0
1667,राजधानीको मुटुबाटै लाखौँ मूल्यको सुनसहित हुन्डी कारोबारी पक्राउ,0,0,0,0
1668,ठूला ठेकेदारको लापरबाहीले अलपत्र परेका पुलहरूको निर्माण कार्य फेरि सुरु,0,0,0,0
1669,"यसैबीच, शहरको मुख्य चोकमा पानी जम्दा आवागमन असर परेको ",0,0,0,0
1670,"किसानले उत्पादनको उचित मूल्य मागे, स्थानीय तहलाई आवश्यक निर्देशन दिइएको छ बताइएको छ",0,0,0,0
1671,निर्णयपछि वैदेशिक रोजगारीमा ठगी बढेको भन्दै परिवार चिन्तित ,0,0,1,0
1672,"नयाँ तथ्य सार्वजनिक: बैठकपछि, महिला समूहले सामूहिक व्यवसायबाट आम्दानी बढायो",0,0,0,0
1673,पछिल्लो घटनाक्रम: विपद् व्यवस्थापनमा सरकारको तयारी कमजोर भएको दाबी ,0,0,1,0
1674,निर्णयपछि ट्याक्सी चालकले नयाँ नियमप्रति असन्तुष्टि बताए,0,0,1,0
1675,पछिल्लो घटनामा तस्करी नियन्त्रणमा सुरक्षा निकायले सफलता पाएको दाबी ,0,0,0,0
1676,"स्थानीय तहको विवरण: नयाँ निर्णयसँगै, फोहोरको थुप्रो देखेर स्थानीयमा आक्रोश",0,0,1,0
1677,"अनुगमनपछि, कारखाना बन्द हुँदा मजदुर परिवारको आम्दानी रोकियो",0,0,0,0
1678,"सिँचाइ आयोजना सम्पन्न गर्न स्थानीयले दबाब दिए, स्थानीय तहलाई आवश्यक निर्देशन दिइएको छ का लागि पहल",0,0,0,0
1679,"नयाँ तथ्य सार्वजनिक: स्थानीय विवरणअनुसार, सरकारले खेल पूर्वाधारका लागि बजेट थपेको छ",0,0,0,0
1680,"पछिल्लो विवरणअनुसार, कृषकहरू नयाँ प्रविधि सिक्नै नचाहने आरोप",0,0,0,0
1681,नयाँ तथ्य सार्वजनिक: विद्युत् प्राधिकरणले मर्मतपछि आपूर्ति सामान्य भएको बताएको छ ,0,0,0,0
1682,कृषि समस्या बढेपछि किसान चिन्तित,0,0,0,0
1683,"यसैबीच, बैठकपछि, वन क्षेत्रमा आगलागी फैलिएपछि वन्यजन्तु जोखिममा",0,0,0,0
1684,"पछिल्लो विवरणअनुसार, खानेपानी नआएपछि स्थानीयको धैर्यको बाँध टुट्यो",0,0,0,0
1685,"यसैबीच, विद्यार्थीहरू पढाइमा ध्यानै नदिने भएको आरोप सामाजिक सञ्जालमा ",0,0,0,0
1686,अस्पतालमा सिटामोलसमेत नपाउने अवस्था आएपछि बिरामीहरू मारमा,0,0,0,0
1687,पर्यटन क्षेत्रको खराब व्यवस्थापनले व्यवसायी निराश,0,0,0,0
1688,"यसैबीच, युवा कलाकारलाई अवसर नदिएको भन्दै आयोजकमाथि सवाल ",0,0,1,0
1689,"नयाँ तथ्य सार्वजनिक: बैठकपछि, खेलाडी छनोटमा पारदर्शिता नभएको भन्दै प्रश्न उठ्यो",0,0,1,0
1690,"पछिल्लो घटनाक्रम: नयाँ निर्णयसँगै, सार्वजनिक यातायातको नयाँ रुटले यात्राको समय घटायो",0,0,0,0
1691,किसानले उत्पादनको उचित मूल्य मागे : स्थानीय तहलाई आवश्यक निर्देशन दिइएको छ,0,0,0,0
1692,"बैठकपछि, विद्यालय बन्द हुने हल्लाले अभिभावकमा त्रास",0,1,0,0
1693,असिनापछि किसानको आशा निराशामा बदलियो,0,0,0,0
1694,वन फँडानी रोक्न स्थानीय समूह सक्रिय ,0,0,0,0
1695,विद्यार्थीहरू का मानिसहरू ऊर्जा परियोजना बाट सबैभन्दा बढी प्रभावित हुने दाबी,0,0,0,1
1696,"सरकारले नयाँ कृषि नीति कार्यान्वयन गर्ने तयारी, आगामी चरणमा समीक्षा गरिने भनिएको छ",0,0,0,0
1697,व्यवसायीहरू का मानिसहरू युवा नीति बाट सबैभन्दा बढी प्रभावित हुने दाबी,0,0,0,1
1698,"शिक्षा नीति मा अप्रत्याशित मोड, अब के होला?",0,0,0,0
1699,साना उद्यमीहरू लाई कृषि कार्यक्रम को मुख्य जिम्मेवार पक्षका रूपमा चित्रण,0,0,0,0
1700,"नयाँ निर्णयसँगै, बस भाडा बढेपछि यात्रुमा निराशा",0,0,0,0
1701,सिँचाइ आयोजना सम्पन्न गर्न स्थानीयले दबाब दिए — आगामी चरणमा समीक्षा गरिने,0,0,0,0
1702,"स्थानीय तहमा स्थानीय स्रोतका अनुसार, अन्तिम मिनेटको गोलले टोलीलाई रोमाञ्चक जित,",0,0,0,0
1703,"स्थानीय तहमा पछिल्लो विवरणअनुसार, अस्पतालले बिरामीका लागि नयाँ शल्यक्रिया सेवा थालेको छ,",0,0,0,0
1704,घटनाक्रममा महँगो उपचारका कारण परिवार ऋणमा डुबेको स्थानीयको असन्तुष्टि ,0,0,1,0
1705,"घटनाक्रममा सम्बन्धित निकायका अनुसार, उद्योग बन्द हुने क्रम बढेपछि व्यवसायी चिन्तित",0,0,0,0
1706,"स्थानीय विवरणअनुसार, रेल सेवा विस्तार गर्ने सरकारको दीर्घकालीन योजना",0,0,0,0
1707,"निर्णयपछि आज सार्वजनिक जानकारीअनुसार, लामो विद्युत् अवरोधले उद्योगमा ठूलो क्षति",0,0,0,0
1708,"स्थानीय विवरणअनुसार, विद्युत् निर्यात बढेपछि ऊर्जा क्षेत्रमा उत्साह",0,0,0,0
1709,"सम्बन्धित निकायका अनुसार, सडक विस्तारले वन क्षेत्रमा असर पर्ने वातावरणविद्को चेतावनी",0,0,0,0
1710,"पछिल्लो घटनामा नयाँ निर्णयसँगै, सडक निर्माणको ढिलाइप्रति स्थानीय जनप्रतिनिधिमाथि दबाब",0,0,0,0
1711,"सम्बन्धित निकायका अनुसार, डिजिटल भुक्तानीले ग्रामीण बजारमा कारोबार सहज बनायो",0,0,0,0
1712,"घटनाक्रममा नयाँ निर्णयसँगै, सरकारले साना उद्योगलाई कर छुट दिने प्रस्ताव अघि बढायो",0,0,0,0
1713,राजनीतिक दबाबका कारण सरुवा भएका कर्मचारीहरूद्वारा कामकाज बहिष्कार,0,0,0,0
1714,"नयाँ तथ्य सार्वजनिक: आज सार्वजनिक विवरणमा, मोबाइल बैंकिङ बन्द हुँदा ग्राहकमा ठूलो अन्योल",0,0,0,0
1715,"घटनापछि, सरकारले प्राविधिक शिक्षालाई प्राथमिकता दिने घोषणा गर्‍यो",0,0,0,0
1716,पछिल्लो घटनाक्रम: कारखाना बन्द हुँदा सयौँ श्रमिकको आम्दानी रोकियो ,0,0,0,0
1717,"यसैबीच, पछिल्लो विवरणअनुसार, वन क्षेत्रमा आगलागी फैलिएपछि वन्यजन्तु जोखिममा",0,0,0,0
1718,निर्णयपछि लामो विद्युत् अवरोधले उद्योगमा ठूलो क्षति ,0,0,0,0
1719,"नयाँ तथ्य सार्वजनिक: सम्बन्धित निकायका अनुसार, अल्पसंख्यक समुदायलाई लक्षित टिप्पणीप्रति विरोध",0,0,1,0
1720,सरकारले स्वास्थ्य क्षेत्रमा नयाँ कार्यक्रम सुरु गर्ने घोषणा गर्‍यो,0,0,0,0
1721,"सम्बन्धित निकायका अनुसार, सरकारले सार्वजनिक यातायात सुधारका लागि नयाँ कार्ययोजना स्वीकृत गर्‍यो",0,0,0,0
1722,अनुगमनको क्रममा जंगली जनावर बस्तीमा पसेपछि स्थानीयमा त्रास ,0,1,0,0
1723,"सरकारले नयाँ कृषि नीति कार्यान्वयन गर्ने तयारी, समस्या समाधान गर्न पहल थालिएको छ का लागि पहल",0,0,0,0
1724,"कृषि बजारमा बिचौलियाको प्रभावबारे किसानको गुनासो, सरोकारवालासँग परामर्श जारी",0,0,0,0
1725,"घटनाक्रममा छलफलपछि, युवा कलाकारलाई अवसर नदिएको भन्दै आयोजकमाथि प्रश्न",0,0,1,0
1726,"यसैबीच, उद्योग बन्द हुने क्रम बढेपछि व्यवसायी चिन्तित ",0,0,0,0
1727,पछिल्लो घटनामा अस्पतालले बिरामीका लागि नयाँ शल्यक्रिया सेवा थालेको छ ,0,0,0,0
1728,"पछिल्लो घटनाक्रम: आज सार्वजनिक जानकारीअनुसार, युवा कलाकारलाई अवसर नदिएको भन्दै आयोजकमाथि सवाल",0,0,1,0
1729,"स्थानीय तहको विवरण: स्थानीय विवरणअनुसार, प्रहरीले साइबर अपराधविरुद्ध विशेष अभियान सुरु गर्‍यो",0,0,1,0
1730,"आज सार्वजनिक जानकारीअनुसार, डढेलो फैलिँदा जंगलमा भयावह अवस्था",0,0,0,0
1731,"नयाँ निर्णयसँगै, प्रहरीले साइबर अपराधविरुद्ध विशेष अभियान सुरु गरेको छ",0,0,1,0
1732,"घटनाक्रममा नयाँ निर्णयसँगै, पर्यटन क्षेत्रलाई सरकारको नयाँ कर नीतिले असर गर्ने व्यवसायीको दाबी",0,0,0,0
1733,अनलाइन कक्षाले दुर्गम विद्यार्थीलाई पढाइमा जोड्ने प्रयास ,0,0,0,0
1734,निजी क्षेत्र को व्यवहारलाई शिक्षा नीति सँग जोडेर गरिएको टिप्पणी विवादमा,0,0,0,0
1735,समावेशी नीतिको कार्यान्वयन कमजोर भएको अधिकारकर्मीको दाबी ,0,0,1,0
1736,"सिँचाइ आयोजना सम्पन्न गर्न स्थानीयले दबाब दिए, प्रभावबारे विज्ञले अध्ययन आवश्यक बताएका छन् भनिएको छ",0,0,0,0
1737,"कृषि बजारमा बिचौलियाको प्रभावबारे किसानको गुनासो, स्थानीय तहलाई आवश्यक निर्देशन दिइएको छ को तयारी",0,0,0,0
1738,"स्थानीय तहको विवरण: छलफलपछि, विद्युत् लाइन विस्तारपछि दुर्गम गाउँमा बिजुली पुग्यो",0,0,0,0
1739,"स्थानीय तहमा सम्बन्धित निकायका अनुसार, उपभोक्ताले गुणस्तरहीन सामान बिक्री भइरहेको गुनासो गरे,",0,0,0,0
1740,"अनुगमनको क्रममा आज सार्वजनिक जानकारीअनुसार, किसानलाई उचित मूल्य नदिएको भन्दै व्यापारीविरुद्ध गुनासो",0,0,1,0
1741,"यसैबीच, ब्याजदर बढेपछि ऋणी व्यवसायी थप दबाबमा ",0,0,0,0
1742,नयाँ तथ्य सार्वजनिक: स्थानीय समुदायले वन संरक्षण अभियानमा सहभागिता जनाए ,0,0,0,0
1743,"यसैबीच, आज सार्वजनिक विवरणमा, अँध्यारो सडकमा दुर्घटनाको जोखिम बढेको स्थानीयको असन्तुष्टि",0,0,1,0
1744,किसानले उत्पादनको उचित मूल्य मागे : प्रति सरोकारवालाले मिश्रित प्रतिक्रिया दिएका छन्,0,0,0,0
1745,अनुगमनको क्रममा सरकारले प्राविधिक शिक्षालाई प्राथमिकता दिने घोषणा गर्‍यो ,0,0,0,0
1746,"यसैबीच, अनुगमनपछि, पर्यटन पूर्वाधार कमजोर भएको व्यवसायीको गुनासो",0,0,1,1
1747,पछिल्लो घटनाक्रम: विद्युत् महसुल बढाउने प्रस्तावप्रति उपभोक्ता असन्तुष्ट ,0,0,0,0
1748,सत्तापक्षले जलस्रोत आयोजना अघि बढाएर आफ्नो राजनीतिक प्रभाव बलियो बनाउन खोजेको आरोप,1,0,0,0
1749,पछिल्लो घटनाक्रम: सवालपत्र चुहावटको खबरले शिक्षाक्षेत्रमा सनसनी ,0,1,0,0
1750,पछिल्लो घटनाक्रम: सरकारले कृषि उपजको न्यूनतम समर्थन मूल्य तोक्यो ,0,0,0,0
1751,"स्थानीय विवरणअनुसार, पर्यटकहरू स्थानीय नियम पालना नगर्ने गरेको आरोप",0,0,0,0
1752,"यसैबीच, शहरको मुख्य चोकमा पानी जम्दा आवागमन प्रभावित ",0,0,0,0
1753,मन्त्रीले कार्यक्रम सफल भएको दाबी गरे,0,0,0,0
1754,यात्रामा महिलाले असुरक्षित महसुस गर्ने गरेको सर्वेक्षण ,0,0,0,1
1755,"अनुगमनको क्रममा घटनापछि, नयाँ पुल सञ्चालनमा आएपछि दुई जिल्लाबीच आवागमन सहज",0,0,0,0
1756,"स्थानीय तहमा बैठकपछि, साना उद्योगलाई कर छुट दिने प्रस्ताव मन्त्रिपरिषद्मा पेश,",0,0,0,0
1757,"यसैबीच, व्यापारीले माग घटेको भन्दै बिक्री कमजोर भएको बताए ",0,0,1,0
1758,राष्ट्रिय निकुञ्ज वरपर वन्यजन्तुको आक्रमणबाट स्थानीय बासिन्दा त्रसित ,0,1,0,0
1759,बैठकपछि बजेट बारे बहस सुरु,0,0,0,0
1760,"पछिल्लो घटनामा नयाँ निर्णयसँगै, कृषकहरू मेहनत गर्नै नचाहने भएको टिप्पणी विवादमा",0,0,0,0
1761,"घटनाक्रममा बैठकपछि, अस्पतालको भीडले बिरामीमा मच्चायो ठूलो अन्योल",0,0,0,0
1762,"सरकारले नयाँ कृषि नीति कार्यान्वयन गर्ने तयारी, भोलिदेखि लागू गर्ने तयारी बताइएको छ",0,0,0,0
1763,"सम्बन्धित निकायका अनुसार, संसद्मा यातायात विधेयकमाथि चर्को विवाद",0,0,0,0
1764,नयाँ तथ्य सार्वजनिक: सरकारले प्राविधिक शिक्षालाई प्राथमिकता दिने घोषणा गर्‍यो ,0,0,0,0
1765,"घटनाक्रममा पछिल्लो विवरणअनुसार, सहकारी सञ्चालक पक्राउ परेपछि बचतकर्तामा राहत",0,0,0,0
1766,"सरकारले नयाँ कृषि नीति कार्यान्वयन गर्ने तयारी, बारे मन्त्रालयले जानकारी दिएको छ भनिएको छ",0,0,0,0
1767,"स्थानीय विवरणअनुसार, फोहोर व्यवस्थापनमा कमजोरी भएपछि बजार क्षेत्र दुर्गन्धित",0,0,1,0
1768,"अनुगमनपछि, सडक बत्ती नहुँदा राति हिँड्न जोखिम बढेको स्थानीयको गुनासो",0,0,0,0
1769,घटनाक्रममा अधिकारकर्मीले समावेशी नीति कार्यान्वयन कमजोर भएको जनाए ,0,0,1,0
1770,रोजगारी मेलामा सयौँ युवाले आवेदन दिए ,0,0,0,0
1771,"सम्बन्धित निकायका अनुसार, धारामा पानी नआएपछि स्थानीय महिलाले विरोध जनाए",0,0,1,0
1772,विपक्षीले भ्रष्टाचार रोक्न सरकार पूर्ण असफल भएको आरोप,1,0,0,0
1773,"अनुगमनको क्रममा अनुगमनपछि, कलेज शुल्क बढेपछि विद्यार्थी संगठन आन्दोलनमा",0,0,0,0
1774,"सिँचाइ आयोजना सम्पन्न गर्न स्थानीयले दबाब दिए, स्थानीय तहलाई आवश्यक निर्देशन दिइएको छ हुने अपेक्षा",0,0,0,0
1775,"यसैबीच, व्यापारीले माग घटेको भन्दै बिक्री कमजोर भएको जनाए ",0,0,1,0
1776,"यसैबीच, साइबर अपराधीको गिरोह सक्रिय भएको बताउँदै त्रास ",0,1,0,0
1777,स्थानीय तहको विवरण: सुरक्षाकर्मीले प्रदर्शनकारीमाथि बल प्रयोग गरेको आरोप,0,0,0,0
1778,सिँचाइ आयोजना सम्पन्न गर्न स्थानीयले दबाब दिए; बारे मन्त्रालयले जानकारी दिएको छ,0,0,0,0
1779,फोहोरले नदीको अवस्था भयावह बनेको भन्दै चेतावनी ,0,1,1,0
1780,सहरी बासिन्दाहरू ले रोजगारी योजना बारे एउटै धारणा राख्ने भनाइ सार्वजनिक,0,0,0,0
1781,युवा उद्यमीको नयाँ व्यवसायले बजारमा चर्चा पायो ,0,0,0,0
1782,"घटनापछि, संसद्मा यातायात विधेयकमाथि चर्को विवाद",0,0,0,0
1783,अतिक्रमणको चपेटामा पर्दै गएका ऐतिहासिक पोखरीहरूको संरक्षण सुरु,0,0,0,0
1784,नयाँ तथ्य सार्वजनिक: औषधि अभाव भएपछि बिरामीका आफन्तले अस्पताल प्रशासनसँग विरोध जनाए — आजको अपडेट,0,0,1,0
1785,अस्पतालले मुटु उपचारका लागि नयाँ उपकरण जडान गर्‍यो,0,0,0,0
1786,"पछिल्लो विवरणअनुसार, विद्यालय बन्द हुने हल्लाले अभिभावकमा त्रास",0,0,0,0
1787,खानेपानीको चरम अभावले ग्रामीण बस्तीका बासिन्दा माइ्र्रेशन गर्न बाध्य,0,0,0,0
1788,बजेटमा गरिएको कटौतीले स्वास्थ्य सेवा प्रभावित हुने चिन्ता,0,0,0,0
1789,"घटनाक्रममा बैठकपछि, श्रमिकहरू काममा ढिलासुस्ती गर्ने आरोपप्रति युनियनको आपत्ति",0,0,0,0
1790,शिक्षा नीति सम्बन्धी प्रस्ताव सार्वजनिक गरियो,0,0,0,0
1791,विपक्षी दलले बजेटप्रति असन्तुष्टि जनाउँदै संशोधनको माग गर्‍यो,1,0,1,0
1792,निर्णयपछि सरकारले सामुदायिक विद्यालयको भवन निर्माणका लागि अनुदान बढायो ,0,0,0,0
1793,"नयाँ तथ्य सार्वजनिक: छलफलपछि, फोहोर व्यवस्थापनमा कमजोरी भएपछि बजार क्षेत्र दुर्गन्धित",0,0,1,0
1794,पछिल्लो घटनाक्रम: सडक बत्ती नहुँदा राति दुर्घटनाको जोखिम बढेको स्थानीयको भनाइ — आजको अपडेट,0,0,0,0
1795,पछिल्लो घटनामा पानीको अभावले गाउँका परिवारको दैनिकी प्रभावित,0,0,0,0
1796,"सम्बन्धित निकायका अनुसार, पहिरोले गाउँको बाटो काटेपछि जनजीवन असर परेको",0,0,0,0
1797,सिँचाइ आयोजना सम्पन्न गर्न स्थानीयले दबाब दिए — सरोकारवालासँग परामर्श जारी,0,0,0,0
1798,नयाँ तथ्य सार्वजनिक: विद्यार्थी संगठनले शिक्षा नीतिविरुद्ध विरोध प्रदर्शन गरे ,0,0,1,0
1799,"सम्बन्धित निकायका अनुसार, टोलीको लगातार हारपछि प्रशिक्षकमाथि दबाब",0,0,0,0
1800,"यसैबीच, बैठकपछि, सरकारले वैदेशिक रोजगारीमा जाने कामदारका लागि नयाँ व्यवस्था गर्‍यो",0,0,0,0
1801,युवा पुस्ता मेहनत गर्नै नचाहने टिप्पणीप्रति आलोचना ,0,0,1,0
1802,छलफलबीच सहरी विकास योजना भन्दै पक्षको दाबी,0,0,1,0
1803,घटनाक्रममा धारामा पानी नआएपछि स्थानीय महिलाले विरोध जनाए,0,0,1,0
1804,निर्णयपछि बालीमा रोग फैलिएपछि गाउँमा चिन्ता ,0,0,0,0
1805,भ्रष्टाचारविरुद्धको कानुन कमजोर बनाउन राजनीतिक दलहरूबीच भित्री सहमति,1,0,1,0
1806,कृषि बजारमा बिचौलियाको प्रभावबारे किसानको गुनासो,0,0,0,0
1807,प्रहरीले साइबर अपराधविरुद्ध विशेष अभियान सुरु गरेको छ ,0,0,1,0
1808,"बैंकिङ प्रणालीमा अधिक तरलता, तर उद्योगीहरू ऋण पाउनबाट वञ्चित",0,0,0,0
1809,"स्थानीय विवरणअनुसार, विद्यार्थीहरू अनुशासनहीन बन्दै गएको टिप्पणी विवादमा",0,0,0,1
1810,"नयाँ तथ्य सार्वजनिक: बैठकपछि, अनलाइन पढाइले दुर्गम क्षेत्रका विद्यार्थीलाई नयाँ अवसर",0,0,0,0
1811,"आज सार्वजनिक जानकारीअनुसार, रेल ढिलो भएपछि यात्रुमा असन्तुष्टि",0,0,1,0
1812,"यसैबीच, नयाँ चलचित्रले बक्स अफिसमा अप्रत्याशित सफलता पायो ",0,0,0,0
1813,भीडभाडयुक्त बसमा यात्रु अलपत्र परेको दृश्यले चर्चा ,0,0,0,0
1814,"यसैबीच, अस्पतालले बिरामीका लागि नयाँ शल्यक्रिया सेवा थालेको छ ",0,0,0,0
1815,"आज सार्वजनिक जानकारीअनुसार, सरकारले निःशुल्क औषधिको सूची विस्तार गर्ने तयारी गरेको छ",0,0,0,0
1816,"आज सार्वजनिक जानकारीअनुसार, समावेशी नीतिको कार्यान्वयन कमजोर भएको अधिकारकर्मीको दाबी",0,0,1,0
1817,"स्थानीय स्रोतका अनुसार, मूल्य घट्ने अपेक्षामा ग्राहकले खरिद रोके",0,0,0,0
1818,"किसानले उत्पादनको उचित मूल्य मागे, समस्या समाधान गर्न पहल थालिएको छ जनाइएको छ",0,0,0,0
1819,"घटनापछि, महिला उद्यमीले नयाँ बजारमा उत्पादन पुर्‍याइन्",0,0,0,0
1820,"यसैबीच, सहकारीको रकम हिनामिना भएको आरोपमा अनुसन्धान अघि बढ्यो",0,0,0,0
1821,"अनुगमनको क्रममा अनुगमनपछि, विद्यार्थीहरू पढाइमा गम्भीर नहुने भन्दै आलोचना",0,0,1,0
1822,"पछिल्लो घटनामा स्थानीय स्रोतका अनुसार, सांसदको टिप्पणीपछि संसद् बाहिरसमेत राजनीतिक विवाद चर्कियो",0,1,0,0
1823,प्रहरीको कारबाहीलाई स्थानीयले प्रभावकारी भने ,0,0,0,0
1824,"घटनापछि, नयाँ संग्रहालय खुलेपछि सांस्कृतिक पर्यटनमा आशा",0,0,0,0
1825,"पछिल्लो विवरणअनुसार, महिलाले नेतृत्व गर्न नसक्ने पुरानो धारणामाथि बहस",0,0,0,0
1826,किसानहरू का मानिसहरू संसद् बैठक बाट सबैभन्दा बढी प्रभावित हुने दाबी,0,0,0,1
1827,औषधि अभाव भएपछि बिरामीका आफन्तले अस्पताल प्रशासनसँग विरोध बताए ,0,0,1,0
1828,नयाँ नीतिले पूर्वाधार क्षेत्रमा सकारात्मक प्रभाव पार्ने अपेक्षा,0,0,0,0
1829,"निर्णयपछि पछिल्लो विवरणअनुसार, लामो विद्युत् अवरोधले उद्योगमा ठूलो क्षति",0,0,0,0
1830,विपक्षी दलले स्वास्थ्य बजेट अपर्याप्त भएको बताउँदै सरकारको आलोचना गर्‍यो ,1,0,1,0
1831,"पछिल्लो घटनाक्रम: बैठकपछि, वन क्षेत्रमा दुर्लभ जनावर देखिएपछि संरक्षणकर्मी उत्साहित",0,0,0,0
1832,"स्थानीय विवरणअनुसार, पार्कको उद्घाटनमा अपेक्षाभन्दा ठूलो भीड",0,0,0,0
1833,नयाँ तथ्य सार्वजनिक: औषधि अभाव भएपछि बिरामीका आफन्तले अस्पताल प्रशासनसँग विरोध बताए ,0,0,1,0
1834,"छलफलपछि, अनलाइन ठगीको जालो फैलिँदा सर्वसाधारण त्रसित",0,1,0,0
1835,"यसैबीच, पहाडी क्षेत्रमा जथाभावी सडक खन्दा पहिरोको जोखिम ",0,0,0,0
1836,सडक बत्ती नहुँदा राति हिँड्न जोखिम बढेको स्थानीयको असन्तुष्टि,0,0,1,0
1837,"पछिल्लो घटनाक्रम: आज सार्वजनिक जानकारीअनुसार, कामदारमाथि अन्याय भएको बताउँदै उद्योग अगाडि प्रदर्शन",0,0,0,0
1838,अत्यधिक वर्षाले खेत डुबाउँदा किसानमा निराशा ,0,0,0,0
1839,"स्थानीय तहको विवरण: बैठकपछि, राजमार्गमा दुर्घटना बढेपछि ट्राफिक प्रहरीले निगरानी बढायो",0,0,0,0
1840,समर्थकहरूले संसद् बैठक लाई दीर्घकालीन उपलब्धिका रूपमा व्याख्या गरे,0,0,0,0
1841,अनुगमनको क्रममा पर्यटन पूर्वाधार कमजोर भएको व्यवसायीको गुनासो ,0,0,1,1
1842,युवाहरू का मानिसहरू रोजगारी योजना बाट सबैभन्दा बढी प्रभावित हुने दाबी,0,0,0,1
1843,"यसैबीच, सरकारले आलोचनालाई बेवास्ता गर्दै योजना अघि बढाएको आरोप ",1,0,1,0
1844,"घटनापछि, वन्यजन्तु संरक्षणका लागि निकुञ्जले नयाँ योजना ल्यायो",0,0,0,0
1845,"आज सार्वजनिक जानकारीअनुसार, खेलाडी छनोटमा नातावाद भएको दाबी",0,0,0,0
1846,स्थानीय तहको विवरण: विद्युत् लाइन विस्तारपछि दुर्गम गाउँमा बिजुली पुग्यो ,0,0,0,0
1847,"निर्णयपछि सम्बन्धित निकायका अनुसार, वन कार्यालयले अवैध काठ कटानी नियन्त्रणका लागि गस्ती थपेको छ",0,0,0,0
1848,"घटनापछि, विद्यालय बन्द हुने हल्लाले अभिभावकमा त्रास",0,1,0,0
1849,प्रहरी हिरासतमा रहेका व्यक्तिको रहस्यमय मृत्यु भएपछि परिवारद्वारा आन्दोलन,0,0,0,0
1850,"नयाँ तथ्य सार्वजनिक: आज सार्वजनिक जानकारीअनुसार, कर बढेपछि उद्योगीले सरकारी नीतिप्रति असन्तुष्टि बताए",1,0,1,0
1851,नयाँ विवरणअनुसार महिला उद्यम कार्यक्रम बारे सरोकारवालाको चासो,0,0,0,0
1852,घटनाक्रममा सुक्खा बढेपछि खानेपानीको माग चुलियो ,0,1,0,0
1853,"नयाँ तथ्य सार्वजनिक: पछिल्लो विवरणअनुसार, नयाँ पुल बनेपछि गाउँबाट बजारसम्मको दूरी घट्यो",0,0,0,0
1854,स्थानीय तहको विवरण: रोजगारी मेलामा सयौँ युवाले आवेदन दिए ,0,0,0,0
1855,नयाँ सार्वजनिक शौचालय सञ्चालनमा आएपछि यात्रुलाई राहत ,0,0,0,0
1856,"कृषि बजारमा बिचौलियाको प्रभावबारे किसानको गुनासो, सरोकारवालासँग परामर्श जारी जनाइएको छ",0,0,0,0
1857,कर्मचारीहरू लाई डिजिटल सेवा विस्तार को मुख्य जिम्मेवार पक्षका रूपमा चित्रण,0,0,1,0
1858,"घटनापछि, तरकारी व्यापारीमाथि कालोबजारीको दाबी",0,0,0,0
1859,पछिल्लो घटनामा व्यापारीले माग घटेको भन्दै बिक्री कमजोर भएको जनाए ,0,0,1,0
1860,अनुगमनको क्रममा शिक्षक संघले शिक्षा नीतिलाई व्यवहारिक नभएको दाबी लगायो ,0,0,0,0
1861,समर्थकको आक्रोशले रंगशालामा तनाव ,0,0,1,0
1862,"नयाँ तथ्य सार्वजनिक: सम्बन्धित निकायका अनुसार, सरकारले आलोचनालाई बेवास्ता गर्दै योजना अघि बढाएको आरोप",1,0,1,0
1863,"सरकारले नयाँ कृषि नीति कार्यान्वयन गर्ने तयारी, प्रभावबारे विज्ञले अध्ययन आवश्यक बताएका छन् का लागि पहल",0,0,0,0
1864,"सरकारले नयाँ कृषि नीति कार्यान्वयन गर्ने तयारी, आगामी चरणमा समीक्षा गरिने",0,0,0,0
1865,"घटनाक्रममा अनुगमनपछि, सवालपत्र चुहावटको खबरले शिक्षाक्षेत्रमा सनसनी",0,1,0,0
1866,"बैठकपछि, नयाँ औद्योगिक क्षेत्रका लागि जग्गा छनोट प्रक्रिया सुरु",0,0,0,0
1867,"नयाँ तथ्य सार्वजनिक: नयाँ निर्णयसँगै, खानेपानी आयोजना वर्षौँदेखि अलपत्र परेको स्थानीयको गुनासो",0,0,0,0
1868,बैठकपछि स्वास्थ्य योजना भन्दै आलोचकको प्रतिक्रिया,0,0,1,0
1869,"स्थानीय तहमा वृद्ध बिरामीलाई उपचारमा पहुँच नहुने पुरानो समस्या दोहोरियो,",0,0,0,0
1870,स्थानीय तहको विवरण: ब्याजदर बढेपछि ऋणी व्यवसायी थप दबाबमा ,0,0,0,0
1871,शिक्षा समस्या बढेपछि विद्यार्थी चिन्तित,0,0,0,0
1872,कृषि अनुदान वितरणमा पारदर्शिता माग; सरोकारवालासँग परामर्श जारी,0,0,0,0
1873,पहिरोले राजमार्ग बन्द हुँदा सयौँ यात्रु अलपत्र ,0,0,0,0
1874,"नयाँ निर्णयसँगै, डढेलो फैलिँदा जंगलमा भयावह अवस्था",0,1,0,0
1875,निर्णयपछि सरकारले खेल पूर्वाधारका लागि बजेट थपेको छ,0,0,0,0
1876,छलफलबीच सार्वजनिक यातायात सुधार बारे बहस सुरु,0,0,0,0
1877,"किसानले उत्पादनको उचित मूल्य मागे, स्थानीय तहलाई आवश्यक निर्देशन दिइएको छ भनिएको छ",0,0,0,0
1878,बेरोजगारीको आगोमा युवा पुस्ता,0,0,0,0
1879,"घटनापछि, पुरानो पाइप फुट्दा बजार क्षेत्र जलमग्न",0,0,0,0
1880,"नेपाल राष्ट्र बैंकद्वारा मौद्रिक नीति सार्वजनिक, ब्याजदर घट्ने संकेत",0,0,0,0
1881,"घटनाक्रममा स्थानीय विवरणअनुसार, लोडसेडिङ फर्किएको हल्लाले उपभोक्तामा अनावश्यक त्रास",0,0,0,0
1882,"कृषि अनुदान वितरणमा पारदर्शिता माग, आगामी चरणमा समीक्षा गरिने भनिएको छ",0,0,0,0
1883,"पछिल्लो घटनामा घटनापछि, लोडसेडिङको हल्लाले उपभोक्तामा अनावश्यक त्रास",0,1,0,0
1884,कर्मचारीहरू सम्बन्धी पुरानो धारणा सहरी विकास योजना को बहसमा फेरि दोहोरियो,0,0,0,0
1885,सरकारले युवा रोजगारी कार्यक्रम विस्तार गर्ने जनाएको छ,0,0,0,0
1886,"यसैबीच, पछिल्लो विवरणअनुसार, ठेकेदारको लापरबाहीले आयोजना वर्षौँदेखि अधुरो",0,0,0,0
1887,सिँचाइ आयोजना सम्पन्न गर्न स्थानीयले दबाब दिए : कार्यान्वयनका लागि कार्यदल गठन,0,0,0,0
1888,"पछिल्लो घटनाक्रम: सम्बन्धित निकायका अनुसार, कर बढेपछि उद्योगीले सरकारी नीतिप्रति असन्तुष्टि जनाए",1,0,1,0
1889,"नयाँ तथ्य सार्वजनिक: नयाँ निर्णयसँगै, सांसदको टिप्पणीपछि संसद् बाहिरसमेत राजनीतिक विवाद चर्कियो",0,1,0,0
1890,राजनीतिक नियुक्तिमा पारदर्शिता नभएको भन्दै नागरिक समाजको आपत्ति,0,0,1,0
1891,देशको आर्थिक स्थिति सुधारउन्मुख भएको अर्थ मन्त्रालयको दाबी,0,0,0,0
1892,"बैठकपछि, सरकारले विद्यालय पोषण कार्यक्रमका लागि बजेट बढायो",0,0,0,0
1893,निजी क्षेत्र को व्यवहारलाई कृषि कार्यक्रम सँग जोडेर गरिएको टिप्पणी विवादमा,0,0,0,0
1894,"पछिल्लो घटनामा स्थानीय स्रोतका अनुसार, कृषि उपज बिक्री नभएपछि किसानले घाटा व्यहोर्नुपरेको गुनासो",0,0,0,0
1895,"स्थानीय तहमा आज सार्वजनिक विवरणमा, संसद्मा बजेटमाथि चर्को बहस हुँदा बैठक केही समय अवरुद्ध,",0,0,0,0
1896,"यसैबीच, आज सार्वजनिक विवरणमा, विद्युत् लाइन विस्तारपछि नयाँ बस्तीमा बिजुली पुग्यो",0,0,0,0
1897,नयाँ तथ्य सार्वजनिक: स्थानीय कलाकारको प्रदर्शनीमा दर्शकको उत्साहजनक सहभागिता ,0,0,0,0
1898,अनुगमनको क्रममा सवालपत्र चुहावटको खबरले शिक्षाक्षेत्रमा सनसनी,0,1,0,0
1899,"नयाँ तथ्य सार्वजनिक: सम्बन्धित निकायका अनुसार, नयाँ पुल बनेपछि गाउँबाट बजारसम्मको दूरी घट्यो",0,0,0,0
1900,ग्रामीण समुदाय ले सार्वजनिक यातायात सुधार बारे एउटै धारणा राख्ने भनाइ सार्वजनिक,0,0,0,0
1901,निर्णयपछि सिँचाइ सुविधा पुगेपछि बाँझो जमिनमा खेती सुरु,0,0,0,0
1902,किसानले उचित मूल्य नपाएको भन्दै बजारमा विरोध गरे,0,0,1,0
1903,"छलफलपछि, ट्याक्सी चालकले नयाँ नियमप्रति असन्तुष्टि बताए",0,0,1,0
1904,ताजा रिपोर्टअनुसार ऊर्जा परियोजना भन्दै पक्षको दाबी,0,0,1,0
1905,नयाँ तथ्य सार्वजनिक: खेलाडी छनोटमा पारदर्शिता नभएको भन्दै प्रश्न उठाइएको छ ,0,0,1,0
1906,"नयाँ तथ्य सार्वजनिक: आज सार्वजनिक विवरणमा, खेलाडी छनोटमा पारदर्शिता नभएको भन्दै प्रश्न उठाइएको छ",0,0,1,0
1907,संसद् बैठकमा प्रतिपक्ष दलले सरकारविरुद्ध कडा रूप प्रस्तुत गर्ने चेतावनी ,0,0,1,0
1908,घटनाक्रममा सहकारी बचतकर्ताले रकम फिर्ताको माग गर्दै प्रदर्शन गरे ,0,0,0,0
1909,विपद् व्यवस्थापनमा सरकारको तयारी कमजोर भएको दाबी,0,0,1,0
1910,राहत नपुगेपछि पीडितको आक्रोश चुलियो,0,1,1,0
1911,"यसैबीच, अनुगमनपछि, वन कार्यालयले अवैध काठ कटानी नियन्त्रणका लागि गस्ती थपेको छ",0,0,0,0
1912,"यसैबीच, जलविद्युत् आयोजनामा लगानी बढेपछि ऊर्जा क्षेत्र उत्साहित ",0,0,0,0
1913,"घटनापछि, किसानले उचित मूल्य नपाएको बताउँदै बजारमा विरोध गरे",0,0,1,0
1914,पर्यटन क्षेत्रमा सरकार असफल भएको विपक्षीको आरोप,1,0,0,0
1915,"यसैबीच, ट्याक्सी चालकले नयाँ नियमप्रति असन्तुष्टि बताए",0,0,1,0
1916,"घटनाक्रममा घटनापछि, स्वास्थ्यकर्मीमाथि दुर्व्यवहार बढेको भन्दै सुरक्षा माग",0,0,1,0
1917,"नयाँ तथ्य सार्वजनिक: सम्बन्धित निकायका अनुसार, परम्परागत कलाकारहरू आधुनिक प्रविधि प्रयोग गर्न नसक्ने टिप्पणी",0,0,0,0
1918,"पछिल्लो घटनामा सम्बन्धित निकायका अनुसार, विद्युत् लाइन विस्तारपछि नयाँ बस्तीमा बिजुली पुग्यो",0,0,0,0
1919,"घटनाक्रममा नयाँ निर्णयसँगै, सडक निर्माणको ढिलाइप्रति स्थानीय जनप्रतिनिधिमाथि दबाब",0,0,0,0
1920,"नयाँ तथ्य सार्वजनिक: अनुगमनपछि, शहरको मुख्य चोकमा पानी जम्दा आवागमन असर परेको",0,0,0,0
1921,निर्णयपछि जंगली जनावर बस्तीमा पसेपछि स्थानीयमा त्रास ,0,1,0,0
1922,विद्यार्थीहरू सम्बन्धी पुरानो धारणा निर्वाचन तयारी को बहसमा फेरि दोहोरियो,0,0,0,0
1923,"स्थानीय विवरणअनुसार, अपांगता भएका व्यक्तिका लागि सार्वजनिक सेवा पहुँच सुधार्ने योजना",0,0,0,0
1924,"सिँचाइ आयोजना सम्पन्न गर्न स्थानीयले दबाब दिए, भोलिदेखि लागू गर्ने तयारी",0,0,0,0
1925,"निर्णयपछि बैठकपछि, डढेलो फैलिएपछि जंगलमा भयावह अवस्था",0,1,0,0
1926,"छलफलपछि, पानीको अभावले महिलाको दैनिक श्रम बढेको अध्ययनको निष्कर्ष",0,0,0,0
1927,पूर्वाधार आयोजना सम्बन्धी बैठक बसेर सुझाव संकलन गरियो,0,0,0,0
1928,"पछिल्लो विवरणअनुसार, मन्त्रीको निर्णयलाई समर्थकहरूले विकासको महत्वपूर्ण कदम भने",0,0,0,0
1929,"घटनापछि, औषधि नपाउँदा बिरामीका आफन्तले आकस्मिक विरोध गरे",0,0,1,0
1930,"निर्णयपछि स्थानीय विवरणअनुसार, ब्याजदर बढेपछि ऋणी व्यवसायी थप दबाबमा",0,0,0,0
1931,बालीमा रोग फैलिएपछि किसान चिन्तित ,0,0,0,0
1932,"पछिल्लो घटनामा स्थानीय स्रोतका अनुसार, तरकारीको मूल्य अकस्मात बढ्दा बजारमा हाहाकार",0,0,0,0
1933,"पछिल्लो घटनाक्रम: पछिल्लो विवरणअनुसार, विद्युत् चुहावट नियन्त्रण गर्न नयाँ अभियान",0,0,0,0
1934,विपक्षीले सरकारको असफलता लुकाउन नयाँ योजना ल्याएको आरोप लगायो,1,0,1,0
1935,सार्वजनिक सवारी साधनमा महिलामाथि दुर्व्यवहार गर्ने चालक पक्राउ ,0,0,0,1
1936,विद्युत् निर्यात बढेपछि ऊर्जा क्षेत्रमा उत्साह ,0,0,0,0
1937,सिँचाइ आयोजना सम्पन्न गर्न स्थानीयले दबाब दिए — सम्बन्धमा थप छलफल सुरु,0,0,0,0
1938,यातायात क्षेत्रमा सुधारका लागि सरोकारवालाबीच छलफल,0,0,0,0
1939,"सिँचाइ आयोजना सम्पन्न गर्न स्थानीयले दबाब दिए, बारे मन्त्रालयले जानकारी दिएको छ बताइएको छ",0,0,0,0
1940,पर्यटकको भीडले प्रमुख गन्तव्यमा मच्चियो ठूलो चहलपहल ,0,1,0,0
1941,स्थानीय तहको विवरण: राजमार्गमा दुर्घटना बढेपछि ट्राफिक प्रहरीले निगरानी बढायो ,0,0,0,0
1942,"आज सार्वजनिक जानकारीअनुसार, भन्सार दर बढेपछि आयातकर्ता चिन्तित",0,0,0,0
1943,"यसैबीच, भूकम्प जोखिम भएका भवनको प्राविधिक परीक्षण सुरु ",0,0,0,0
1944,"निर्णयपछि अनुगमनपछि, कारखाना बन्द हुँदा सयौँ श्रमिकको आम्दानी रोकियो",0,0,0,0
1945,"बैठकपछि, धार्मिक समुदायलाई लक्षित अपमानजनक टिप्पणीप्रति विरोध",0,0,1,0
1946,"यसैबीच, मन्त्रीको निर्णयलाई समर्थकहरूले विकासको महत्वपूर्ण कदम भने",0,0,0,0
1947,"स्थानीय तहको विवरण: पछिल्लो विवरणअनुसार, सरकारले स्थानीय स्वास्थ्य केन्द्रमा प्रयोगशाला सेवा विस्तार गर्ने निर्णय गर्‍यो",0,0,0,0
1948,पछिल्लो घटनाक्रम: वर्षा कम हुँदा पहाडी बस्तीमा पानीको संकट ,0,0,0,0
1949,"स्थानीय तहको विवरण: बैठकपछि, स्थानीय कलाकारको प्रदर्शनीमा दर्शकको उत्साहजनक सहभागिता",0,0,0,0
1950,"घटनापछि, डढेलो फैलिँदा जंगलमा भयावह अवस्था",0,1,0,0
1951,"पछिल्लो घटनाक्रम: अनुगमनपछि, ट्याक्सी चालकले नयाँ नियमप्रति असन्तुष्टि बताए",0,0,1,0
1952,स्वास्थ्य मन्त्रालयले नयाँ खोप अभियान सुरु गर्‍यो,0,0,0,0
1953,"नयाँ तथ्य सार्वजनिक: आज सार्वजनिक विवरणमा, तरकारीको मूल्य अकस्मात बढ्दा बजारमा हाहाकार",0,1,0,0
1954,"कृषि अनुदान वितरणमा पारदर्शिता माग, बारे मन्त्रालयले जानकारी दिएको छ हुने अपेक्षा",0,0,0,0
1955,"सिँचाइ आयोजना सम्पन्न गर्न स्थानीयले दबाब दिए, सम्बन्धमा थप छलफल सुरु बताइएको छ",0,0,0,0
1956,"पछिल्लो घटनामा नयाँ निर्णयसँगै, परम्परागत कलाकारहरू आधुनिक प्रविधि प्रयोग गर्न नसक्ने टिप्पणी",0,0,0,0
1957,"पछिल्लो घटनामा नयाँ निर्णयसँगै, विद्यार्थी संगठनले शिक्षा नीतिविरुद्ध विरोध प्रदर्शन गरे",0,0,1,0
1958,सरकारको कमजोर तयारीका कारण बाढीको क्षति बढेको स्थानीयको आरोप,1,0,0,0
1959,घटनाक्रममा अनलाइन ठगी बढेपछि बैंक ग्राहक त्रसित ,0,1,0,0
1960,"आज सार्वजनिक जानकारीअनुसार, सांस्कृतिक महोत्सवले शहरमा पर्यटक आकर्षित गर्‍यो",0,0,0,0
1961,"छलफलपछि, स्थानीय बस सेवा विस्तार भएपछि यात्रुको समय बचत",0,0,0,0
1962,"स्थानीय विवरणअनुसार, सरकारले जलविद्युत् आयोजनाका लागि लगानी नीति परिमार्जन गर्‍यो",0,0,0,0
1963,"स्थानीय तहको विवरण: आज सार्वजनिक जानकारीअनुसार, राजमार्गमा दुर्घटना बढेपछि ट्राफिक प्रहरीले निगरानी बढायो",0,0,0,0
1964,"अनुगमनपछि, सरकारले साना उद्योगलाई कर छुट दिने प्रस्ताव अघि बढायो",0,0,0,0
1965,"घटनापछि, सरकारले कृषि बीमामा अनुदान थप्ने घोषणा गर्‍यो",0,0,0,0
1966,"नयाँ तथ्य सार्वजनिक: सम्बन्धित निकायका अनुसार, चामलको मूल्य बढेपछि परिवारको मासिक खर्च प्रभावित",0,0,0,0
1967,"यसैबीच, घटनापछि, व्यापारीले माग घटेको भन्दै बिक्री कमजोर भएको बताए",0,0,1,0
1968,घटनाक्रममा शिक्षक संघले शिक्षा नीतिलाई व्यवहारिक नभएको दाबी लगायो ,0,0,0,0
1969,नयाँ तथ्य सार्वजनिक: समर्थकको आक्रोशले रंगशालामा तनाव ,0,0,1,0
1970,"नयाँ निर्णयसँगै, विद्यार्थी संगठनले शिक्षा नीतिविरुद्ध विरोध प्रदर्शन गरे",0,0,1,0
1971,अनुगमनको क्रममा डढेलो फैलिएपछि जंगलमा भयावह अवस्था ,0,1,0,0
1972,"अनुगमनको क्रममा नयाँ निर्णयसँगै, फोहोरले नदीको अवस्था भयावह बनेको बताउँदै चेतावनी",0,1,0,0
1973,नयाँ विवरणअनुसार शिक्षा नीति भन्दै आलोचकको प्रतिक्रिया,0,0,1,0
1974,विदेशी पर्यटक स्थानीय नियम नमान्ने भन्दै व्यवसायीको गुनासो,0,0,1,1
1975,"सरकारले नयाँ कृषि नीति कार्यान्वयन गर्ने तयारी, बारे मन्त्रालयले जानकारी दिएको छ जनाइएको छ",0,0,0,0
1976,कर्मचारीहरू को व्यवहारलाई संसद् बैठक सँग जोडेर गरिएको टिप्पणी विवादमा,0,0,0,0
1977,देशको सिमाना जोडिएका क्षेत्रमा सुरक्षा पोष्टहरू थपिँदै,0,0,0,0
1978,पछिल्लो घटनाक्रम: वैदेशिक रोजगारीमा ठगी बढेको भन्दै परिवार चिन्तामा,0,0,1,0
1979,घटनाक्रममा खेलाडी छनोटमा पारदर्शिता नभएको भन्दै प्रश्न उठाइएको छ ,0,0,1,0
1980,"पछिल्लो घटनामा पछिल्लो विवरणअनुसार, पर्यटकको भीडले प्रमुख गन्तव्यमा मच्चियो ठूलो चहलपहल",0,1,0,0
1981,अनुगमनको क्रममा पहिरोले राजमार्ग बन्द हुँदा सयौँ यात्रु अलपत्र ,0,0,0,0
1982,"यसैबीच, धारामा पानी नआएपछि स्थानीय महिलाले विरोध जनाए ",0,0,1,0
1983,"पछिल्लो घटनाक्रम: बैठकपछि, लामो विद्युत् अवरोधले उद्योगमा ठूलो क्षति",0,0,0,0
1984,"नयाँ निर्णयसँगै, स्वास्थ्यकर्मीमाथि दुर्व्यवहार बढेको बताउँदै सुरक्षा माग",0,0,0,0
1985,"आज सार्वजनिक विवरणमा, चुनावी प्रचारमा नेताहरूले मतदातासँग नयाँ प्रतिबद्धता बताए",0,0,0,0
1986,"स्थानीय तहको विवरण: छलफलपछि, प्रहरीमाथि अधिकार दुरुपयोग गरेको आरोप",0,0,1,0
1987,"निर्णयपछि पछिल्लो विवरणअनुसार, सीप तालिमपछि युवाले आफ्नै व्यवसाय सुरु गरे",0,0,0,0
1988,"यसैबीच, विदेश जाने युवाको संख्या बढ्दा गाउँमा श्रमिक अभाव ",0,0,0,0
1989,"अनुगमनको क्रममा बैठकपछि, किसानलाई उचित मूल्य नदिएको भन्दै व्यापारीविरुद्ध गुनासो",0,0,1,0
1990,नयाँ तथ्य सार्वजनिक: पहिरोले गाउँको बाटो काटेपछि जनजीवन प्रभावित ,0,0,0,0
1991,"अनुगमनपछि, धार्मिक समुदायलाई लक्षित अपमानजनक टिप्पणीप्रति विरोध",0,0,1,0
1992,"नयाँ निर्णयसँगै, औषधि नपाउँदा बिरामीका आफन्तले आकस्मिक विरोध गरे",0,0,1,0
1993,"यसैबीच, विदेशी पर्यटकले स्थानीय नियम पालना नगरेको दाबी — आजको अपडेट",0,0,0,0
1994,"बैठकपछि, फोहोरले नदीको अवस्था भयावह बनेको बताउँदै चेतावनी",0,1,0,0
1995,पछिल्लो घटनाक्रम: राहत ढिलो पुगेपछि पीडितको आक्रोश चुलियो ,0,1,1,0
1996,अनुगमनको क्रममा लगातार हारपछि प्रशिक्षकमाथि दबाब,0,0,0,0
1997,"पछिल्लो घटनामा बैठकपछि, सहकारी बचतकर्ताले रकम फिर्ताको माग गर्दै प्रदर्शन गरे",0,0,0,0
1998,निर्णयपछि लोडसेडिङ फर्किएको हल्लाले उपभोक्तामा अनावश्यक त्रास ,0,1,0,0
1999,"निर्णयपछि बैठकपछि, बस दुर्घटनाले यात्रुमा त्रास फैलियो",0,1,0,0
2000,"स्थानीय तहको विवरण: छलफलपछि, नयाँ एम्बुलेन्स थपिएपछि आकस्मिक सेवा सहज हुने अपेक्षा",0,0,0,0
2001,"बैठकपछि, सुरक्षा व्यवस्थामाथि प्रश्न उठेपछि प्रशासनले छानबिन गर्‍यो",0,0,0,0
2002,स्थानीय तहको विवरण: किसानलाई उचित मूल्य नदिएको बताउँदै व्यापारीविरुद्ध गुनासो ,0,0,1,0
2003,नयाँ तथ्य सार्वजनिक: ठेकेदारले समयमै काम नगर्दा आयोजना अन्योलमा ,0,0,0,0
2004,सिँचाइ आयोजना सम्पन्न गर्न स्थानीयले दबाब दिए : स्थानीय तहलाई आवश्यक निर्देशन दिइएको छ,0,0,0,0
2005,"छलफलपछि, सरकारले विद्यालय पोषण कार्यक्रमका लागि बजेट बढायो",0,0,0,0
2006,"अनुगमनको क्रममा आज सार्वजनिक जानकारीअनुसार, बालीमा रोग फैलिएपछि गाउँमा चिन्ता",0,0,0,0
2007,नीतिले रोजगारी क्षेत्रलाई बेवास्ता गरेको आलोचना,0,0,1,0
2008,"आज सार्वजनिक जानकारीअनुसार, अस्पतालले मुटु उपचारका लागि नयाँ उपकरण जडान गर्‍यो",0,0,0,0
2009,"अनुगमनपछि, उद्योगीले कर नीतिले व्यवसाय धरापमा परेको बताए",0,0,0,0
2010,विदेशी नागरिकलाई चोरीको आरोपमा पक्राउ गरिएको प्रहरीले जनाएको छ,0,0,0,1
2011,"अनुगमनको क्रममा सम्बन्धित निकायका अनुसार, अनलाइन ठगी बढेपछि बैंक ग्राहक त्रसित",0,0,0,0
2012,ताजा रिपोर्टअनुसार महिला उद्यम कार्यक्रम भन्दै आलोचकको प्रतिक्रिया,0,0,1,0
2013,किसानले उत्पादनको उचित मूल्य मागे; बारे मन्त्रालयले जानकारी दिएको छ,0,0,0,0
2014,पानीको अभावले महिलाको दैनिक श्रम बढेको अध्ययनको निष्कर्ष,0,0,0,0
2015,"यसैबीच, घटनापछि, अवैध काठ कटानी रोक्न वन कार्यालयले निगरानी बढायो",0,0,0,0
2016,नयाँ तथ्य सार्वजनिक: युवा पुस्ता मेहनत गर्नै नचाहने टिप्पणीप्रति आलोचना ,0,0,1,0
2017,बजारमा मूल्यवृद्धिको मार बढ्दै,0,0,0,0
2018,"किसानले उत्पादनको उचित मूल्य मागे, भोलिदेखि लागू गर्ने तयारी बताइएको छ",0,0,0,0
2019,"नयाँ तथ्य सार्वजनिक: छलफलपछि, प्रतियोगितामा दर्शकको अपेक्षाभन्दा ठूलो भीड",0,0,0,0
2020,"यसैबीच, कृषकहरू आधुनिक प्रविधि अपनाउनै नचाहने टिप्पणीप्रति आपत्ति ",0,0,0,0
2021,"निर्णयपछि सम्बन्धित निकायका अनुसार, नयाँ पुल सञ्चालनमा आएपछि दुई जिल्लाबीच आवागमन सहज",0,0,0,0
2022,"बैठकपछि, धार्मिक स्थलमा भक्तजनको ठूलो भीड",0,0,0,0
2023,"निर्णयपछि सम्बन्धित निकायका अनुसार, फोहोरले नदीको अवस्था भयावह बनेको बताउँदै चेतावनी",0,0,0,0
2024,नयाँ विवरणअनुसार डिजिटल सेवा विस्तार बारे थप अध्ययन आवश्यक,0,0,0,0
2025,"आज सार्वजनिक जानकारीअनुसार, महिला खेलाडीले प्रतियोगितामा उत्कृष्ट प्रदर्शन गरिन्",0,0,0,0
2026,वन फँडानी बढ्दा वातावरणीय संकट गहिरिने चेतावनी ,0,0,0,0
2027,"स्थानीय तहमा आज सार्वजनिक विवरणमा, लामो समय विद्युत् अवरुद्ध हुँदा उद्योगमा करोडौँको क्षति भएको दाबी,",0,0,0,0
2028,विश्वविद्यालयका उपकुलपतिहरूको नियुक्तिमा राजनीतिक भागबण्डा हाबी,0,0,0,0
2029,"घटनापछि, सुरक्षा व्यवस्थामाथि प्रश्न उठेपछि प्रशासनले छानबिन गर्‍यो",0,0,0,0
2030,"नयाँ तथ्य सार्वजनिक: सम्बन्धित निकायका अनुसार, सहकारीको रकम हिनामिना भएको दाबीमा अनुसन्धान अघि बढ्यो",0,0,0,0
2031,कृषकलाई राहत नदिए कृषि क्षेत्र समाप्त हुने चेतावनी,0,0,0,0
2032,स्थानीय तहको विवरण: अनलाइन ठगीको जालो फैलिँदा सर्वसाधारण त्रसित ,0,1,0,0
2033,निर्णयपछि अनलाइन ठगी बढेपछि बैंक ग्राहक त्रसित ,0,1,0,0
2034,"सम्बन्धित निकायका अनुसार, यात्रामा महिलाले असुरक्षित महसुस गर्ने गरेको सर्वेक्षण",0,0,0,1
2035,"अनुगमनपछि, मन्त्रीको निर्णयले यात्रुलाई ठूलो राहत पुगेको दाबी",0,0,0,0
2036,"कृषि अनुदान वितरणमा पारदर्शिता माग, सरोकारवालासँग परामर्श जारी हुने अपेक्षा",0,0,0,0
2037,वातावरण क्षेत्रमा ठूलो उपलब्धि भएको सरकारको दाबी,0,0,0,0
2038,"आज सार्वजनिक जानकारीअनुसार, प्रहरीमाथि अधिकार दुरुपयोग गरेको दाबी",0,0,1,0
2039,स्थानीय तहको विवरण: मौसम पूर्वानुमान प्रणाली सुधार्न सरकारी योजना,0,0,0,0
2040,"छलफलपछि, विपद्मा स्थानीय युवाले उद्धारमा सक्रियता देखाए",0,0,0,0
2041,"पछिल्लो विवरणअनुसार, बैंकले साना उद्यमीका लागि कर्जा सीमा बढायो",0,0,0,0
2042,"स्थानीय तहको विवरण: बैठकपछि, सरकारले निःशुल्क औषधिको सूची विस्तार गर्ने तयारी गरेको छ",0,0,0,0
2043,"पछिल्लो घटनामा आज सार्वजनिक विवरणमा, खेलाडी छनोटमा पारदर्शिता नभएको भन्दै प्रश्न उठ्यो",0,0,1,0
2044,"घटनाक्रममा आज सार्वजनिक जानकारीअनुसार, फोहोर व्यवस्थापनमा कमजोरी भएपछि बजार क्षेत्र दुर्गन्धित",0,0,1,0
2045,घटनाक्रममा अस्पतालले बिरामीका लागि नयाँ शल्यक्रिया सेवा थालेको छ ,0,0,0,0
2046,अन्तिम मिनेटको गोलले समर्थकमा खुसीको लहर,0,0,0,0
2047,"कृषि अनुदान वितरणमा पारदर्शिता माग, सम्बन्धमा थप छलफल सुरु बताइएको छ",0,0,0,0
2048,"अनुगमनपछि, युवा उद्यमीको नयाँ व्यवसायले बजारमा चर्चा पायो",0,0,0,0
2049,"सम्बन्धित निकायका अनुसार, विमानस्थल व्यवस्थापनमा लापरबाही भएको यात्रुको आरोप",0,0,0,0
2050,"पछिल्लो घटनाक्रम: छलफलपछि, सार्वजनिक यातायातको नयाँ रुटले यात्राको समय घटायो",0,0,0,0
2051,प्रश्नपत्र चुहावटको खबरले शिक्षाक्षेत्रमा सनसनी ,0,1,0,0
2052,"कृषि बजारमा बिचौलियाको प्रभावबारे किसानको गुनासो, बारे मन्त्रालयले जानकारी दिएको छ को तयारी",0,0,0,0
2053,तस्करको गिरोह सक्रिय भएको भन्दै सीमावर्ती क्षेत्रमा त्रास ,0,1,1,0
2054,"नयाँ निर्णयसँगै, अस्पतालको लापरबाहीले बिरामीको ज्यान जोखिममा परेको आरोप",0,0,0,0
2055,"आज सार्वजनिक जानकारीअनुसार, विद्युत् महसुल बढाउने प्रस्तावप्रति उपभोक्ता असन्तुष्ट",0,0,0,0
2056,बेरोजगारीले युवाको भविष्य अन्धकारमा धकेल्यो,0,0,0,0
2057,सरकारले शिक्षा क्षेत्रलाई बेवास्ता गरेको विद्यार्थी संगठनको आरोप,1,0,0,0
2058,"किसानले उत्पादनको उचित मूल्य मागे, बारे मन्त्रालयले जानकारी दिएको छ बताइएको छ",0,0,0,0
2059,विश्वसम्पदा सूचीमा सूचीकृत ऐतिहासिक स्मारकसमेत संरक्षणको अभावमा जिर्ण,0,0,0,0
2060,"यसैबीच, वैदेशिक रोजगारीमा ठगी बढेको भन्दै परिवार चिन्तित ",0,0,1,0
2061,विपक्षी दलले जलस्रोत आयोजना मा सरकारको निर्णयलाई कडा रूपमा प्रश्न उठायो,0,0,0,0
2062,पछिल्लो घटनाक्रम: सरकारले सामुदायिक विद्यालयको भवन निर्माणका लागि अनुदान थपेको छ ,0,0,0,0
2063,आलोचनापछि वातावरण संरक्षण योजना भन्दै आलोचकको प्रतिक्रिया,0,0,1,0
2064,विपक्षीका अनुसार स्वास्थ्य योजना ले जनतामाथि थप भार पार्न सक्छ,0,0,0,0
2065,"यसैबीच, राजमार्गमा दुर्घटना बढेपछि ट्राफिक प्रहरीले निगरानी बढायो",0,0,0,0
2066,पछिल्लो घटनाक्रम: कर बढेपछि उद्योगीले सरकारी नीतिप्रति असन्तुष्टि बताए,1,0,1,0
2067,"पछिल्लो विवरणअनुसार, स्थानीय बस सेवा विस्तार भएपछि यात्रुको समय बचत",0,0,0,0
2068,स्थानीय तहको विवरण: पर्यटकको भीडले प्रमुख गन्तव्यमा मच्चियो ठूलो हलचल ,0,1,0,0
2069,"अनुगमनको क्रममा सम्बन्धित निकायका अनुसार, नदी सफाइ अभियानमा स्थानीय विद्यालयका विद्यार्थी सहभागी",0,0,0,0
2070,"यसैबीच, स्थानीय विवरणअनुसार, संगीत कार्यक्रमको टिकट महँगो भएपछि दर्शक असन्तुष्ट",0,0,0,0
2071,विपक्षी दल फेरि पुरानै आरोप दोहोर्‍याउँदै,1,0,0,0
2072,"घटनाक्रममा सम्बन्धित निकायका अनुसार, कृषकहरू मेहनत गर्नै नचाहने भएको टिप्पणी विवादमा",0,0,0,0
2073,विपक्षी दलले युवा नीति मा सरकारको निर्णयलाई कडा रूपमा प्रश्न उठायो,0,0,0,0
2074,"बैठकपछि, खेलाडी छनोटमा नातावाद भएको आरोप",0,0,0,0
2075,प्रहरीमाथि अधिकार दुरुपयोग गरेको दाबी ,0,0,1,0
2076,पर्यटन क्षेत्रलाई सरकारको नयाँ कर नीतिले असर गर्ने व्यवसायीको दाबी ,0,0,0,0
2077,"नयाँ तथ्य सार्वजनिक: स्थानीय स्रोतका अनुसार, खानेपानी आयोजना वर्षौँदेखि अलपत्र परेको स्थानीयको असन्तुष्टि",0,0,1,0
2078,"स्थानीय तहमा घटनापछि, विपक्षी दलले नयाँ कर नीतिलाई जनतामाथिको बोझ भएको आरोप लगायो,",1,0,0,0
2079,निर्णयपछि वैदेशिक रोजगारीमा ठगी बढेको भन्दै परिवार चिन्तामा ,0,0,1,0
2080,देशमा रोजगारी नभएपछि युवाहरू विदेशिन बाध्य,0,0,0,0
2081,"पछिल्लो घटनामा घटनापछि, सडकमा एकपछि अर्को दुर्घटनाले यात्रुमा त्रास",0,1,0,0
2082,"यसैबीच, नयाँ निर्णयसँगै, तरकारीको मूल्य घटेपछि उपभोक्तालाई केही राहत",0,0,0,0
2083,वृद्धहरू नयाँ प्रविधि स्वीकार्न नसक्ने धारणा,0,0,0,0
2084,"यसैबीच, सम्बन्धित निकायका अनुसार, कृषकहरू आधुनिक प्रविधि अपनाउनै नचाहने टिप्पणीप्रति आपत्ति",0,0,0,0
2085,समर्थकको ठूलो भीडले रंगशाला भरियो ,0,0,0,0
2086,"यसैबीच, घटनापछि, बजारमा नक्कली सामानको बिगबिगी बढेको दाबी",0,0,0,0
2087,"नयाँ तथ्य सार्वजनिक: सम्बन्धित निकायका अनुसार, सडक निर्माणको ढिलाइप्रति स्थानीय जनप्रतिनिधिमाथि दबाब",0,0,0,0
2088,व्यवसायीहरू को व्यवहारलाई सहरी विकास योजना सँग जोडेर गरिएको टिप्पणी विवादमा,0,0,0,0
2089,"अनुगमनको क्रममा आज सार्वजनिक जानकारीअनुसार, वन्यजन्तु संरक्षण बजेट कटौतीप्रति अभियन्ताको विरोध",0,0,1,0
2090,"स्थानीय तहमा पछिल्लो विवरणअनुसार, लोडसेडिङको हल्लाले उपभोक्तामा अनावश्यक त्रास,",0,0,0,0
2091,नयाँ तथ्य सार्वजनिक: सरकारले खेल पूर्वाधारका लागि बजेट बढायो ,0,0,0,0
2092,"नयाँ निर्णयसँगै, मौसम पूर्वानुमान प्रणाली सुधार्न सरकारले योजना बनायो",0,0,0,0
2093,"यसैबीच, कामदारमाथि अन्याय भएको भन्दै उद्योग अगाडि प्रदर्शन ",0,0,1,0
2094,"बैठकपछि, टोलीको लगातार हारपछि प्रशिक्षकमाथि दबाब",0,0,0,0
2095,"छलफलपछि, किसानलाई उचित मूल्य नदिएको भन्दै व्यापारीविरुद्ध असन्तुष्टि",0,0,1,0
2096,"आज सार्वजनिक जानकारीअनुसार, प्रहरीले साइबर अपराधविरुद्ध विशेष अभियान सुरु गर्‍यो",0,0,1,0
2097,"स्थानीय तहमा सत्तारूढ दलभित्र नेतृत्व परिवर्तनबारे छलफल सुरु ,",0,0,0,0
2098,"अनुगमनपछि, राहत नपुगेपछि पीडितको आक्रोश चुलियो",0,1,1,0
2099,सरकारको नयाँ कदमले देशभर हलचल,0,0,0,0
2100,"निर्णयपछि बैठकपछि, विद्यार्थीहरू पढाइमा गम्भीर नहुने भन्दै आलोचना",0,0,1,0
2101,"घटनाक्रममा स्थानीय विवरणअनुसार, सरकारले नयाँ पर्यटन वर्षका लागि प्रचार अभियान सुरु गर्‍यो",0,0,0,0
2102,अर्थतन्त्र क्षेत्रमा बजेट अपुग भएको गुनासो,0,0,0,0
2103,अनुगमनको क्रममा किसानलाई उचित मूल्य नदिएको भन्दै व्यापारीविरुद्ध असन्तुष्टि ,0,0,1,0
2104,"नयाँ तथ्य सार्वजनिक: सम्बन्धित निकायका अनुसार, वन फँडानी बढ्दा वातावरणीय संकट गहिरिने चेतावनी",0,0,0,0
2105,"अनुगमनको क्रममा घटनापछि, सरकारले ऊर्जा निर्यात बढाउने लक्ष्य सार्वजनिक गर्‍यो",0,0,0,0
2106,बिरामी ले नयाँ कार्यक्रमबाट राहतको अपेक्षा गरे,0,0,0,0
2107,राष्ट्रिय निकुञ्ज वरपर वन्यजन्तुको आक्रमणबाट स्थानीय बासिन्दा त्रसित,0,1,0,0
2108,"अनुगमनको क्रममा आज सार्वजनिक जानकारीअनुसार, खेलाडी छनोटमा पक्षपात भएको भन्दै प्रश्न",0,0,1,0
2109,"पछिल्लो घटनाक्रम: अनुगमनपछि, वृद्ध नागरिकले सामाजिक सुरक्षा भत्ता बढाउन माग गरे",0,0,0,0
2110,विश्वसम्पदा सूचीमा सूचीकृत ऐतिहासिक स्मारकसमेत संरक्षणको अभावमा जिर्णX,0,0,0,0
2111,"छलफलपछि, असिनापछि किसानको आशा निराशामा बदलियो",0,0,0,0
2112,"अनुगमनको क्रममा आज सार्वजनिक जानकारीअनुसार, विदेशी पर्यटकले स्थानीय नियम पालना नगरेको आरोप",0,0,0,0
2113,"आज सार्वजनिक जानकारीअनुसार, युवा उद्यमीको नयाँ व्यवसायले बजारमा चर्चा पायो",0,0,0,0
2114,ग्रामीण समुदाय सम्बन्धी पुरानो धारणा वातावरण संरक्षण योजना को बहसमा फेरि दोहोरियो,0,0,0,0
2115,अनुगमनको क्रममा लगातार हारपछि प्रशिक्षकमाथि दबाब ,0,0,0,0
2116,पर्यटन अभियान सम्बन्धी निर्णय सार्वजनिक गरिएको छ,0,0,0,0
2117,"सम्बन्धित निकायका अनुसार, विपद् व्यवस्थापनमा सरकारको तयारी कमजोर भएको दाबी",0,0,1,0
2118,संसद्मा यातायात विधेयकमाथि चर्को विवाद ,0,0,0,0
2119,स्वास्थ्य बीमा कार्यक्रम विस्तार गर्ने सरकारको तयारी,0,0,0,0
2120,"यसैबीच, स्वास्थ्यकर्मीमाथि दुर्व्यवहार बढेको भन्दै सुरक्षा माग ",0,0,1,0
2121,"यसैबीच, पहिरोले सडक बगाएपछि यातायात पूर्ण रूपमा ठप्प ",0,0,0,0
2122,स्थानीय तहको विवरण: महिलाले नेतृत्व गर्न नसक्ने पुरानो धारणा फेरि विवादमा,0,0,0,0
2123,किसानले उत्पादनको उचित मूल्य मागे; प्रभावबारे विज्ञले अध्ययन आवश्यक बताएका छन्,0,0,0,0
2124,घोषणापछि वातावरण संरक्षण योजना बारे सरोकारवालाको चासो,0,0,0,0
2125,स्वास्थ्य मन्त्रालयले सरकारी अस्पतालमा नयाँ सेवा थप्ने जनाएको छ,0,0,0,0
2126,तरकारीको मूल्यमा सामान्य वृद्धि,0,0,0,0
2127,"कृषि अनुदान वितरणमा पारदर्शिता माग, भोलिदेखि लागू गर्ने तयारी का लागि पहल",0,0,0,0
2128,"घटनाक्रममा सम्बन्धित निकायका अनुसार, श्रमिकहरू काममा ढिलासुस्ती गर्ने आरोपप्रति युनियनको आपत्ति",0,0,0,0
2129,"स्थानीय तहको विवरण: सम्बन्धित निकायका अनुसार, खेलाडी छनोटमा पक्षपात भएको भन्दै प्रश्न",0,0,1,0
2130,युवाहरू लाई युवा नीति को मुख्य जिम्मेवार पक्षका रूपमा चित्रण,0,0,0,0
2131,"पछिल्लो विवरणअनुसार, किसानले उचित मूल्य नपाएको भन्दै बजारमा विरोध गरे",0,0,1,0
2132,काठमाडौंमा सार्वजनिक यातायातको भाडा समायोजन,0,0,0,0
2133,"स्थानीय विवरणअनुसार, वन्यजन्तु संरक्षणका लागि निकुञ्जले नयाँ योजना ल्यायो",0,0,0,0
2134,स्थानीय तहले फोहोर व्यवस्थापनका लागि नयाँ योजना ल्यायो,0,0,0,0
2135,अनुगमनको क्रममा ग्रामीण क्षेत्रमा सौर्य बत्ती जडानको काम तीव्र ,0,0,0,0
2136,"यसैबीच, मौसम पूर्वानुमान प्रणाली सुधार्न सरकारी योजना ",0,0,0,0
2137,"सम्बन्धित निकायका अनुसार, सडक बत्ती नहुँदा राति हिँड्न जोखिम बढेको स्थानीयको असन्तुष्टि",0,0,1,0
2138,विद्यालय शिक्षा विधेयकलाई लिएर शिक्षकहरू र सरकारबीच फेरि तनाव,0,0,0,0
2139,अल्पसंख्यक समुदायलाई लिएर नेताको टिप्पणी विवादमा,0,0,0,0
2140,पछिल्लो घटनामा तस्करको गिरोह सक्रिय भएको भन्दै सीमावर्ती क्षेत्रमा त्रास ,0,1,1,0
2141,कृषि अनुदान वितरणमा पारदर्शिता माग : आगामी चरणमा समीक्षा गरिने,0,0,0,0
2142,"सरकारले नयाँ कृषि नीति कार्यान्वयन गर्ने तयारी, सम्बन्धमा थप छलफल सुरु",0,0,0,0
2143,पूर्वाधार क्षेत्रमा अनियमितताको आशंकामा छानबिन सुरु,0,0,0,0
2144,निर्वाचनमा धाँधली हुन सक्ने भन्दै विपक्षी दलको चेतावनी,0,0,1,0
2145,सरकारले नयाँ कृषि नीति कार्यान्वयन गर्ने तयारी; सम्बन्धमा थप छलफल सुरु,0,0,0,0
2146,"यसैबीच, नयाँ निर्णयसँगै, नयाँ पदमार्ग खुलेपछि स्थानीय व्यवसायी उत्साहित",0,0,0,0
2147,"आज सार्वजनिक जानकारीअनुसार, विपद् व्यवस्थापनमा सरकारको तयारी कमजोर भएको आरोप",1,0,1,0
2148,स्थानीय तहको विवरण: पहाडी क्षेत्रमा जथाभावी सडक खन्दा पहिरोको जोखिम,0,0,0,0
2149,सरकारको उपलब्धि प्रचारमा सीमित भएको विपक्षीको आरोप,1,0,0,0
2150,"यसैबीच, पर्यटकको भीडले प्रमुख गन्तव्यमा मच्चियो ठूलो चहलपहल ",0,1,0,0
2151,"नयाँ तथ्य सार्वजनिक: अनुगमनपछि, शहरको मुख्य चोकमा पानी जम्दा आवागमन प्रभावित",0,0,0,0
2152,विद्यालयस्तरको पाठ्यक्रममा व्यावहारिक शिक्षा जोड्न अभिभावकहरूको माग,0,0,0,0
2153,"बैठकपछि, नदी सफाइ अभियानमा स्थानीय विद्यालयका विद्यार्थी सहभागी",0,0,0,0
2154,घटनाक्रममा महिला समूहले सामूहिक व्यवसायबाट आम्दानी थपेको छ,0,0,0,0
2155,नयाँ तथ्य सार्वजनिक: वन क्षेत्रमा दुर्लभ जनावर देखिएपछि संरक्षणकर्मी उत्साहित ,0,0,0,0
2156,ग्रामीण समुदाय लाई स्वास्थ्य योजना को मुख्य जिम्मेवार पक्षका रूपमा चित्रण,0,0,0,0
2157,"स्थानीय तहको विवरण: नयाँ निर्णयसँगै, अत्यधिक वर्षाले खेत डुबाउँदा किसान निराश",0,0,0,0
2158,सत्तापक्षले युवा नीति अघि बढाएर आफ्नो राजनीतिक प्रभाव बलियो बनाउन खोजेको आरोप,1,0,0,0
2159,"कृषि अनुदान वितरणमा पारदर्शिता माग, सम्बन्धमा थप छलफल सुरु का लागि पहल",0,0,0,0
2160,"घटनापछि, विद्युत् महसुल बढाउने प्रस्तावप्रति उपभोक्ता असन्तुष्ट",0,0,0,0
2161,विद्यालय बन्द हुने हल्लाले अभिभावकमा त्रास,0,1,0,0
2162,"कृषि बजारमा बिचौलियाको प्रभावबारे किसानको गुनासो, प्रभावबारे विज्ञले अध्ययन आवश्यक बताएका छन् हुने अपेक्षा",0,0,0,0
2163,"यसैबीच, छलफलपछि, सार्वजनिक यातायातको नयाँ रुटले यात्राको समय घटायो",0,0,0,0
2164,"नेपालमा ई-कमर्स व्यवसायको दायरा फराकिलो हुँदै, अनलाइन किनमेल बढ्यो",0,0,0,0
2165,आलोचनापछि युवा नीति भन्दै आलोचकको प्रतिक्रिया,0,0,1,0
2166,"सिँचाइ आयोजना सम्पन्न गर्न स्थानीयले दबाब दिए, समस्या समाधान गर्न पहल थालिएको छ को तयारी",0,0,0,0
2167,नयाँ तथ्य सार्वजनिक: राहत ढिलो पुगेपछि पीडितको आक्रोश चुलियो ,0,1,1,0
2168,"यसैबीच, नयाँ निर्णयसँगै, निर्वाचन आयोगले मतदाता नामावली अद्यावधिक गर्न आग्रह गर्‍यो",0,0,0,0
2169,"घटनाक्रममा आज सार्वजनिक विवरणमा, स्वास्थ्य बीमा कार्यक्रम विस्तार गर्ने सरकारको तयारी",0,0,0,0
2170,बेरोजगारी बढ्दा युवामा निराशा,0,0,0,0
2171,घोषणापछि खाद्य सुरक्षा कार्यक्रम बारे थप अध्ययन आवश्यक,0,0,0,0
2172,नयाँ तथ्य सार्वजनिक: चुनावी प्रचारमा नेताहरूले मतदातासँग नयाँ प्रतिबद्धता जनाए ,0,0,0,0
2173,सरकारको एउटा निर्णयले हजारौँ नागरिकको जीवन प्रभावित,0,0,0,0
2174,"यसैबीच, घटनापछि, कृषि मन्त्रालयले मल आपूर्ति नियमित बनाउने योजना सार्वजनिक गर्‍यो",0,0,0,0
2175,कृषि अनुदान वितरणमा पारदर्शिता माग — कार्यान्वयनका लागि कार्यदल गठन,0,0,0,0
2176,खेल संघले राष्ट्रिय प्रतियोगिताको मिति घोषणा गर्‍यो,0,0,0,0
2177,शहरको मुख्य चोकमा ट्राफिक जामले यात्रु हैरान,0,0,0,0
2178,"स्थानीय तहको विवरण: पछिल्लो विवरणअनुसार, सरकारले प्राविधिक शिक्षालाई प्राथमिकता दिने घोषणा गर्‍यो",0,0,0,0
2179,पछिल्लो घटनाक्रम: पर्यटकको आगमन बढेपछि होटल व्यवसायमा चहलपहल ,0,0,0,0
2180,"स्थानीय विवरणअनुसार, महिला खेलाडीले प्रतियोगितामा उत्कृष्ट प्रदर्शन गरिन्",0,0,0,0
2181,सरकारले नयाँ कृषि नीति कार्यान्वयन गर्ने तयारी; प्रभावबारे विज्ञले अध्ययन आवश्यक बताएका छन्,0,0,0,0
2182,निजी क्षेत्र लाई सार्वजनिक यातायात सुधार को मुख्य जिम्मेवार पक्षका रूपमा चित्रण,0,0,0,0
2183,"निर्णयपछि बैठकपछि, ट्याक्सी चालकले नयाँ नियमप्रति असन्तुष्टि जनाए",0,0,1,0
2184,"स्थानीय विवरणअनुसार, सडक बत्ती नहुँदा राति हिँड्न जोखिम बढेको स्थानीयको असन्तुष्टि",0,0,1,0
2185,"नयाँ तथ्य सार्वजनिक: घटनापछि, विपद् व्यवस्थापनमा सरकारको तयारी कमजोर भएको आरोप",1,0,1,0
2186,सत्ताधारी दलका शीर्ष नेताहरूबीच भागबन्डा नमिलेपछि मन्त्रिपरिषद् विस्तारमा फेरि अवरोध,0,0,0,0
2187,"नयाँ तथ्य सार्वजनिक: आज सार्वजनिक जानकारीअनुसार, महँगो उपचारका कारण परिवार ऋणमा डुबेको स्थानीयको असन्तुष्टि",0,0,1,0
2188,"घटनाक्रममा नयाँ निर्णयसँगै, व्यापारीले माग घटेको भन्दै बिक्री कमजोर भएको बताए",0,0,1,0
2189,"छलफलपछि, कामदारमाथि अन्याय भएको भन्दै उद्योग अगाडि प्रदर्शन",0,0,1,0
2190,"स्थानीय विवरणअनुसार, वृद्धहरूलाई डिजिटल स्वास्थ्य सेवा प्रयोग गर्न कठिन भएको असन्तुष्टि",0,0,1,0
2191,"यसैबीच, किसानलाई उचित मूल्य नदिएको बताउँदै व्यापारीविरुद्ध गुनासो ",0,0,1,0
2192,नयाँ तथ्य सार्वजनिक: स्वास्थ्यकर्मीमाथि दुर्व्यवहार बढेको भन्दै सुरक्षा माग ,0,0,1,0
2193,"सम्बन्धित निकायका अनुसार, समावेशी नीतिको कार्यान्वयन कमजोर भएको अधिकारकर्मीको दाबी",0,0,1,0
2194,वृद्ध नागरिकहरू को व्यवहारलाई वातावरण संरक्षण योजना सँग जोडेर गरिएको टिप्पणी विवादमा,0,0,0,0
2195,संसदमा नयाँ विधेयकमाथि छलफल सुरु,0,0,0,0
2196,सिँचाइ आयोजना सम्पन्न गर्न स्थानीयले दबाब दिए — कार्यान्वयनका लागि कार्यदल गठन,0,0,0,0
2197,निजी क्षेत्र सम्बन्धी पुरानो धारणा महिला उद्यम कार्यक्रम को बहसमा फेरि दोहोरियो,0,0,0,0
2198,स्वास्थ्यकर्मीमाथि दुर्व्यवहार बढेको भन्दै सुरक्षा माग ,0,0,1,0
2199,"नयाँ निर्णयसँगै, वृद्धहरूलाई डिजिटल स्वास्थ्य सेवा प्रयोग गर्न कठिन भएको असन्तुष्टि",0,0,1,0
2200,"यसैबीच, पछिल्लो विवरणअनुसार, समुदाय विशेषका मानिस काममा कम सक्षम हुने दाबी विवादमा",0,0,0,0
2201,"सम्बन्धित निकायका अनुसार, खेलाडी छनोटमा नातावाद भएको आरोप",0,0,0,0
2202,यातायात क्षेत्रमा सरकार असफल भएको विपक्षीको आरोप,1,0,0,0
2203,"बैठकपछि, सडक बत्ती नहुँदा राति हिँड्न जोखिम बढेको स्थानीयको असन्तुष्टि",0,0,1,0
2204,विद्यार्थीहरू ले शिक्षा नीति बारे एउटै धारणा राख्ने भनाइ सार्वजनिक,0,0,0,0
2205,"सरकारले नयाँ कृषि नीति कार्यान्वयन गर्ने तयारी, भोलिदेखि लागू गर्ने तयारी का लागि पहल",0,0,0,0
2206,"स्थानीय तहमा घटनापछि, मोबाइल बैंकिङ बन्द हुँदा ग्राहकमा ठूलो अन्योल,",0,0,0,0
2207,"कृषि अनुदान वितरणमा पारदर्शिता माग, प्रभावबारे विज्ञले अध्ययन आवश्यक बताएका छन् जनाइएको छ",0,0,0,0
2208,"यसैबीच, सरकारले कृषि उपजको न्यूनतम समर्थन मूल्य तोक्यो ",0,0,0,0
2209,राजधानीमा दिनदहारै लुटपाट र चोरीजस्ता घटना बढेपछि नागरिकहरू त्रसित,0,1,0,0
2210,ताजा रिपोर्टअनुसार युवा नीति भन्दै पक्षको दाबी,0,0,1,0
2211,पछिल्लो घटनाक्रम: पर्यटकको भीडले प्रमुख गन्तव्यमा मच्चियो ठूलो हलचल,0,1,0,0
2212,"पछिल्लो विवरणअनुसार, बस दुर्घटनाले यात्रुमा त्रास फैलियो",0,1,0,0
2213,अनुगमनको क्रममा वन कार्यालयले अवैध काठ कटानी नियन्त्रणका लागि गस्ती बढायो,0,0,0,0
2214,नयाँ तथ्य सार्वजनिक: फोहोर व्यवस्थापनमा कमजोरी भएपछि बजार क्षेत्र दुर्गन्धित ,0,0,1,0
2215,"बैठकपछि, अनलाइन ठगीको जालो फैलिँदा सर्वसाधारण त्रसित",0,1,0,0
2216,महँगो उपचारका कारण परिवार ऋणमा डुबेको स्थानीयको गुनासो,0,0,0,0
2217,"किसानले उत्पादनको उचित मूल्य मागे, समस्या समाधान गर्न पहल थालिएको छ",0,0,0,0
2218,"स्थानीय तहको विवरण: पछिल्लो विवरणअनुसार, पहिरोले गाउँको बाटो काटेपछि जनजीवन असर परेको",0,0,0,0
2219,"घटनाक्रममा बैठकपछि, मोबाइल बैंकिङ बन्द हुँदा ग्राहकमा ठूलो अन्योल",0,0,0,0
2220,सरकारको आर्थिक नीतिमाथि संसदमा प्रश्न उठ्यो,0,0,1,0
2221,असिनापछि किसानको आशा निराशामा बदलियो ,0,0,0,0
2222,"पछिल्लो घटनाक्रम: घटनापछि, फोहोर व्यवस्थापनमा कमजोरी भएपछि बजार क्षेत्र दुर्गन्धित",0,0,1,0
2223,"बैठकपछि, समावेशी नीतिको कार्यान्वयन कमजोर भएको अधिकारकर्मीको आरोप",0,0,1,0
2224,हिमाली क्षेत्रमा पर्यटकको आगमन बढ्यो,0,0,0,0
2225,"घटनाक्रममा छलफलपछि, धारामा पानी नआएपछि स्थानीयले कार्यालय घेराउ गरे",0,0,0,0
2226,"स्थानीय विवरणअनुसार, नदी सफाइ अभियानमा सयौँ स्वयंसेवक सहभागी",0,0,0,0
2227,"नयाँ तथ्य सार्वजनिक: सम्बन्धित निकायका अनुसार, किसानलाई उचित मूल्य नदिएको भन्दै व्यापारीविरुद्ध असन्तुष्टि",0,0,1,0
2228,ताजा रिपोर्टअनुसार डिजिटल सेवा विस्तार भन्दै आलोचकको प्रतिक्रिया,0,0,1,0
2229,कृषि बजारमा बिचौलियाको प्रभावबारे किसानको गुनासो : आगामी चरणमा समीक्षा गरिने,0,0,0,0
2230,"घटनाक्रममा सम्बन्धित निकायका अनुसार, उपभोक्ताले गुणस्तरहीन सामान बिक्री भइरहेको गुनासो गरे",0,0,0,0
2231,सरकारमाथि जनताको भरोसा बढ्दै गएको दाबी,0,0,0,0
2232,व्यवसायीहरू सम्बन्धी पुरानो धारणा पर्यटन अभियान को बहसमा फेरि दोहोरियो,0,0,0,0
2233,"सम्बन्धित निकायका अनुसार, वन्यजन्तु संरक्षणका लागि निकुञ्जले नयाँ योजना ल्यायो",0,0,0,0
2234,युवा कलाकारलाई अवसर नदिएको बताउँदै आयोजकमाथि प्रश्न ,0,0,0,0
2235,"घटनाक्रममा नयाँ निर्णयसँगै, सांसदको टिप्पणीपछि संसद् बाहिरसमेत राजनीतिक विवाद चर्कियो",0,1,0,0
2236,"सम्बन्धित निकायका अनुसार, वृद्धहरूलाई डिजिटल स्वास्थ्य सेवा प्रयोग गर्न कठिन भएको गुनासो",0,0,0,0
2237,पछिल्लो घटनामा नगरपालिकाले सडक बत्ती थप्ने योजना सार्वजनिक गर्‍यो ,0,0,0,0
2238,विपक्षीले सरकारलाई जनविरोधी नीति त्याग्न आग्रह गर्‍यो,1,0,1,0
2239,निर्णयपछि विपक्षी दलले स्वास्थ्य बजेट अपर्याप्त भएको भन्दै सरकारको आलोचना गर्‍यो ,1,0,1,0
2240,निर्णयपछि फोहोरले नदीको अवस्था भयावह बनेको बताउँदै चेतावनी ,0,1,0,0
2241,स्थानीय तहको विवरण: वृद्ध नागरिकले सामाजिक सुरक्षा भत्ता बढाउन माग गरे,0,0,0,0
2242,विपक्षीको गलत प्रचारले भ्रम फैलाएको सरकारको आरोप,1,0,0,0
2243,"सिँचाइ आयोजना सम्पन्न गर्न स्थानीयले दबाब दिए, प्रति सरोकारवालाले मिश्रित प्रतिक्रिया दिएका छन् का लागि पहल",0,0,0,0
2244,युवाहरू का मानिसहरू निर्वाचन तयारी बाट सबैभन्दा बढी प्रभावित हुने दाबी,0,0,0,1
2245,सरकारले ऊर्जा निर्यात बढाउने लक्ष्य सार्वजनिक गर्‍यो ,0,0,0,0
2246,वृद्ध नागरिकहरू ले स्थानीय विकास योजना बारे एउटै धारणा राख्ने भनाइ सार्वजनिक,0,0,0,0
2247,"पछिल्लो विवरणअनुसार, बस भाडा बढेपछि यात्रुमा निराशा",0,0,0,0
2248,महँगीको सुनामीले सर्वसाधारणलाई बगाउँदै,0,0,0,0
2249,"नयाँ निर्णयसँगै, अवैध वन फँडानी रोक्न गस्ती बढाइयो",0,0,0,0
2250,घटनाक्रममा प्रहरीमाथि अधिकार दुरुपयोग गरेको आरोप ,0,0,1,0
2251,"यसैबीच, बैठकपछि, अधिकारकर्मीले समावेशी नीति कार्यान्वयन कमजोर भएको बताए",0,0,1,0
2252,"सिँचाइ आयोजना सम्पन्न गर्न स्थानीयले दबाब दिए, प्रति सरोकारवालाले मिश्रित प्रतिक्रिया दिएका छन् हुने अपेक्षा",0,0,0,0
2253,"घटनाक्रममा आज सार्वजनिक जानकारीअनुसार, सडक विस्तारको काम सुस्त भएपछि ठेकेदारसँग स्पष्टीकरण माग",0,0,0,0
2254,"सम्बन्धित निकायका अनुसार, समर्थकको आक्रोशले रंगशालामा तनाव",0,0,1,0
2255,"सम्बन्धित निकायका अनुसार, विद्युत् महसुल बढाउने प्रस्तावप्रति उपभोक्ता असन्तुष्ट",0,0,0,0
2256,सामुदायिक विद्यालयमा शिक्षकको सरुवा राजनीतिक दबाबमा हुने गरेको खुलासा ,0,0,0,0
2257,"नयाँ निर्णयसँगै, सरकारले जलविद्युत् आयोजनाका लागि लगानी नीति परिमार्जन गर्‍यो",0,0,0,0
2258,शरणार्थीले स्थानीय स्रोतमा अनावश्यक दबाब बढाएको दाबी,0,0,0,0
2259,"यसैबीच, नयाँ निर्णयसँगै, प्रहरीमाथि अधिकार दुरुपयोग गरेको आरोप",0,0,1,0
2260,घटनाक्रममा कर बढेपछि उद्योगीले सरकारी नीतिप्रति असन्तुष्टि जनाए ,1,0,1,0
2261,पछिल्लो घटनामा नयाँ लगानी आएपछि औद्योगिक क्षेत्रमा उत्साह ,0,0,0,0
2262,"स्थानीय तहमा सम्बन्धित निकायका अनुसार, सीमानाकामा सुरक्षा जाँच कडा पारियो,",0,0,0,0
2263,तस्करीको घटनाले सीमाक्षेत्रमा ठूलो सनसनी ,0,1,0,0
2264,"नयाँ निर्णयसँगै, हवाई भाडा बढेपछि यात्रु विकल्प खोज्दै",0,0,0,0
2265,"अनुगमनपछि, वन्यजन्तु संरक्षणका लागि निकुञ्जले नयाँ योजना ल्यायो",0,0,0,0
2266,नयाँ तथ्य सार्वजनिक: प्रहरीले साइबर अपराधविरुद्ध विशेष अभियान सुरु गरेको छ ,0,0,1,0
2267,नगरपालिकाले नयाँ पार्क निर्माणको ठेक्का सम्झौता गर्‍यो ,0,0,0,0
2268,राजधानीमा दिनदहारै लुटपाट र चोरीजस्ता घटना बढेपछि नागरिकहरू त्रसित ,0,1,0,0
2269,"यसैबीच, अनुगमनपछि, फोहोरले नदीको अवस्था भयावह बनेको भन्दै चेतावनी",0,1,1,0
2270,घटनाक्रममा विपद् व्यवस्थापनमा सरकारको तयारी कमजोर भएको आरोप ,1,0,1,0
2271,कृषि अनुदान वितरणमा पारदर्शिता माग; स्थानीय तहलाई आवश्यक निर्देशन दिइएको छ,0,0,0,0
2272,"नयाँ तथ्य सार्वजनिक: नयाँ निर्णयसँगै, अँध्यारो सडकमा दुर्घटनाको जोखिम बढेको स्थानीयको असन्तुष्टि",0,0,1,0
2273,सरकारले पेट्रोलियम पदार्थको मूल्य नियन्त्रण गर्न नसकेको आरोप,1,0,0,0
2274,"घटनापछि, खेलाडी छनोटमा नातावाद भएको आरोप",0,0,0,0
2275,"किसानले उत्पादनको उचित मूल्य मागे, प्रभावबारे विज्ञले अध्ययन आवश्यक बताएका छन्",0,0,0,0
2276,"कृषि अनुदान वितरणमा पारदर्शिता माग, भोलिदेखि लागू गर्ने तयारी जनाइएको छ",0,0,0,0
2277,आलोचनापछि पर्यटन अभियान बारे मिश्रित प्रतिक्रिया,0,0,1,0
2278,घटनाक्रममा फोहोरले नदीको अवस्था भयावह बनेको बताउँदै चेतावनी ,0,1,0,0
2279,"यसैबीच, नयाँ निर्णयसँगै, शिक्षक अभावले कक्षा सञ्चालनमा समस्या",0,0,0,0
2280,स्थानीय विकास योजना मा सरकार र विपक्षबीच आरोप–प्रत्यारोप चर्कियो,1,1,0,0
2281,"बैठकपछि, सरकारले कृषि बीमामा अनुदान थप्ने घोषणा गर्‍यो",0,0,0,0
2282,स्वास्थ्य संकट गहिरिँदै गएको विज्ञको चेतावनी,0,0,0,0
2283,बैठकपछि पर्यटन अभियान भन्दै पक्षको दाबी,0,0,1,0
2284,व्यवसायीहरू का मानिसहरू ऊर्जा परियोजना बाट सबैभन्दा बढी प्रभावित हुने दाबी,0,0,0,1
2285,कर्मचारीहरू ले पर्यटन अभियान बारे एउटै धारणा राख्ने भनाइ सार्वजनिक,0,0,0,0
2286,कर्मचारीहरू लाई शिक्षा नीति को मुख्य जिम्मेवार पक्षका रूपमा चित्रण,0,0,1,0
2287,"स्थानीय तहको विवरण: नयाँ निर्णयसँगै, सुक्खा बढेपछि खानेपानीको माग चुलियो",0,1,0,0
2288,"स्थानीय तहमा सम्बन्धित निकायका अनुसार, राजमार्गमा दुर्घटना बढेपछि ट्राफिक प्रहरीले निगरानी थपेको छ,",0,0,0,0
2289,अर्थतन्त्र समस्या बढेपछि व्यवसायी चिन्तित,0,0,0,0
2290,"कृषि बजारमा बिचौलियाको प्रभावबारे किसानको गुनासो, प्रभावबारे विज्ञले अध्ययन आवश्यक बताएका छन् को तयारी",0,0,0,0
2291,सत्तापक्षले ऊर्जा परियोजना अघि बढाएर आफ्नो राजनीतिक प्रभाव बलियो बनाउन खोजेको आरोप,1,0,0,0
2292,"पछिल्लो विवरणअनुसार, प्रहरीले साइबर अपराधविरुद्ध विशेष अभियान सुरु गरेको छ",0,0,1,0
2293,नेपाल र भारतबीच ऊर्जा व्यापारसम्बन्धी महत्त्वपूर्ण सम्झौता सम्पन्न,0,0,0,0
2294,पुरानो पाइप फुट्दा बजार क्षेत्र जलमग्न,0,0,0,0
2295,निर्णयपछि कर बढेपछि उद्योगीले सरकारी नीतिप्रति असन्तुष्टि बताए ,1,0,1,0
2296,शिक्षक महासंघले तलबसम्बन्धी माग अघि सार्‍यो,0,0,0,0
2297,स्थानीय तहको विवरण: सडक विस्तारको काम सुस्त भएपछि ठेकेदारसँग स्पष्टीकरण माग ,0,0,0,0
2298,सरकारले नयाँ कृषि नीति कार्यान्वयन गर्ने तयारी; आगामी चरणमा समीक्षा गरिने,0,0,0,0
2299,"बैठकपछि, अनलाइन ठगी बढेपछि ग्राहकमा ठूलो त्रास",0,1,0,0
2300,"घटनाक्रममा आज सार्वजनिक विवरणमा, महिला खेलाडीले प्रतियोगितामा उत्कृष्ट प्रदर्शन गरे",0,0,0,0
2301,"निर्णयपछि बैठकपछि, फोहोरले नदीको अवस्था भयावह बनेको बताउँदै चेतावनी",0,1,0,0
2302,वृद्धहरूलाई डिजिटल स्वास्थ्य सेवा प्रयोग गर्न कठिन भएको असन्तुष्टि ,0,0,1,0
2303,ताजा रिपोर्टअनुसार स्थानीय विकास योजना बारे थप अध्ययन आवश्यक,0,0,0,0
2304,"अनुगमनपछि, नगरपालिकाले खानेपानी पाइप विस्तारको काम अघि बढायो",0,0,0,0
2305,शिक्षा विधेयक पारित भएपछि विद्यालय सञ्चालनमा नयाँ व्यवस्था,0,0,0,0
2306,निर्णयपछि कर बढेपछि उद्योगीले सरकारी नीतिप्रति असन्तुष्टि जनाए,1,0,1,0
2307,"नयाँ तथ्य सार्वजनिक: स्थानीय स्रोतका अनुसार, सरकारले आलोचनालाई बेवास्ता गर्दै योजना अघि बढाएको आरोप",1,0,1,0
2308,पछिल्लो घटनामा विपक्षी दलले नयाँ कर नीतिलाई जनतामाथिको बोझ भएको दाबी लगायो ,0,0,0,0
2309,आलोचकहरूले रोजगारी योजना को सम्भावित कमजोरीलाई प्राथमिकताका साथ उठाए,0,0,0,0
2310,"यसैबीच, कृषि उपज बिक्री नभएपछि किसानले घाटा व्यहोर्नुपरेको असन्तुष्टि ",0,0,1,0
2311,"बैठकपछि, फुटपाथ अतिक्रमण हटाएपछि पैदल यात्रुलाई सहज",0,0,0,0
2312,प्रवासी श्रमिकहरू का मानिसहरू संसद् बैठक बाट सबैभन्दा बढी प्रभावित हुने दाबी,0,0,0,1
2313,"किसानले उत्पादनको उचित मूल्य मागे, सरोकारवालासँग परामर्श जारी बताइएको छ",0,0,0,0
2314,सीमानाकामा भन्सार प्रक्रिया डिजिटल बनाउने सरकारको तयारी,0,0,0,0
2315,घटनाक्रममा प्रश्नपत्र चुहावटको खबरले शिक्षाक्षेत्रमा सनसनी ,0,1,0,0
2316,"स्थानीय विवरणअनुसार, चाडपर्वमा सुरक्षा व्यवस्था कडा पारियो",0,0,0,0
2317,निर्णयसँगै डिजिटल सेवा विस्तार भन्दै पक्षको दाबी,0,0,1,0
2318,नेपालको क्रिकेट टोलीले अन्तर्राष्ट्रिय प्रतियोगितामा हासिल गर्यो ऐतिहासिक जित,0,0,0,0
2319,सडक निर्माणको ढिलाइप्रति स्थानीय जनप्रतिनिधिमाथि दबाब ,0,0,0,0
2320,स्थानीय तहको विवरण: किसानलाई उचित मूल्य नदिएको भन्दै व्यापारीविरुद्ध गुनासो ,0,0,1,0
2321,"पछिल्लो घटनामा घटनापछि, सीमानाकामा सुरक्षा जाँच कडा पारियो",0,0,0,0
2322,साना उद्यमीहरू का मानिसहरू ऊर्जा परियोजना बाट सबैभन्दा बढी प्रभावित हुने दाबी,0,0,0,0
2323,घटनाक्रममा अधिकारकर्मीले समावेशी नीति कार्यान्वयन कमजोर भएको बताए,0,0,1,0
2324,घटनाक्रममा तस्करी नियन्त्रणमा सुरक्षा निकायले सफलता पाएको दाबी ,0,0,0,0
2325,"पछिल्लो विवरणअनुसार, लामो विद्युत् अवरोधले उद्योगमा ठूलो क्षति",0,0,0,0
2326,"घटनाक्रममा बैठकपछि, कृषि उपज बिक्री नभएपछि किसानले घाटा व्यहोर्नुपरेको असन्तुष्टि",0,0,1,0
2327,किसानहरू का मानिसहरू युवा नीति बाट सबैभन्दा बढी प्रभावित हुने दाबी,0,0,0,1
2328,"अनुगमनको क्रममा सम्बन्धित निकायका अनुसार, सरकारले डिजिटल सुरक्षा नीति सार्वजनिक गर्‍यो",0,0,0,0
2329,पर्यटन क्षेत्रमा समस्या समाधान नभए अवस्था गम्भीर हुने चेतावनी,0,0,0,0
2330,"नयाँ निर्णयसँगै, महिलाले नेतृत्व गर्न नसक्ने पुरानो धारणामाथि बहस",0,0,0,0
2331,सत्तापक्षले विपक्षीलाई जिम्मेवार बन्न आग्रह गर्‍यो,0,0,0,0
2332,"आज सार्वजनिक जानकारीअनुसार, कामदारहरू मेहनतबाट टाढिँदै गएको आरोपप्रति ट्रेड युनियनको आपत्ति",0,0,0,0
2333,"स्थानीय स्रोतका अनुसार, भवन निर्माणमा मापदण्ड पालना नगरेको आरोप",0,0,0,0
2334,नयाँ तथ्य सार्वजनिक: बाढीपछि सयौँ परिवार विस्थापित ,0,0,0,0
2335,घटनाक्रममा व्यापारीले माग घटेको भन्दै बिक्री कमजोर भएको बताए ,0,0,1,0
2336,"यसैबीच, बैठकपछि, खेलाडी छनोटमा पक्षपात भएको बताउँदै प्रश्न",0,0,0,0
2337,"नयाँ तथ्य सार्वजनिक: नयाँ निर्णयसँगै, लामो समय विद्युत् अवरुद्ध हुँदा उद्योगमा करोडौँको क्षति भएको दाबी",0,0,0,0
2338,"यसैबीच, नयाँ निर्णयसँगै, सीप तालिम पाएपछि युवाले आफ्नै व्यवसाय सुरु गरे",0,0,0,0
2339,स्थानीय तहको विवरण: खेलाडी छनोटमा पक्षपात भएको भन्दै सवाल,0,0,1,0
2340,"यसैबीच, पछिल्लो विवरणअनुसार, अचानक आएको भूकम्पले पुराना घरमा ठूलो क्षति",0,1,0,0
2341,किसानले उचित मूल्य नपाएको बताउँदै बजारमा विरोध गरे ,0,0,1,0
2342,"घटनापछि, भवन निर्माणमा मापदण्ड पालना नगरेको दाबी",0,0,0,0
2343,निर्णयपछि प्रहरीमाथि अधिकार दुरुपयोग गरेको आरोप ,0,0,1,0
2344,अनुगमनको क्रममा अचानक आएको भूकम्पले पुराना घरमा ठूलो क्षति ,0,1,0,0
2345,सहरी बासिन्दाहरू का मानिसहरू स्वास्थ्य योजना बाट सबैभन्दा बढी प्रभावित हुने दाबी,0,0,0,0
2346,घोषणापछि ऊर्जा परियोजना भन्दै पक्षको दाबी,0,0,1,0
2347,सरकारले लोकप्रियता बढाउन हतारमा निर्णय गरेको विपक्षीको आरोप,1,0,0,0
2348,नयाँ तथ्य सार्वजनिक: आयोजना निर्माणमा ढिलाइ हुँदा लागत बढ्ने चिन्ता ,0,0,0,0
2349,"सिँचाइ आयोजना सम्पन्न गर्न स्थानीयले दबाब दिए, समस्या समाधान गर्न पहल थालिएको छ जनाइएको छ",0,0,0,0
2350,किसानहरू का मानिसहरू निर्वाचन तयारी बाट सबैभन्दा बढी प्रभावित हुने दाबी,0,0,0,1
2351,पर्यटकीय क्षेत्रमा आगन्तुक बढेपछि होटल व्यवसाय चलायमान ,0,0,0,0
2352,असुरक्षित खानपानका कारण उपत्यकामा झाडापखालाको प्रकोप फैलिँदै,0,0,0,0
2353,"आज सार्वजनिक विवरणमा, अवैध काठ कटानी रोक्न वन कार्यालयले निगरानी बढायो",0,0,0,0
2354,"अनुगमनपछि, जंगली जनावर बस्तीमा पस्दा स्थानीयमा त्रास",0,1,0,0
2355,"पछिल्लो विवरणअनुसार, स्वास्थ्य चौकीमा कर्मचारी अभाव हटाउन नयाँ व्यवस्था",0,0,0,0
2356,"सिँचाइ आयोजना सम्पन्न गर्न स्थानीयले दबाब दिए, प्रति सरोकारवालाले मिश्रित प्रतिक्रिया दिएका छन् जनाइएको छ",0,0,0,0
2357,"यसैबीच, बैठकपछि, युवा पुस्ता मेहनतबाट भागिरहेको टिप्पणीप्रति विरोध",0,0,1,0
2358,घटनाक्रममा सरकारले आलोचनालाई बेवास्ता गर्दै योजना अघि बढाएको आरोप,1,0,1,0
2359,"घटनापछि, उद्योगीले कर नीतिले व्यवसाय धरापमा परेको बताए",0,0,0,0
2360,"घटनाक्रममा बैठकपछि, पर्यटकहरू स्थानीय संस्कृतिको सम्मान नगर्ने गरेको आरोप",0,0,0,0
2361,"अनुगमनको क्रममा अनुगमनपछि, पर्यटकको भीडले प्रमुख गन्तव्यमा मच्चियो ठूलो हलचल",0,1,0,0
2362,"घटनाक्रममा नयाँ निर्णयसँगै, युवा पुस्ता मेहनतबाट भागिरहेको टिप्पणीप्रति विरोध",0,0,1,0
2363,"नयाँ तथ्य सार्वजनिक: घटनापछि, स्वास्थ्यकर्मीमाथि दुर्व्यवहार बढेको भन्दै सुरक्षा माग",0,0,1,0
2364,स्थानीय तहका उपप्रमुखहरूको अधिकार कटौती गरिएको भन्दै तीव्र आक्रोश,0,0,1,0
2365,प्रविधि सम्बन्धी भ्रामक सूचनाप्रति प्रशासनको चेतावनी,0,0,0,0
2366,"पछिल्लो घटनामा घटनापछि, तरकारीको मूल्य अकस्मात बढ्दा बजारमा हाहाकार",0,1,0,0
2367,"कृषि बजारमा बिचौलियाको प्रभावबारे किसानको गुनासो, प्रति सरोकारवालाले मिश्रित प्रतिक्रिया दिएका छन्",0,0,0,0
2368,सत्तापक्षले संसद् बैठक अघि बढाएर आफ्नो राजनीतिक प्रभाव बलियो बनाउन खोजेको आरोप,1,0,0,0
2369,नीतिले कृषि क्षेत्रलाई बेवास्ता गरेको आलोचना,0,0,1,0
2370,"निर्णयपछि बैठकपछि, श्रमिकको न्यूनतम पारिश्रमिक बढाउने निर्णय",0,0,0,0
2371,"स्थानीय विवरणअनुसार, अवैध वन फँडानी रोक्न गस्ती बढाइयो",0,0,0,0
2372,"नयाँ निर्णयसँगै, बैंकले ग्रामीण क्षेत्रमा शाखा विस्तार गर्ने घोषणा",0,0,0,0
2373,निर्णयपछि स्वास्थ्य चौकीमा चिकित्सक नहुँदा ग्रामीण सेवाग्राही समस्यामा ,0,0,0,0
2374,"छलफलपछि, सरकारले कृषि बीमामा अनुदान थप्ने घोषणा गर्‍यो",0,0,0,0
2375,स्थानीय बासिन्दाहरू सम्बन्धी पुरानो धारणा खाद्य सुरक्षा कार्यक्रम को बहसमा फेरि दोहोरियो,0,0,0,0
2376,"स्थानीय विवरणअनुसार, महिला उद्यमीले नयाँ बजारमा उत्पादन पुर्‍याइन्",0,0,0,0
2377,सरकारी स्कुलका शिक्षकहरूले राजनीतिमा सक्रियता देखाएको भन्दै आलोचना,1,0,1,0
2378,घटनाक्रममा धारामा पानी नआएपछि स्थानीय महिलाले विरोध जनाए ,0,0,1,0
2379,काठमाडौंका फोहोर व्यवस्थापन अझै पनि स्थायी रूपमा हुन नसकेको अवस्था,0,0,0,0
2380,"निर्णयपछि पछिल्लो विवरणअनुसार, वैदेशिक रोजगारीमा ठगी बढेको भन्दै परिवार चिन्तामा",0,0,1,0
2381,सडक बत्ती नहुँदा राति हिँड्न जोखिम बढेको स्थानीयको गुनासो,0,0,0,0
2382,राजनीतिक दलहरूबीच सहमतिको प्रयास जारी,0,0,0,0
2383,"नयाँ तथ्य सार्वजनिक: घटनापछि, उपभोक्ताले गुणस्तरहीन सामान बिक्री भइरहेको असन्तुष्टि गरे",0,0,1,0
2384,स्वास्थ्यकर्मीलाई सम्मान नगर्ने प्रवृत्तिमाथि चिन्ता,0,0,0,0
2385,नयाँ तथ्य सार्वजनिक: लोडसेडिङ फर्किएको हल्लाले उपभोक्तामा अनावश्यक त्रास ,0,1,0,0
2386,"छलफलपछि, ब्याजदर बढेपछि ऋणी व्यवसायी दबाबमा",0,0,0,0
2387,निर्वाचन तयारी सम्बन्धी योजना अघि बढाइने भएको छ,0,0,0,0
2388,वृद्ध नागरिकहरू ले बजेट बारे एउटै धारणा राख्ने भनाइ सार्वजनिक,0,0,0,0
2389,निर्णयपछि सडक विस्तारले वन क्षेत्रमा असर गर्ने वातावरणविद्को चेतावनी ,0,0,0,0
2390,निर्णयपछि कर बढेपछि उद्योगीले सरकारी नीतिप्रति असन्तुष्टि जनाए ,1,0,1,0
2391,"अनुगमनपछि, भन्सार दर बढेपछि आयातकर्ता चिन्तामा",0,0,0,0
2392,"नयाँ तथ्य सार्वजनिक: स्थानीय स्रोतका अनुसार, मोबाइल बैंकिङ बन्द हुँदा ग्राहकमा ठूलो अन्योल",0,0,0,0
2393,घटनाक्रममा महिला उद्यमीले स्थानीय उत्पादनको नयाँ बजार खोजिन् ,0,0,0,0
2394,"कृषि अनुदान वितरणमा पारदर्शिता माग, समस्या समाधान गर्न पहल थालिएको छ जनाइएको छ",0,0,0,0
2395,प्रदर्शनकारीमाथि प्रहरी कारबाहीपछि तनाव,0,0,0,0
2396,अनलाइन पढाइले दुर्गम क्षेत्रका विद्यार्थीलाई नयाँ अवसर ,0,0,0,0
2397,"पछिल्लो घटनाक्रम: बैठकपछि, फोहोरले नदीको अवस्था भयावह बनेको भन्दै चेतावनी",0,1,1,0
2398,नयाँ तथ्य सार्वजनिक: सत्तारूढ दलभित्र नेतृत्व परिवर्तनबारे छलफल सुरु ,0,0,0,0
2399,"नयाँ निर्णयसँगै, समावेशी नीतिको कार्यान्वयन कमजोर भएको अधिकारकर्मीको आरोप",0,0,1,0
2400,महँगी नियन्त्रणमा सरकारको नीति प्रभावकारी नभएको विज्ञको टिप्पणी,0,0,0,0
2401,"यसैबीच, सम्बन्धित निकायका अनुसार, सडक निर्माणको ढिलाइप्रति स्थानीय जनप्रतिनिधिमाथि दबाब",0,0,0,0
2402,"घटनाक्रममा पछिल्लो विवरणअनुसार, कामदारमाथि अन्याय भएको भन्दै उद्योग अगाडि प्रदर्शन",0,0,1,0
2403,नयाँ नीतिले अर्थतन्त्र क्षेत्रमा सकारात्मक प्रभाव पार्ने अपेक्षा,0,0,0,0
2404,घटनाक्रममा साइबर अपराधीको गिरोह सक्रिय भएको बताउँदै त्रास ,0,1,0,0
2405,नयाँ विवरणअनुसार स्थानीय विकास योजना भन्दै पक्षको दाबी,0,0,1,0
2406,प्रधानमन्त्रीमाथि प्रश्न उठाउनेलाई समर्थकको कडा जवाफ,1,0,0,0
2407,"छलफलपछि, सरकारले सार्वजनिक यातायात सुधारका लागि नयाँ कार्ययोजना स्वीकृत गर्‍यो",0,0,0,0
2408,"नयाँ निर्णयसँगै, वैदेशिक रोजगारीमा ठगी बढेको भन्दै परिवार चिन्तामा",0,0,1,0
2409,पछिल्लो घटनामा सरकारको नीतिविरुद्ध विद्यार्थी संगठनले प्रदर्शन गरे ,0,0,1,0
2410,"घटनाक्रममा बैठकपछि, सरकारले निःशुल्क औषधिको सूची विस्तार गर्ने तयारी गरेको छ",0,0,0,0
2411,"सिँचाइ आयोजना सम्पन्न गर्न स्थानीयले दबाब दिए, भोलिदेखि लागू गर्ने तयारी हुने अपेक्षा",0,0,0,0
2412,"घटनाक्रममा घटनापछि, सरकारले विद्युतीय बसका लागि अनुदान दिने घोषणा गर्‍यो",0,0,0,0
2413,"छलफलपछि, सिँचाइ आयोजना पूरा भएपछि खेतीयोग्य जमिन विस्तार हुने",0,0,0,0
2414,विपक्षीको कदमले सरकारलाई अप्ठ्यारोमा पार्‍यो,0,0,0,0
2415,कलेज शुल्क बढेपछि विद्यार्थी संगठन आन्दोलित ,0,0,0,0
2416,नयाँ तथ्य सार्वजनिक: अस्पतालको लामो लाइनले सेवाग्राहीलाई हैरान बनायो,0,0,0,0
2417,"नयाँ तथ्य सार्वजनिक: बैठकपछि, वन्यजन्तु संरक्षण बजेट कटौतीप्रति अभियन्ताको विरोध",0,0,1,0
2418,"छलफलपछि, राहत नपुगेपछि पीडितको आक्रोश चुलियो",0,1,1,0
2419,किसानले उखुको बक्यौता रकम पाउन फेरि आन्दोलन गर्नुपर्ने स्थिति,0,0,0,0
2420,किसानले उत्पादनको उचित मूल्य मागे; स्थानीय तहलाई आवश्यक निर्देशन दिइएको छ,0,0,0,0
2421,विपक्षी दृष्टिकोणमा महिला उद्यम कार्यक्रम को प्रभाव अपेक्षाभन्दा कमजोर हुन सक्छ,0,0,0,1
2422,श्रमिक आन्दोलनका कारण उत्पादन केही समय रोकियो ,0,0,0,0
2423,स्थानीय तहको विवरण: राहत ढिलो पुगेपछि पीडितको आक्रोश चुलियो ,0,1,1,0
2424,"किसानले उत्पादनको उचित मूल्य मागे, आगामी चरणमा समीक्षा गरिने को तयारी",0,0,0,0
2425,"यसैबीच, आज सार्वजनिक जानकारीअनुसार, सरकारले साना उद्योगलाई कर छुट दिने प्रस्ताव अघि बढायो",0,0,0,0
2426,पूर्वाधार सम्बन्धी भ्रामक सूचनाप्रति प्रशासनको चेतावनी,0,0,0,0
2427,विश्वविद्यालयले अनुसन्धान अनुदानको नयाँ मापदण्ड ल्यायो,0,0,0,0
2428,आलोचनापछि ऊर्जा परियोजना भन्दै पक्षको दाबी,0,0,1,0
2429,"अनुगमनपछि, साहित्य महोत्सवमा लेखकहरूले अभिव्यक्ति स्वतन्त्रताबारे बहस गरे",0,0,0,0
2430,सरकारले करको दायरा बढाएको भन्दै उद्योगी व्यवसायीहरूको विरोध प्रदर्शन,1,0,1,0
2431,"स्थानीय तहमा महिला खेलाडीले प्रतियोगितामा उत्कृष्ट प्रदर्शन गरे ,",0,0,0,0
2432,नयाँ चलचित्रले बक्स अफिसमा अप्रत्याशित सफलता पायो ,0,0,0,0
2433,"किसानले उत्पादनको उचित मूल्य मागे, प्रति सरोकारवालाले मिश्रित प्रतिक्रिया दिएका छन् का लागि पहल",0,0,0,0
2434,सार्वजनिक जग्गामा अवैध रूपमा निर्माण गरिएका संरचनाहरूमा महानगरको डोजर,0,0,0,0
2435,"निर्णयपछि घटनापछि, अपांगता भएका व्यक्तिका लागि सार्वजनिक सेवा पहुँच सुधार्ने योजना",0,0,0,0
2436,अनुगमनको क्रममा सरकारले साना उद्योगलाई कर छुट दिने प्रस्ताव अघि बढायो,0,0,0,0
2437,"पछिल्लो विवरणअनुसार, नयाँ विमानस्थल सञ्चालनमा आएपछि क्षेत्रीय सम्पर्क सहज",0,0,0,0
2438,भूकम्प जोखिम भएका भवनको प्राविधिक परीक्षण सुरु ,0,0,0,0
2439,"स्थानीय तहमा व्यापारीले माग घटेको भन्दै बिक्री कमजोर भएको जनाए ,",0,0,1,0
2440,"स्थानीय तहमा चुनावी प्रचारमा नेताहरूले मतदातासँग नयाँ प्रतिबद्धता जनाए,",0,0,0,0
2441,"यसैबीच, सरकारले आलोचनालाई बेवास्ता गर्दै योजना अघि बढाएको दाबी ",1,0,1,0
2442,आलोचनापछि स्वास्थ्य योजना बारे मिश्रित प्रतिक्रिया,0,0,1,0
2443,ताजा रिपोर्टअनुसार वातावरण संरक्षण योजना बारे थप अध्ययन आवश्यक,0,0,0,0
2444,"यसैबीच, आज सार्वजनिक जानकारीअनुसार, वन्यजन्तु संरक्षण बजेट कटौतीप्रति अभियन्ताको विरोध",0,0,1,0
2445,समर्थकहरूले युवा नीति लाई दीर्घकालीन उपलब्धिका रूपमा व्याख्या गरे,0,0,0,0
2446,"पछिल्लो घटनामा आज सार्वजनिक विवरणमा, औषधि खरिदमा अनियमितताको आरोपपछि छानबिन सुरु",0,0,0,0
2447,"स्थानीय तहमा नयाँ निर्णयसँगै, तरकारीको मूल्य घटेपछि उपभोक्तालाई केही राहत,",0,0,0,0
2448,"यसैबीच, पछिल्लो विवरणअनुसार, युवा पुस्ता मेहनत गर्नै नचाहने टिप्पणीप्रति आलोचना",0,0,1,0
2449,"किसानले उत्पादनको उचित मूल्य मागे, बारे मन्त्रालयले जानकारी दिएको छ जनाइएको छ",0,0,0,0
2450,वृद्ध नागरिकहरू को व्यवहारलाई बजेट सँग जोडेर गरिएको टिप्पणी विवादमा,0,0,0,0
2451,"किसानले उत्पादनको उचित मूल्य मागे, प्रति सरोकारवालाले मिश्रित प्रतिक्रिया दिएका छन् हुने अपेक्षा",0,0,0,0
2452,किसानले उत्पादनको उचित मूल्य मागे — सरोकारवालासँग परामर्श जारी,0,0,0,0
2453,स्थानीय तहको विवरण: शिक्षक अभावका कारण विद्यालयको नियमित पठनपाठन असर परेको ,0,0,0,0
2454,घटनाक्रममा सरकारले महिला व्यवसायीका लागि सहुलियत कर्जा विस्तार गर्‍यो ,0,0,0,0
2455,घटनाक्रममा प्रहरीको कारबाहीलाई स्थानीयले प्रभावकारी भने ,0,0,0,0
2456,"सरकारले नयाँ कृषि नीति कार्यान्वयन गर्ने तयारी, आगामी चरणमा समीक्षा गरिने का लागि पहल",0,0,0,0
2457,"पछिल्लो विवरणअनुसार, बेरोजगारी बढेपछि युवामा भविष्यबारे चिन्ता",0,0,0,0
2458,"बैठकपछि, सरकारले साना उद्योगलाई कर छुट दिने प्रस्ताव अघि थपेको छ",0,0,0,0
2459,विमानस्थल व्यवस्थापनमा लापरबाही भएको यात्रुको दाबी ,0,0,0,0
2460,"नयाँ निर्णयसँगै, बजार अनुगमनमा म्याद गुज्रेका खाद्य सामग्री भेटिए",0,0,0,0
2461,"स्थानीय विवरणअनुसार, स्थानीय बस सेवा विस्तार भएपछि यात्रुको समय बचत",0,0,0,0
2462,"छलफलपछि, महँगो उपचारका कारण परिवार ऋणमा डुबेको स्थानीयको असन्तुष्टि",0,0,1,0
2463,ग्रामीण समुदाय को व्यवहारलाई निर्वाचन तयारी सँग जोडेर गरिएको टिप्पणी विवादमा,0,0,0,0
2464,भन्सार दर बढेपछि आयातकर्ता चिन्तामा,0,0,0,0
2465,"घटनापछि, विद्यार्थीहरू अनुशासनहीन बन्दै गएको टिप्पणी विवादमा",0,0,0,1
2466,"नयाँ तथ्य सार्वजनिक: अनुगमनपछि, सडक विस्तारको काम सुस्त भएपछि ठेकेदारसँग स्पष्टीकरण माग",0,0,0,0
2467,"घटनाक्रममा बैठकपछि, सरकारले ऊर्जा निर्यात बढाउने लक्ष्य सार्वजनिक गर्‍यो",0,0,0,0
2468,"नयाँ तथ्य सार्वजनिक: बैठकपछि, वैदेशिक रोजगारीमा ठगी बढेको भन्दै परिवार चिन्तित",0,0,1,0
2469,स्थानीय तहको विवरण: सडक मर्मत ढिलो भएपछि स्थानीयले जनप्रतिनिधिसँग प्रश्न गरे ,0,0,0,0
2470,"यसैबीच, श्रमिकहरू काममा ढिलासुस्ती गर्ने आरोपप्रति युनियनको आपत्ति",0,0,0,0
2471,नीतिले स्वास्थ्य क्षेत्रलाई बेवास्ता गरेको आलोचना,0,0,1,0
2472,दुई प्रमुख दलबीच सहकार्यसम्बन्धी छलफल,0,0,0,0
2473,नयाँ तथ्य सार्वजनिक: वैदेशिक रोजगारीमा ठगी बढेको बताउँदै परिवार चिन्तित ,0,0,0,0
2474,"छलफलपछि, उद्योगीले कर नीतिले व्यवसाय धरापमा परेको बताए",0,0,0,0
2475,"यसैबीच, घटनापछि, धारामा पानी नआएपछि स्थानीय महिलाले विरोध बताए",0,0,1,0
2476,ताजा रिपोर्टअनुसार कृषि कार्यक्रम बारे थप अध्ययन आवश्यक,0,0,0,0
2477,आलोचनापछि डिजिटल सेवा विस्तार बारे मिश्रित प्रतिक्रिया,0,0,1,0
2478,सरकारको अर्थतन्त्र योजना सफल हुने मन्त्रीको दाबी,0,0,0,0
2479,निजी क्षेत्र सम्बन्धी पुरानो धारणा खाद्य सुरक्षा कार्यक्रम को बहसमा फेरि दोहोरियो,0,0,0,0
2480,"किसानले उत्पादनको उचित मूल्य मागे, सम्बन्धमा थप छलफल सुरु हुने अपेक्षा",0,0,0,0
2481,"कृषि अनुदान वितरणमा पारदर्शिता माग, भोलिदेखि लागू गर्ने तयारी बताइएको छ",0,0,0,0
2482,"घटनाक्रममा बैठकपछि, युवा कलाकारलाई अवसर नदिएको भन्दै आयोजकमाथि प्रश्न",0,0,1,0
2483,"स्थानीय तहमा आज सार्वजनिक विवरणमा, शिक्षक अभावले कक्षा सञ्चालनमा समस्या,",0,0,0,0
2484,ठगीको खबर फैलिएपछि सामाजिक सञ्जालमा हल्ला ,0,0,0,0
2485,"बैठकपछि, औषधि नपाएपछि बिरामीका आफन्त अस्पताल प्रशासनसँग आक्रोशित",0,1,1,0
2486,आर्थिक नीतिले देशलाई गलत दिशातर्फ लैजाँदै गरेको विपक्षीको आरोप,0,0,1,0
2487,सामाजिक सञ्जालको दुरुपयोग बढेपछि नियमन गर्न नयाँ कानुन आउँदै,0,0,0,0
2488,"पछिल्लो घटनाक्रम: स्थानीय विवरणअनुसार, स्वास्थ्यकर्मीमाथि दुर्व्यवहार बढेको भन्दै सुरक्षा माग",0,0,1,0
2489,"नयाँ तथ्य सार्वजनिक: घटनापछि, पानीको अभावले गाउँका परिवारको दैनिकी प्रभावित",0,0,0,0
2490,तस्करी नियन्त्रणमा सुरक्षा निकायले सफलता पाएको दाबी,0,0,0,0
2491,कृषि अनुदान वितरणमा पारदर्शिता माग : प्रति सरोकारवालाले मिश्रित प्रतिक्रिया दिएका छन्,0,0,0,0
2492,पछिल्लो घटनाक्रम: सुक्खा बढेपछि खानेपानीको माग चुलियो ,0,1,0,0
2493,नक्कली शैक्षिक प्रमाणपत्र बनाएर जागिर खाने कर्मचारीमाथि अख्तियारको कडा निगरानी,0,0,0,0
2494,"यसैबीच, घटनापछि, पर्यटकीय क्षेत्रमा आगन्तुक बढेपछि होटल व्यवसाय चलायमान",0,0,0,0
2495,"घटनाक्रममा स्थानीय विवरणअनुसार, स्वास्थ्य चौकीमा चिकित्सक नहुँदा ग्रामीण सेवाग्राही समस्यामा",0,0,0,0
2496,"सिँचाइ आयोजना सम्पन्न गर्न स्थानीयले दबाब दिए, समस्या समाधान गर्न पहल थालिएको छ हुने अपेक्षा",0,0,0,0
2497,"आज सार्वजनिक जानकारीअनुसार, स्थानीय बस सेवा विस्तार भएपछि यात्रुको समय बचत",0,0,0,0
2498,"निर्णयपछि नयाँ निर्णयसँगै, औषधि अभाव भएपछि बिरामीका आफन्तले अस्पताल प्रशासनसँग विरोध जनाए",0,0,1,0
2499,"सम्बन्धित निकायका अनुसार, स्वास्थ्यकर्मीलाई सम्मान नगर्ने प्रवृत्तिमाथि चिन्ता",0,0,0,0
2500,वृद्ध नागरिकहरू का मानिसहरू बजेट बाट सबैभन्दा बढी प्रभावित हुने दाबी,0,0,0,1
2501,"घटनाक्रममा स्थानीय स्रोतका अनुसार, मूल्य घट्ने अपेक्षामा ग्राहकले खरिद रोके",0,0,0,0
2502,"यसैबीच, अँध्यारो सडकमा दुर्घटनाको जोखिम बढेको स्थानीयको गुनासो ",0,0,0,0
2503,नयाँ विवरणअनुसार वातावरण संरक्षण योजना भन्दै पक्षको दाबी,0,0,1,0
2504,निर्णयपछि सरकारले साना उद्योगलाई कर छुट दिने प्रस्ताव अघि थपेको छ ,0,0,0,0
2505,नयाँ तथ्य सार्वजनिक: परम्परागत कलाकार आधुनिक प्रविधि प्रयोग गर्न नसक्ने टिप्पणी विवादमा ,0,0,0,0
2506,"यसैबीच, अनुगमनपछि, नगरपालिकाले नयाँ पार्क निर्माणको ठेक्का सम्झौता गर्‍यो",0,0,0,0
2507,"अनुगमनपछि, बाढीले खानेपानीको मुख्य पाइप बगाएपछि सेवा अवरुद्ध",0,0,0,0
2508,भन्सार दर बढेपछि आयातकर्ता चिन्तित ,0,0,0,0
2509,पछिल्लो घटनामा धारामा पानी नआएपछि स्थानीय महिलाले विरोध बताए ,0,0,1,0
2510,"घटनाक्रममा अनुगमनपछि, किसानलाई उचित मूल्य नदिएको भन्दै व्यापारीविरुद्ध गुनासो",0,0,1,0
2511,सरकारविरुद्ध सडकमा उत्रिन विपक्षीको आह्वान,0,0,1,0
2512,"पछिल्लो विवरणअनुसार, विपद् व्यवस्थापनमा सरकारको तयारी कमजोर भएको दाबी",0,0,1,0
2513,"आज सार्वजनिक जानकारीअनुसार, सरकारले सामाजिक सुरक्षा भत्ता समायोजन गर्ने तयारी",0,0,0,0
2514,"नयाँ तथ्य सार्वजनिक: पछिल्लो विवरणअनुसार, विद्युत् लाइन विस्तारपछि नयाँ बस्तीमा बिजुली पुग्यो",0,0,0,0
2515,स्थानीय बासिन्दाहरू लाई बजेट को मुख्य जिम्मेवार पक्षका रूपमा चित्रण,0,0,0,0
2516,कृषि बजारमा बिचौलियाको प्रभावबारे किसानको गुनासो — बारे मन्त्रालयले जानकारी दिएको छ,0,0,0,0
2517,पछिल्लो घटनाक्रम: अधिकारकर्मीले समावेशी नीति कार्यान्वयन कमजोर भएको जनाए ,0,0,1,0
2518,"अनुगमनपछि, औषधि नपाउँदा बिरामीका आफन्तले आकस्मिक विरोध गरे",0,0,1,0
2519,स्थानीय तहको विवरण: फोहोरको थुप्रो देखेर स्थानीयमा आक्रोश ,0,0,1,0
2520,घटनाक्रममा सौर्य ऊर्जाको प्रयोग बढाउन स्थानीय तहको योजना ,0,0,0,0
2521,अनलाइन ठगी बढेपछि ग्राहकमा ठूलो त्रास,0,1,0,0
2522,"यसैबीच, सम्बन्धित निकायका अनुसार, सरकारले साना उद्योगलाई कर छुट दिने प्रस्ताव अघि थपेको छ",0,0,0,0
2523,निर्णयपछि सिँचाइ सुविधा पुगेपछि बाँझो जमिनमा खेती सुरु ,0,0,0,0
2524,"निर्णयपछि छलफलपछि, ठेकेदारको लापरबाहीले आयोजना वर्षौँदेखि अधुरो",0,0,0,0
2525,"स्थानीय विवरणअनुसार, महँगो उपचारका कारण परिवार ऋणमा डुबेको स्थानीयको गुनासो",0,0,0,0
2526,घटनाक्रममा सहकारीको रकम हिनामिना भएको दाबीमा अनुसन्धान अघि बढ्यो ,0,0,0,0
2527,स्थानीय युवाले गाउँमा पुस्तकालय स्थापना गरे,0,0,0,0
2528,"सम्बन्धित निकायका अनुसार, व्यापारीले माग घटेको भन्दै बिक्री कमजोर भएको जनाए",0,0,1,0
2529,विमानस्थल व्यवस्थापनमा लापरबाही भएको यात्रुको दाबी,0,0,0,0
2530,"पछिल्लो विवरणअनुसार, विद्युत् चुहावट नियन्त्रण गर्न नयाँ अभियान",0,0,0,0
2531,"छलफलपछि, परीक्षा प्रश्नपत्र चुहावटको खबरले शैक्षिक क्षेत्रमा हलचल",0,0,0,0
2532,अँध्यारो सडकमा दुर्घटनाको जोखिम बढेको स्थानीयको असन्तुष्टि ,0,0,1,0
2533,अर्थतन्त्र क्षेत्रमा सरकार असफल भएको विपक्षीको आरोप,1,0,0,0
2534,निर्णयपछि पहिरोले गाउँको बाटो काटेपछि जनजीवन असर परेको,0,0,0,0
2535,"पछिल्लो घटनामा आज सार्वजनिक विवरणमा, अवैध काठ कटानी रोक्न वन कार्यालयले निगरानी बढायो",0,0,0,0
2536,नीतिले अर्थतन्त्र क्षेत्रलाई बेवास्ता गरेको आलोचना,0,0,1,0
2537,समर्थकहरूले निर्वाचन तयारी लाई दीर्घकालीन उपलब्धिका रूपमा व्याख्या गरे,0,0,0,0
2538,"पछिल्लो विवरणअनुसार, वृद्धहरूलाई डिजिटल स्वास्थ्य सेवा प्रयोग गर्न कठिन भएको असन्तुष्टि",0,0,1,0
2539,"स्थानीय विवरणअनुसार, ट्याक्सी चालकले नयाँ नियमप्रति असन्तुष्टि बताए",0,0,1,0
2540,ताजा रिपोर्टअनुसार शिक्षा नीति भन्दै आलोचकको प्रतिक्रिया,0,0,1,0
2541,निर्णयपछि ट्याक्सी चालकले नयाँ नियमप्रति असन्तुष्टि जनाए ,0,0,1,0
2542,"बैठकपछि, महिला खेलाडीले प्रतियोगितामा उत्कृष्ट प्रदर्शन गरिन्",0,0,0,0
2543,"स्थानीय तहको विवरण: छलफलपछि, वन कार्यालयले अवैध काठ कटानी नियन्त्रणका लागि गस्ती थपेको छ",0,0,0,0
2544,युवा कलाकारलाई अवसर नदिएको भन्दै आयोजकमाथि प्रश्न ,0,0,1,0
2545,प्रहरीले साइबर अपराधविरुद्ध विशेष अभियान सुरु गरेको छ,0,0,1,0
2546,"अनुगमनपछि, अस्पतालको लापरबाहीले बिरामीको ज्यान जोखिममा परेको आरोप",0,0,0,0
2547,"किसानले उत्पादनको उचित मूल्य मागे, कार्यान्वयनका लागि कार्यदल गठन को तयारी",0,0,0,0
2548,"घटनापछि, रेल ढिलो भएपछि यात्रुमा असन्तुष्टि",0,0,1,0
2549,"पछिल्लो घटनाक्रम: सम्बन्धित निकायका अनुसार, स्वास्थ्यकर्मीमाथि दुर्व्यवहार बढेको बताउँदै सुरक्षा माग",0,0,0,0
2550,पुरुष नेताहरूले महिलाको आवाज दबाएको आरोप,1,0,0,0
2551,अन्ततः संसद् बैठक बारे आयो यस्तो ठूलो खबर!,0,0,0,0
2552,खेलाडी छनोटमा पक्षपात भएको बताउँदै प्रश्न,0,0,0,0
2553,आलोचनापछि खाद्य सुरक्षा कार्यक्रम बारे मिश्रित प्रतिक्रिया,0,0,1,0
2554,शिक्षा नीति मा सरकार र विपक्षबीच आरोप–प्रत्यारोप चर्कियो,1,1,0,0
2555,सिँचाइ सुविधा पुगेपछि बाँझो जमिनमा खेती सुरु ,0,0,0,0
2556,कर्मचारीहरू लाई बजेट को मुख्य जिम्मेवार पक्षका रूपमा चित्रण,0,0,1,0
2557,घटनाक्रममा शिकारी समूह पक्राउ परेपछि निकुञ्ज प्रशासन उत्साहित ,0,0,0,0
2558,पछिल्लो घटनाक्रम: अपराध बढेपछि शहरमा सुरक्षा चिन्ता ,0,0,0,0
2559,"स्थानीय तहमा नयाँ निर्णयसँगै, सडकमा एकपछि अर्को दुर्घटनाले यात्रुमा त्रास,",0,1,0,0
2560,कृषि बजारमा बिचौलियाको प्रभावबारे किसानको गुनासो — समस्या समाधान गर्न पहल थालिएको छ,0,0,0,0
2561,रोजगारी योजना मा सरकार र विपक्षबीच आरोप–प्रत्यारोप चर्कियो,1,1,0,0
2562,घटनाक्रममा पर्यटकको भीडले प्रमुख गन्तव्यमा मच्चियो ठूलो हलचल ,0,1,0,0
2563,"घटनापछि, पर्यटकहरू स्थानीय नियम पालना नगर्ने गरेको दाबी",0,0,0,0
2564,नयाँ तथ्य सार्वजनिक: नयाँ पुल सञ्चालनमा आएपछि दुई जिल्लाबीच आवागमन सहज ,0,0,0,0
2565,नयाँ आर्थिक नीतिले व्यवसायीलाई ठूलो झट्का,0,0,0,0
2566,"पछिल्लो विवरणअनुसार, तरकारी व्यापारीमाथि कालोबजारीको आरोप",0,0,0,0
2567,सार्वजनिक तथ्यांकअनुसार पूर्वाधार आयोजना भन्दै आलोचकको प्रतिक्रिया,0,0,1,0
2568,"नयाँ निर्णयसँगै, शहरको मुख्य चोकमा ट्राफिक जामले यात्रु हैरान",0,0,0,0
2569,खेलाडीलाई कमजोर ठान्ने टिप्पणीपछि प्रशिक्षक विवादमा ,0,0,0,0
2570,नयाँ तथ्य सार्वजनिक: सरकारले विद्युतीय बसका लागि अनुदान दिने घोषणा गर्‍यो,0,0,0,0
2571,"स्थानीय तहमा बैठकपछि, युवा पुस्ता मेहनतबाट भागिरहेको टिप्पणीप्रति विरोध,",0,0,1,0
2572,"अनुगमनको क्रममा घटनापछि, सरकारले डिजिटल सुरक्षा नीति सार्वजनिक गर्‍यो",0,0,0,0
2573,पछिल्लो घटनामा आकस्मिक सेवामा ढिलाइ हुँदा बिरामीको अवस्था गम्भीर ,0,0,0,0
2574,पछिल्लो घटनामा सहकारीको रकम हिनामिना भएको आरोपमा अनुसन्धान अघि बढ्यो ,0,0,0,0
2575,"छलफलपछि, सडक बत्ती नहुँदा राति हिँड्न जोखिम बढेको स्थानीयको असन्तुष्टि",0,0,1,0
2576,नयाँ निर्णयले कृषि क्षेत्रमा ठूलो परिवर्तन ल्याउने दाबी,0,0,0,0
2577,"यसैबीच, बैठकपछि, स्थानीय अस्पतालमा नयाँ एम्बुलेन्स सेवा थपियो",0,0,0,0
2578,"अनुगमनको क्रममा सम्बन्धित निकायका अनुसार, प्रहरीमाथि अधिकार दुरुपयोग गरेको दाबी",0,0,1,0
2579,स्थानीय बासिन्दाहरू का मानिसहरू खाद्य सुरक्षा कार्यक्रम बाट सबैभन्दा बढी प्रभावित हुने दाबी,0,0,0,0
2580,"यसैबीच, पछिल्लो विवरणअनुसार, कलाकारलाई आलोचना सहन नसक्ने भन्दै सामाजिक सञ्जालमा टिप्पणी",0,0,1,0
2581,"पछिल्लो विवरणअनुसार, अवैध वन फँडानी रोक्न गस्ती थपिएको छ",0,0,0,0
2582,ताजा रिपोर्टअनुसार महिला उद्यम कार्यक्रम बारे मिश्रित प्रतिक्रिया,0,0,0,0
2583,"स्थानीय तहको विवरण: अनुगमनपछि, सवालपत्र चुहावटको खबरले शिक्षाक्षेत्रमा सनसनी",0,1,0,0
2584,"बैठकपछि, भन्सार दर बढेपछि आयातकर्ता चिन्तित",0,0,0,0
2585,"स्थानीय तहमा आज सार्वजनिक विवरणमा, औषधि खरिदमा अनियमितताको आरोपपछि छानबिन सुरु,",0,0,0,0
2586,"नयाँ तथ्य सार्वजनिक: नयाँ निर्णयसँगै, नदी सफाइ अभियानमा स्थानीय विद्यालयका विद्यार्थी सहभागी",0,0,0,0
2587,"घटनापछि, सरकारले सार्वजनिक यातायात सुधारका लागि नयाँ कार्ययोजना स्वीकृत गर्‍यो",0,0,0,0
2588,युवा कलाकारलाई अवसर नदिएको भन्दै आयोजकमाथि सवाल ,0,0,1,0
2589,"स्थानीय विवरणअनुसार, लामो विद्युत् अवरोधले उद्योगमा ठूलो क्षति",0,0,0,0
2590,"घटनापछि, प्रहरीको कारबाहीलाई स्थानीयले प्रभावकारी भने",0,0,0,0
2591,"स्थानीय तहमा पछिल्लो विवरणअनुसार, स्थानीय कलाकारको प्रदर्शनीमा दर्शकको उत्साहजनक सहभागिता,",0,0,0,0
2592,आलोचनापछि सहरी विकास योजना बारे बहस सुरु,0,0,1,0
2593,सडक विस्तारका नाममा घरजग्गा गुमाउने पीडितहरू न्याय माग्दै सडकमा,0,0,0,0
2594,"अनुगमनपछि, सरकारले साना उद्योगलाई कर छुट दिने प्रस्ताव अघि थपेको छ",0,0,0,0
2595,सरकारको निर्णयविरुद्ध देशव्यापी आक्रोश,1,0,1,0
2596,सार्वजनिक तथ्यांकअनुसार निर्वाचन तयारी भन्दै पक्षको दाबी,0,0,1,0
2597,"अनुगमनपछि, रेल सेवा विस्तार गर्ने सरकारको दीर्घकालीन योजना",0,0,0,0
2598,साना उद्यमीहरू सम्बन्धी पुरानो धारणा स्वास्थ्य योजना को बहसमा फेरि दोहोरियो,0,0,0,0
2599,प्रदूषण नियन्त्रण गर्न असफल भएको भन्दै वातावरणविद्हरूद्वारा सरकारको आलोचना,1,0,1,0
2600,"आज सार्वजनिक जानकारीअनुसार, बाढीपछि सयौँ परिवार विस्थापित",0,0,0,0
2601,पूर्वाधार समस्या बढेपछि स्थानीयवासी चिन्तित,0,0,0,0
2602,"नयाँ निर्णयसँगै, खेलाडी छनोटमा नातावाद भएको आरोप",0,0,0,0
2603,"अनुगमनपछि, अवैध वन फँडानी रोक्न गस्ती बढाइयो",0,0,0,0
2604,"पछिल्लो विवरणअनुसार, खेलाडी छनोटमा नातावाद भएको दाबी",0,0,0,0
2605,नयाँ तथ्य सार्वजनिक: अत्यधिक वर्षाले खेत डुबाउँदा किसान निराश ,0,0,0,0
2606,स्वास्थ्य क्षेत्रमा अनियमितताको आशंकामा छानबिन सुरु,0,0,0,0
2607,राहत नपुगेपछि पीडितको आक्रोश चुलियो — आजको अपडेट,0,1,1,0
2608,"पछिल्लो घटनाक्रम: नयाँ निर्णयसँगै, प्रहरीमाथि अधिकार दुरुपयोग गरेको आरोप",0,0,1,0
2609,"यसैबीच, आज सार्वजनिक विवरणमा, उपभोक्ताले गुणस्तरहीन सामान बिक्री भइरहेको गुनासो गरे",0,0,0,0
2610,अन्तिम मिनेटको गोलले समर्थकमा खुसीको लहर ,0,0,0,0
2611,"यसैबीच, बैठकपछि, विद्युत् लाइन विस्तारपछि दुर्गम गाउँमा बिजुली पुग्यो",0,0,0,0
2612,"आज सार्वजनिक जानकारीअनुसार, जंगली जनावर बस्तीमा पस्दा स्थानीयमा त्रास",0,0,0,0
2613,"घटनाक्रममा पछिल्लो विवरणअनुसार, खानेपानी आयोजना पूरा भएपछि तीन बस्तीमा सेवा पुग्यो",0,0,0,0
2614,"स्थानीय तहको विवरण: अनुगमनपछि, सरकारले नयाँ पर्यटन वर्षका लागि प्रचार अभियान सुरु गर्‍यो",0,0,0,0
2615,"स्थानीय तहमा बैठकपछि, संसद्मा बजेटमाथि चर्को बहस हुँदा बैठक केही समय अवरुद्ध,",0,0,0,0
2616,"बैठकपछि, विपद् व्यवस्थापनमा सरकारको तयारी कमजोर भएको आरोप",1,0,1,0
2617,स्थानीय तहको विवरण: कलाकारलाई आलोचना सहन नसक्ने भन्दै सामाजिक सञ्जालमा टिप्पणी ,0,0,1,0
2618,वैदेशिक रोजगारीमा ठगी बढेको भन्दै परिवार चिन्तित ,0,0,1,0
2619,अनुगमनको क्रममा प्रतियोगितामा दर्शकको अपेक्षाभन्दा ठूलो भीड ,0,0,0,0
2620,आजको संकटले भोलिको भविष्य नै अन्धकार बनाउने दाबी,0,0,0,0
2621,नयाँ तथ्य सार्वजनिक: विपक्षी दलले स्वास्थ्य बजेट अपर्याप्त भएको भन्दै सरकारको आलोचना गर्‍यो ,1,0,1,0
2622,"स्थानीय तहमा चुनावी प्रचारमा नेताहरूले मतदातासँग नयाँ प्रतिबद्धता जनाए ,",0,0,0,0
2623,"पछिल्लो विवरणअनुसार, पहाडी क्षेत्रमा जथाभावी सडक खन्दा पहिरोको जोखिम",0,0,0,0
2624,कृषि बजारमा बिचौलियाको प्रभावबारे किसानको गुनासो — सम्बन्धमा थप छलफल सुरु,0,0,0,0
2625,"अनुगमनपछि, हिमाली क्षेत्रमा अचानक मौसम बिग्रिँदा पदयात्री अलपत्र",0,1,0,0
2626,"आज सार्वजनिक जानकारीअनुसार, वन्यजन्तु संरक्षणका लागि निकुञ्जले नयाँ योजना ल्यायो",0,0,0,0
2627,"सरकारले नयाँ कृषि नीति कार्यान्वयन गर्ने तयारी, सरोकारवालासँग परामर्श जारी भनिएको छ",0,0,0,0
2628,"नयाँ निर्णयसँगै, धार्मिक समुदायलाई लक्षित अपमानजनक टिप्पणीप्रति विरोध",0,0,1,0
2629,सरकारले भ्रष्टाचारविरुद्ध ऐतिहासिक अभियान थालेको दाबी,1,0,1,0
2630,समावेशी नीतिको कार्यान्वयन कमजोर भएको अधिकारकर्मीको आरोप ,0,0,1,0
2631,"स्थानीय तहको विवरण: नयाँ निर्णयसँगै, अपराध बढेपछि शहरमा सुरक्षा चिन्ता",0,0,0,0
2632,"नयाँ तथ्य सार्वजनिक: नयाँ निर्णयसँगै, शिक्षक अभावले कक्षा सञ्चालनमा समस्या",0,0,0,0
2633,"छलफलपछि, यात्रामा महिलाले असुरक्षित महसुस गर्ने गरेको सर्वेक्षण",0,0,0,1
2634,नयाँ तथ्य सार्वजनिक: उद्योग क्षेत्रमा लगानी बढेपछि व्यवसायी उत्साहित ,0,0,0,0
2635,"सिँचाइ आयोजना सम्पन्न गर्न स्थानीयले दबाब दिए, सरोकारवालासँग परामर्श जारी को तयारी",0,0,0,0
2636,"घटनाक्रममा आज सार्वजनिक जानकारीअनुसार, भूकम्प जोखिम भएका भवनको प्राविधिक परीक्षण सुरु",0,0,0,0
2637,"कृषि अनुदान वितरणमा पारदर्शिता माग, प्रभावबारे विज्ञले अध्ययन आवश्यक बताएका छन् का लागि पहल",0,0,0,0
2638,"निर्णयपछि अनुगमनपछि, पर्यटन पूर्वाधार कमजोर भएको व्यवसायीको असन्तुष्टि",0,0,1,1
2639,"किसानले उत्पादनको उचित मूल्य मागे, आगामी चरणमा समीक्षा गरिने भनिएको छ",0,0,0,0
2640,पछिल्लो घटनाक्रम: धान उत्पादन बढेपछि किसानमा उत्साह,0,0,0,0
2641,घटनाक्रममा प्रहरीले साइबर अपराधविरुद्ध विशेष अभियान सुरु गर्‍यो,0,0,1,0
2642,"स्थानीय विवरणअनुसार, औषधि नपाउँदा बिरामीका आफन्तले आकस्मिक विरोध गरे",0,0,1,0
2643,"नयाँ निर्णयसँगै, बाढीपछि सयौँ परिवार विस्थापित",0,0,0,0
2644,"अनुगमनपछि, असिनापछि किसानको आशा निराशामा बदलियो",0,0,0,0
2645,"अनुगमनको क्रममा पछिल्लो विवरणअनुसार, विद्युत् महसुल बढाउने प्रस्तावप्रति उपभोक्ता असन्तुष्ट",0,0,0,0
2646,यात्रु ले सरकारी योजनामा सुधार गर्न माग गरे,0,0,0,0
2647,"यसैबीच, सरकारको नीतिविरुद्ध विद्यार्थी संगठनले प्रदर्शन गरे",0,0,1,0
2648,"स्थानीय तहको विवरण: अनुगमनपछि, सीप तालिमपछि युवाले आफ्नै व्यवसाय सुरु गरे",0,0,0,0
2649,"यसैबीच, अनलाइन ठगी बढेपछि बैंक ग्राहक त्रसित ",0,1,0,0
2650,कर्मचारीहरू का मानिसहरू सहरी विकास योजना बाट सबैभन्दा बढी प्रभावित हुने दाबी,0,0,0,0
2651,"पछिल्लो घटनामा आज सार्वजनिक विवरणमा, सडकमा एकपछि अर्को दुर्घटनाले यात्रुमा त्रास",0,1,0,0
2652,"निर्णयपछि घटनापछि, चलचित्रमा राजनीतिक विषय समेटिएपछि बहस",0,0,0,0
2653,"सिँचाइ आयोजना सम्पन्न गर्न स्थानीयले दबाब दिए, प्रभावबारे विज्ञले अध्ययन आवश्यक बताएका छन् का लागि पहल",0,0,0,0
2654,"अनुगमनपछि, धार्मिक स्थलमा भक्तजनको ठूलो भीड",0,0,0,0
2655,"यसैबीच, स्थानीय विवरणअनुसार, युवा कलाकारलाई अवसर नदिएको भन्दै आयोजकमाथि प्रश्न",0,0,1,0
2656,"यसैबीच, नयाँ निर्णयसँगै, तस्करको गिरोह सक्रिय भएको भन्दै सीमावर्ती क्षेत्रमा त्रास",0,1,1,0
2657,सरकारले बजेट कार्यान्वयनमा जोड दिने बतायो,0,0,0,0
2658,"घटनाक्रममा आज सार्वजनिक जानकारीअनुसार, बैंकको नयाँ कर्जाले साना व्यवसायीलाई राहत पुग्ने अपेक्षा",0,0,0,0
2659,"कृषि अनुदान वितरणमा पारदर्शिता माग, प्रति सरोकारवालाले मिश्रित प्रतिक्रिया दिएका छन् जनाइएको छ",0,0,0,0
2660,स्थानीय समुदायलाई संरक्षणमा सहभागी गराउने तयारी ,0,0,0,0
2661,अनुगमनको क्रममा कलाकारलाई आलोचना सहन नसक्ने बताउँदै सामाजिक सञ्जालमा टिप्पणी ,0,0,1,0
2662,"स्थानीय तहमा आज सार्वजनिक विवरणमा, विद्यार्थी संगठनले शिक्षा नीतिविरुद्ध विरोध प्रदर्शन गरे,",0,0,1,0
2663,"सरकारले नयाँ कृषि नीति कार्यान्वयन गर्ने तयारी, कार्यान्वयनका लागि कार्यदल गठन",0,0,0,0
2664,"अनुगमनको क्रममा अनुगमनपछि, महँगो उपचारका कारण परिवार ऋणमा डुबेको स्थानीयको असन्तुष्टि",0,0,1,0
2665,आलोचनापछि बजेट बारे थप अध्ययन आवश्यक,0,0,1,0
2666,"घटनापछि, मौसम पूर्वानुमान प्रणाली सुधार्न सरकारले योजना बनायो",0,0,0,0
2667,"बैठकपछि, पर्यटकको आगमन बढेपछि होटलमा चहलपहल",0,0,0,0
2668,प्रवासी श्रमिकहरू सम्बन्धी पुरानो धारणा पर्यटन अभियान को बहसमा फेरि दोहोरियो,0,0,0,0
2669,अनुगमनको क्रममा महिला समूहले सामूहिक व्यवसायबाट आम्दानी बढायो ,0,0,0,0
2670,"संसदमा शब्दयुद्ध, नेताहरू आमनेसामने",0,0,0,0
2671,"कृषि अनुदान वितरणमा पारदर्शिता माग, सम्बन्धमा थप छलफल सुरु हुने अपेक्षा",0,0,0,0
2672,"नयाँ तथ्य सार्वजनिक: बैठकपछि, जंगली जनावर बस्तीमा पसेपछि स्थानीयमा त्रास",0,1,0,0
2673,"स्थानीय तहमा वन फँडानी बढ्दा वातावरणीय संकट गहिरिने चेतावनी,",0,0,0,0
2674,एक समुदायलाई अपराधसँग जोड्ने वक्तव्यको आलोचना,0,0,1,0
2675,घटनाक्रममा नयाँ सार्वजनिक शौचालय सञ्चालनमा आएपछि यात्रुलाई राहत ,0,0,0,0
2676,"यसैबीच, ठेकेदारको लापरबाहीले आयोजना वर्षौँदेखि अधुरो ",0,0,0,0
2677,"पछिल्लो घटनाक्रम: नयाँ निर्णयसँगै, विद्यार्थीहरू पढाइमा गम्भीर नहुने भन्दै आलोचना",0,0,1,0
2678,"यसैबीच, सीप तालिमपछि युवाले आफ्नै व्यवसाय सुरु गरे ",0,0,0,0
2679,नयाँ तथ्य सार्वजनिक: समुदाय विशेषका मानिस काममा कम सक्षम हुने दाबी विवादमा ,0,0,0,0
2680,"आज सार्वजनिक जानकारीअनुसार, नगरपालिकाले सार्वजनिक पार्कमा नयाँ सुविधा थप्यो",0,0,0,0
2681,नीतिले पर्यटन क्षेत्रलाई बेवास्ता गरेको आलोचना,0,0,1,0
2682,"यसैबीच, आज सार्वजनिक जानकारीअनुसार, महिला टोलीले ऐतिहासिक सफलता हात पार्‍यो",0,0,0,0
2683,अवैध काठ कटानी रोक्न वन कार्यालयले निगरानी बढायो ,0,0,0,0
2684,अनुगमनको क्रममा फोहोरले नदीको अवस्था भयावह बनेको बताउँदै चेतावनी ,0,1,0,0
2685,पछिल्लो घटनामा समर्थकको ठूलो भीडले रंगशाला भरियो,0,0,0,0
2686,"यसैबीच, घटनापछि, अस्पतालको लामो लाइनले सेवाग्राहीलाई हैरान बनायो",0,0,0,0
2687,"पछिल्लो विवरणअनुसार, राहत नपुगेपछि पीडितको आक्रोश चुलियो",0,1,1,0
2688,"पछिल्लो घटनाक्रम: छलफलपछि, बाढीपछि सयौँ परिवार विस्थापित",0,0,0,0
2689,"घटनाक्रममा सम्बन्धित निकायका अनुसार, स्थानीय समुदायले वन संरक्षण अभियानमा सहभागिता बताए",0,0,0,0
2690,प्रवासी श्रमिकहरू का मानिसहरू स्वास्थ्य योजना बाट सबैभन्दा बढी प्रभावित हुने दाबी,0,0,0,1
2691,"स्थानीय तहको विवरण: स्थानीय विवरणअनुसार, विदेशी पर्यटकले स्थानीय नियम पालना नगरेको आरोप",0,0,0,0
2692,साना उद्यमीहरू को व्यवहारलाई कृषि कार्यक्रम सँग जोडेर गरिएको टिप्पणी विवादमा,0,0,0,0
2693,"बैठकपछि, श्रमिक आन्दोलनका कारण उत्पादन केही समय रोकियो",0,0,0,0
2694,"निर्णयपछि आज सार्वजनिक जानकारीअनुसार, किसानलाई उचित मूल्य नदिएको भन्दै व्यापारीविरुद्ध गुनासो",0,0,1,0
2695,सरकारले नयाँ कृषि नीति कार्यान्वयन गर्ने तयारी : स्थानीय तहलाई आवश्यक निर्देशन दिइएको छ,0,0,0,0
2696,घटनाक्रममा स्वास्थ्य बीमा कार्यक्रम विस्तार गर्ने सरकारको तयारी ,0,0,0,0
2697,"बैठकपछि, भूकम्पको धक्कापछि पुराना घरमा चर्किएका भित्ता",0,0,0,0
2698,सडक बत्ती नहुँदा राति हिँड्न जोखिम बढेको स्थानीयको गुनासो ,0,0,0,0
2699,"पछिल्लो घटनामा स्थानीय स्रोतका अनुसार, प्रशिक्षक परिवर्तनपछि टोलीको प्रदर्शन सुधारियो",0,0,0,0
2700,"सरकारले नयाँ कृषि नीति कार्यान्वयन गर्ने तयारी, प्रभावबारे विज्ञले अध्ययन आवश्यक बताएका छन् भनिएको छ",0,0,0,0
2701,"निर्णयपछि घटनापछि, नगरपालिकाले नयाँ पार्क निर्माणको ठेक्का सम्झौता गर्‍यो",0,0,0,0
2702,स्थानीय बासिन्दाहरू ले स्वास्थ्य योजना बारे एउटै धारणा राख्ने भनाइ सार्वजनिक,0,0,0,0
2703,"पछिल्लो घटनामा सम्बन्धित निकायका अनुसार, कृषि उपज बिक्री नभएपछि किसानले घाटा व्यहोर्नुपरेको असन्तुष्टि",0,0,1,0
2704,"बैठकपछि, शिक्षक संगठनले शिक्षा बजेट पर्याप्त नभएको बतायो",0,0,0,0
2705,रोजगारी क्षेत्रमा सरकार असफल भएको विपक्षीको आरोप,1,0,0,0
2706,"घटनाक्रममा घटनापछि, व्यापारीले माग घटेको भन्दै बिक्री कमजोर भएको बताए",0,0,1,0
2707,"घटनाक्रममा घटनापछि, विदेशी पर्यटकले स्थानीय नियम पालना नगरेको आरोप",0,0,0,0
2708,उत्कृष्ट प्रदर्शनसँगै नेपाली खेलाडीको चर्चा चुलियो,0,1,0,0
2709,"अनुगमनको क्रममा पछिल्लो विवरणअनुसार, हिमाली क्षेत्रमा मौसम बिग्रिँदा पदयात्री अलपत्र",0,0,0,0
2710,"पछिल्लो विवरणअनुसार, परम्परागत कलाकारहरू आधुनिक प्रविधि प्रयोग गर्न नसक्ने टिप्पणी",0,0,0,0
2711,वृद्ध नागरिकहरू का मानिसहरू पूर्वाधार आयोजना बाट सबैभन्दा बढी प्रभावित हुने दाबी,0,0,0,1
2712,"बैठकपछि, बस दुर्घटनाले यात्रुमा त्रास फैलियो",0,1,0,0
2713,"आज सार्वजनिक जानकारीअनुसार, संसद्मा यातायात विधेयकमाथि चर्को विवाद",0,0,0,0
2714,वन्यजन्तु र मानवबीचको द्वन्द्व बढ्दा स्थानीय बासिन्दा त्रसित ,0,1,0,0
2715,सरकारको सार्वजनिक यातायात सुधार निर्णयप्रति विपक्षीको तीव्र असन्तुष्टि,1,0,1,0
2716,पछिल्लो घटनामा उद्योग बन्द हुने क्रम बढेपछि व्यवसायी चिन्तित ,0,0,0,0
2717,"स्थानीय तहको विवरण: छलफलपछि, नगरपालिकाले नयाँ पार्क निर्माणको ठेक्का सम्झौता गर्‍यो",0,0,0,0
2718,"यसैबीच, घटनापछि, युवा कलाकारलाई अवसर नदिएको भन्दै आयोजकमाथि सवाल",0,0,1,0
2719,"नयाँ तथ्य सार्वजनिक: बैठकपछि, फोहोरले नदीको अवस्था भयावह बनेको भन्दै अभियानकर्ता चिन्तित",0,1,1,0
2720,नयाँ तथ्य सार्वजनिक: अधिकारकर्मीले समावेशी नीति कार्यान्वयन कमजोर भएको जनाए ,0,0,1,0
2721,स्थानीय तहको विवरण: अचानक आएको भूकम्पले पुराना घरमा ठूलो क्षति ,0,1,0,0
2722,अनुगमनको क्रममा भवन निर्माणमा मापदण्ड पालना नगरेको दाबी ,0,0,0,0
2723,आलोचनापछि डिजिटल सेवा विस्तार बारे सरोकारवालाको चासो,0,0,1,0
2724,"छलफलपछि, विपद् व्यवस्थापनमा सरकारको तयारी कमजोर भएको आरोप",1,0,1,0
2725,सरकारले नयाँ कृषि नीति कार्यान्वयन गर्ने तयारी; समस्या समाधान गर्न पहल थालिएको छ,0,0,0,0
2726,अनुगमनको क्रममा नगर कर बढाउने निर्णयप्रति व्यापारी असन्तुष्ट ,0,0,0,0
2727,"आज सार्वजनिक विवरणमा, सांसदको टिप्पणीपछि संसद् बाहिरसमेत राजनीतिक विवाद चर्कियो",0,1,0,0
2728,चिकित्सा शिक्षा क्षेत्रमा देखिएको वेथिति अन्त्य गर्न माग गर्दै विद्यार्थीहरू अनशनमा,0,0,0,0
2729,समर्थकको आक्रोशले रंगशालामा तनाव,0,0,1,0
2730,सरकारको असफल नीतिले अर्थतन्त्र संकटतर्फ धकेलिएको आरोप,1,0,1,0
2731,पहिरोले गाउँको बाटो काटेपछि जनजीवन प्रभावित,0,0,0,0
2732,कर्मचारीहरू लाई महिला उद्यम कार्यक्रम को मुख्य जिम्मेवार पक्षका रूपमा चित्रण,0,0,1,0
2733,नयाँ तथ्य सार्वजनिक: तरकारीको मूल्य अकस्मात बढ्दा बजारमा हाहाकार ,0,1,0,0
2734,स्थानीय तहको विवरण: सिँचाइ सुविधा पुगेपछि बाँझो जमिनमा खेती सुरु ,0,0,0,0
2735,"सम्बन्धित निकायका अनुसार, पर्यटकको आगमन बढेपछि होटलमा चहलपहल",0,0,0,0
2736,रोजगारी नपाउँदा युवामा निराशा बढ्दै,0,0,0,0
2737,कृषि अनुदान वितरणमा पारदर्शिता माग — समस्या समाधान गर्न पहल थालिएको छ,0,0,0,0
2738,स्थानीय बासिन्दाहरू ले सहरी विकास योजना बारे एउटै धारणा राख्ने भनाइ सार्वजनिक,0,0,0,0
2739,"घटनाक्रममा घटनापछि, विपद् व्यवस्थापनमा सरकारको तयारी कमजोर भएको आरोप",1,0,1,0
2740,सरकारको योजनाबाट हजारौँ परिवार लाभान्वित हुने दाबी,0,0,0,0
2741,स्थानीय तहको विवरण: खेलाडी छनोटमा पक्षपात भएको बताउँदै प्रश्न ,0,0,0,0
2742,"यसैबीच, प्रहरीले साइबर अपराधविरुद्ध विशेष अभियान सुरु गरेको छ ",0,0,1,0
2743,घटनाक्रममा स्थानीय कलाकारको प्रदर्शनीमा दर्शकको उत्साहजनक सहभागिता ,0,0,0,0
2744,निजी क्षेत्र ले संसद् बैठक बारे एउटै धारणा राख्ने भनाइ सार्वजनिक,0,0,0,0
2745,"घटनाक्रममा छलफलपछि, पर्यटकको आगमन बढेपछि होटल व्यवसायमा चहलपहल",0,0,0,0
2746,"कृषि बजारमा बिचौलियाको प्रभावबारे किसानको गुनासो, समस्या समाधान गर्न पहल थालिएको छ बताइएको छ",0,0,0,0
2747,स्थानीय तहको विवरण: स्वास्थ्यकर्मीमाथि दुर्व्यवहार बढेको बताउँदै सुरक्षा माग,0,0,0,0
2748,पछिल्लो घटनामा अस्पतालले बिरामीका लागि नयाँ शल्यक्रिया सेवा सुरु गर्‍यो,0,0,0,0
2749,सामाजिक सुरक्षा भत्ता लिन ज्येष्ठ नागरिकहरूले घन्टौं लाइनमा बस्नुपर्ने बाध्यता,0,0,0,0
2750,"आज सार्वजनिक जानकारीअनुसार, समावेशी नीतिको कार्यान्वयन कमजोर भएको अधिकारकर्मीको आरोप",0,0,1,0
2751,"नयाँ निर्णयसँगै, तस्करीको घटनाले सीमाक्षेत्रमा ठूलो सनसनी",0,1,0,0
2752,शहरी युवाहरू राजनीति नबुझ्ने आरोप,0,0,0,0
2753,"नयाँ तथ्य सार्वजनिक: स्थानीय विवरणअनुसार, कलाकारलाई आलोचना सहन नसक्ने भन्दै सामाजिक सञ्जालमा टिप्पणी",0,0,1,0
2754,पछिल्लो घटनामा औषधि नपाएपछि बिरामीका आफन्त अस्पताल प्रशासनसँग आक्रोशित ,0,1,1,0
2755,घटनाक्रममा आयोजना निर्माणमा ढिलाइ हुँदा लागत बढ्ने चिन्ता ,0,0,0,0
2756,यातायात क्षेत्रमा अनियमितताको आशंकामा छानबिन सुरु,0,0,0,0
2757,नेपाल प्रहरीमा सरुवा र बढुवालाई लिएर आन्तरिक असन्तुष्टि चुलियो,0,1,1,0
2758,"पछिल्लो घटनाक्रम: छलफलपछि, किसानलाई उचित मूल्य नदिएको भन्दै व्यापारीविरुद्ध गुनासो",0,0,1,0
2759,"स्थानीय तहको विवरण: स्थानीय विवरणअनुसार, औषधि अभाव भएपछि बिरामीका आफन्तले अस्पताल प्रशासनसँग विरोध जनाए",0,0,1,0
2760,वृद्धहरूलाई डिजिटल स्वास्थ्य सेवा प्रयोग गर्न कठिन भएको असन्तुष्टि,0,0,1,0
2761,"यसैबीच, अनुगमनपछि, कलाकारको नयाँ सिर्जनाले कला क्षेत्रमा ठूलो हलचल",0,0,0,0
2762,घटनाक्रममा सडकमा एकपछि अर्को दुर्घटनाले यात्रुमा त्रास,0,1,0,0
2763,"पछिल्लो घटनामा बैठकपछि, सरकारले आलोचनालाई बेवास्ता गर्दै योजना अघि बढाएको दाबी",1,0,1,0
2764,सत्तापक्षले शिक्षा नीति अघि बढाएर आफ्नो राजनीतिक प्रभाव बलियो बनाउन खोजेको आरोप,1,0,0,0
2765,"छलफलपछि, समर्थकको आक्रोशले रंगशालामा तनाव",0,0,1,0
2766,सिँचाइ आयोजना सम्पन्न गर्न स्थानीयले दबाब दिए : प्रति सरोकारवालाले मिश्रित प्रतिक्रिया दिएका छन्,0,0,0,0
2767,"अनुगमनपछि, डढेलो फैलिँदा जंगलमा भयावह अवस्था",0,1,0,0
2768,घटनाक्रममा पर्यटकको आगमन बढेपछि होटल व्यवसायमा चहलपहल ,0,0,0,0
2769,"यसैबीच, बैठकपछि, विद्युत् प्राधिकरणले मर्मतपछि आपूर्ति सामान्य भएको बताएको छ",0,0,0,0
2770,फोहोरको थुप्रो देखेर स्थानीयमा आक्रोश ,0,0,1,0
2771,"घटनाक्रममा स्थानीय विवरणअनुसार, सुक्खा बढेपछि खानेपानीको माग चुलियो",0,1,0,0
2772,"घटनाक्रममा पछिल्लो विवरणअनुसार, सत्तारूढ दलभित्र नेतृत्व परिवर्तनबारे छलफल सुरु",0,0,0,0
2773,स्थानीय समुदायलाई संरक्षणमा सहभागी गराउने तयारी,0,0,0,0
2774,लोडसेडिङ फर्किएको हल्लाले उपभोक्तामा अनावश्यक त्रास ,0,1,0,0
2775,"यसैबीच, पछिल्लो विवरणअनुसार, किसानलाई उचित मूल्य नदिएको बताउँदै व्यापारीविरुद्ध गुनासो",0,0,1,0
2776,घटनाक्रममा नगरपालिकाले सडक बत्ती थप्ने योजना सार्वजनिक गर्‍यो ,0,0,0,0
2777,"नयाँ तथ्य सार्वजनिक: अनुगमनपछि, कर बढेपछि उद्योगीले सरकारी नीतिप्रति असन्तुष्टि जनाए",1,0,1,0
2778,पछिल्लो घटनाक्रम: सिँचाइ सुविधा पुगेपछि बाँझो जमिनमा खेती सुरु ,0,0,0,0
2779,"स्थानीय तहमा विद्यालयमा विज्ञान प्रयोगशाला स्थापना भएपछि विद्यार्थी उत्साहित ,",0,0,0,0
2780,"पछिल्लो घटनाक्रम: घटनापछि, विद्यार्थीहरू पढाइमा गम्भीर नहुने भन्दै आलोचना",0,0,1,0
2781,"पछिल्लो घटनामा पछिल्लो विवरणअनुसार, चामलको मूल्य बढेपछि परिवारको मासिक खर्च प्रभावित",0,0,0,0
2782,बालीमा रोग फैलिएपछि किसान चिन्तामा,0,0,0,0
2783,"अनुगमनपछि, पर्यटन पूर्वाधार कमजोर भएको व्यवसायीको असन्तुष्टि",0,0,1,1
2784,स्थानीय तहको विवरण: कारखाना बन्द हुँदा सयौँ श्रमिकको आम्दानी रोकियो ,0,0,0,0
2785,"स्थानीय विवरणअनुसार, सार्वजनिक यातायातको नयाँ रुटले यात्राको समय घटायो",0,0,0,0
2786,"घटनापछि, ग्रामीण क्षेत्रमा सौर्य बत्ती जडानको काम तीव्र",0,0,0,0
2787,"नयाँ तथ्य सार्वजनिक: अनुगमनपछि, बस भाडा बढेपछि विद्यार्थी र श्रमिक मारमा",0,0,0,0
2788,स्थानीय तहमा सुशासन कायम गर्न नयाँ डिजिटल प्रणालीको सुरुवात,0,0,0,0
2789,"बजेट मा अप्रत्याशित मोड, अब के होला?",0,0,0,0
2790,सार्वजनिक तथ्यांकअनुसार कृषि कार्यक्रम बारे थप अध्ययन आवश्यक,0,0,0,0
2791,राहत नपुगेपछि पीडितको आक्रोश चुलियो ,0,1,1,0
2792,"नयाँ तथ्य सार्वजनिक: घटनापछि, शिकारी समूह पक्राउ परेपछि निकुञ्ज प्रशासन उत्साहित",0,0,0,0
2793,विद्यालयमा नयाँ शैक्षिक सत्र सुरु भएको छ,0,0,0,0
2794,"घटनाक्रममा सम्बन्धित निकायका अनुसार, तस्करी नियन्त्रणमा सुरक्षा निकायले सफलता पाएको दाबी",0,0,0,0
2795,नयाँ बजेटले सर्वसाधारणलाई ठूलो राहत दिने सरकारको दाबी,0,0,0,0
2796,आलोचकहरूले स्थानीय विकास योजना को सम्भावित कमजोरीलाई प्राथमिकताका साथ उठाए,0,0,0,0
2797,युवाहरू सामाजिक सञ्जालमै सीमित रहेको आरोप,0,0,0,0
2798,पछिल्लो घटनाक्रम: लामो विद्युत् अवरोधले उद्योगमा ठूलो क्षति ,0,0,0,0
2799,"कृषि बजारमा बिचौलियाको प्रभावबारे किसानको गुनासो, भोलिदेखि लागू गर्ने तयारी को तयारी",0,0,0,0
2800,"छलफलपछि, अस्पतालको लापरबाहीले बिरामीको ज्यान जोखिममा परेको आरोप",0,0,0,0
2801,बजेट सम्बन्धी नयाँ विवरण सार्वजनिक भयो,0,0,0,0
2802,हिमाली क्षेत्रमा अचानक मौसम बिग्रिँदा पदयात्री अलपत्र ,0,1,0,0
2803,प्रदर्शनले शहरमा आतंक फैलाएको दाबी,0,1,0,0
2804,पछिल्लो घटनाक्रम: युवा खेलाडीलाई राष्ट्रिय टोलीमा अवसर,0,0,0,0
2805,"नयाँ निर्णयसँगै, विपद् व्यवस्थापनमा सरकारको तयारी कमजोर भएको आरोप",1,0,1,0
2806,"नयाँ तथ्य सार्वजनिक: सम्बन्धित निकायका अनुसार, विपक्षी दलले स्वास्थ्य बजेट अपर्याप्त भएको बताउँदै सरकारको आलोचना गर्‍यो",1,0,1,0
2807,"अनुगमनपछि, ट्याक्सी चालकले नयाँ नियमप्रति असन्तुष्टि जनाए",0,0,1,0
2808,पछिल्लो घटनाक्रम: प्रहरीले साइबर अपराधविरुद्ध विशेष अभियान सुरु गर्‍यो ,0,0,1,0
2809,"छलफलपछि, डिजिटल भुक्तानीले ग्रामीण बजारमा कारोबार सहज बनायो",0,0,0,0
2810,"बैठकपछि, ट्याक्सी चालकले नयाँ नियमप्रति असन्तुष्टि बताए",0,0,1,0
2811,"घटनाक्रममा अनुगमनपछि, स्थानीय कलाकारको प्रदर्शनीमा दर्शकको उत्साहजनक सहभागिता",0,0,0,0
2812,सहरी बासिन्दाहरू ले जलस्रोत आयोजना बारे एउटै धारणा राख्ने भनाइ सार्वजनिक,0,0,0,0
2813,"यसैबीच, सम्बन्धित निकायका अनुसार, ट्याक्सी चालकले नयाँ नियमप्रति असन्तुष्टि बताए",0,0,1,0
2814,कृषि क्षेत्रमा सरकार असफल भएको विपक्षीको आरोप,1,0,0,0
2815,घटनाक्रममा नयाँ पुल बनेपछि गाउँबाट बजारसम्मको दूरी घट्यो,0,0,0,0
2816,"घटनाक्रममा स्थानीय स्रोतका अनुसार, महिला खेलाडीले प्रतियोगितामा उत्कृष्ट प्रदर्शन गरे",0,0,0,0
2817,नगर कर बढाउने निर्णयप्रति व्यवसायी असन्तुष्ट,0,0,0,0
2818,"पछिल्लो घटनाक्रम: आज सार्वजनिक जानकारीअनुसार, सरकारले ऊर्जा निर्यात बढाउने लक्ष्य सार्वजनिक गर्‍यो",0,0,0,0
2819,"घटनाक्रममा सम्बन्धित निकायका अनुसार, विदेश जान युवाको भीड बढ्दा गाउँमा श्रमिक अभाव",0,0,0,0
2820,"घटनापछि, सरकारले स्वास्थ्य बीमा सेवा सबै जिल्लामा पुर्‍याउने लक्ष्य राख्यो",0,0,0,0
2821,सहरी बासिन्दाहरू सम्बन्धी पुरानो धारणा वातावरण संरक्षण योजना को बहसमा फेरि दोहोरियो,0,0,0,0
2822,घटनाक्रममा कलाकारलाई आलोचना सहन नसक्ने भन्दै सामाजिक सञ्जालमा टिप्पणी ,0,0,1,0
2823,अनुगमनको क्रममा सुक्खा बढेपछि खानेपानीको माग चुलियो ,0,1,0,0
2824,कृषि अनुदान वितरणमा पारदर्शिता माग : प्रभावबारे विज्ञले अध्ययन आवश्यक बताएका छन्,0,0,0,0
2825,अर्थतन्त्र क्षेत्रमा सुधारका लागि सरोकारवालाबीच छलफल,0,0,0,0
2826,रेमिट्यान्सबाट चल्ने अर्थतन्त्र दीर्घकालीन रूपमा जोखिमपूर्ण बन्दै ,0,0,0,0
2827,"आज सार्वजनिक जानकारीअनुसार, खेलाडी छनोटमा नातावाद भएको आरोप",0,0,0,0
2828,"सिँचाइ आयोजना सम्पन्न गर्न स्थानीयले दबाब दिए, प्रति सरोकारवालाले मिश्रित प्रतिक्रिया दिएका छन् बताइएको छ",0,0,0,0
2829,"यसैबीच, घटनापछि, युवा पुस्ता मेहनत गर्नै नचाहने टिप्पणीप्रति आलोचना",0,0,1,0
2830,"अनुगमनपछि, किसानले उचित मूल्य नपाएको भन्दै बजारमा विरोध गरे",0,0,1,0
2831,शिक्षक अभावले कक्षा सञ्चालनमा समस्या ,0,0,0,0
2832,प्रधानमन्त्रीको कदमले देशभर उत्साह,0,0,0,0
2833,सरकारले नयाँ कृषि नीति कार्यान्वयन गर्ने तयारी : प्रभावबारे विज्ञले अध्ययन आवश्यक बताएका छन्,0,0,0,0
2834,"बैठकपछि, पर्यटकहरू स्थानीय नियम पालना नगर्ने गरेको आरोप",0,0,0,0
2835,सरकारले पूर्वाधार क्षेत्रमा नयाँ कार्यक्रम सुरु गर्ने घोषणा गर्‍यो,0,0,0,0
2836,स्थानीय तहको विवरण: सरकारले वैदेशिक रोजगारीमा जाने कामदारका लागि नयाँ व्यवस्था गर्‍यो ,0,0,0,0
2837,ताजा रिपोर्टअनुसार खाद्य सुरक्षा कार्यक्रम बारे मिश्रित प्रतिक्रिया,0,0,0,0
2838,घटनाक्रममा भवन निर्माणमा मापदण्ड पालना नगरेको दाबी ,0,0,0,0
2839,"नयाँ निर्णयसँगै, रेल ढिलो भएपछि यात्रुमा असन्तुष्टि",0,0,1,0
2840,"सम्बन्धित निकायका अनुसार, समावेशी नीतिको कार्यान्वयन कमजोर भएको अधिकारकर्मीको आरोप",0,0,1,0
2841,"छलफलपछि, अनलाइन ठगी बढेपछि ग्राहकमा ठूलो त्रास",0,1,0,0
2842,"घटनाक्रममा आज सार्वजनिक विवरणमा, सुरक्षित आवासका लागि सरकारले अनुदान बढाउने",0,0,0,0
2843,अनुगमनको क्रममा खेल संघले राष्ट्रिय प्रतियोगिताको मिति सार्वजनिक गर्‍यो ,0,0,0,0
2844,वातावरण क्षेत्रमा सरकार असफल भएको विपक्षीको आरोप,1,0,0,0
2845,"सरकारले नयाँ कृषि नीति कार्यान्वयन गर्ने तयारी, स्थानीय तहलाई आवश्यक निर्देशन दिइएको छ हुने अपेक्षा",0,0,0,0
2846,"स्थानीय तहमा सीमानाकामा सुरक्षा जाँच कडा पारियो ,",0,0,0,0
2847,कर्मचारीहरू को व्यवहारलाई जलस्रोत आयोजना सँग जोडेर गरिएको टिप्पणी विवादमा,0,0,0,0
2848,ताजा रिपोर्टअनुसार जलस्रोत आयोजना बारे सरोकारवालाको चासो,0,0,0,0
2849,"छलफलपछि, भन्सार दर बढेपछि आयातकर्ता चिन्तामा",0,0,0,0
2850,"यसैबीच, शिक्षक संघले शिक्षा नीतिलाई व्यवहारिक नभएको आरोप लगायो — आजको अपडेट",0,0,0,0
2851,"अनुगमनको क्रममा छलफलपछि, शिक्षक अभावका कारण विद्यालयको नियमित पठनपाठन प्रभावित",0,0,0,0
2852,पछिल्लो घटनामा खेलाडी छनोटमा पारदर्शिता नभएको भन्दै प्रश्न उठ्यो ,0,0,1,0
2853,"किसानले उत्पादनको उचित मूल्य मागे, आगामी चरणमा समीक्षा गरिने हुने अपेक्षा",0,0,0,0
2854,पछिल्लो घटनामा स्वास्थ्य बीमा कार्यक्रम विस्तार गर्ने सरकारको तयारी ,0,0,0,0
2855,"नयाँ तथ्य सार्वजनिक: बैठकपछि, विद्युत् प्राधिकरणले मर्मतपछि आपूर्ति सामान्य भएको बताएको छ",0,0,0,0
2856,विद्यालय बन्द हुने हल्लाले अभिभावकमा त्रास ,0,1,0,0
2857,ब्याजदर बढेपछि ऋणी व्यवसायी दबाबमा,0,0,0,0
2858,ट्याक्सी चालकले नयाँ नियमप्रति असन्तुष्टि जनाए ,0,0,1,0
2859,"नयाँ तथ्य सार्वजनिक: आज सार्वजनिक जानकारीअनुसार, स्वास्थ्यकर्मीमाथि दुर्व्यवहार बढेको बताउँदै सुरक्षा माग",0,0,0,0
2860,"पछिल्लो विवरणअनुसार, भन्सार दर बढेपछि आयातकर्ता चिन्तामा",0,0,0,0
2861,"किसानले उत्पादनको उचित मूल्य मागे, सरोकारवालासँग परामर्श जारी भनिएको छ",0,0,0,0
2862,पछिल्लो घटनाक्रम: साइबर अपराधीको गिरोह सक्रिय भएको भन्दै त्रास ,0,1,1,0
2863,स्थानीयवासी माथि विभेदपूर्ण टिप्पणीप्रति सामाजिक अभियन्ताको आपत्ति,0,0,0,0
2864,"स्थानीय तहमा आज सार्वजनिक विवरणमा, उपभोक्ताले गुणस्तरहीन सामान बिक्री भइरहेको गुनासो गरे,",0,0,0,0
2865,"स्थानीय विवरणअनुसार, विपद् व्यवस्थापनमा सरकारको तयारी कमजोर भएको आरोप",1,0,1,0
2866,पछिल्लो घटनाक्रम: शिक्षक अभावका कारण विद्यालयको नियमित पठनपाठन प्रभावित ,0,0,0,0
2867,"यसैबीच, स्थानीय स्रोतका अनुसार, सरकारले आलोचनालाई बेवास्ता गर्दै योजना अघि बढाएको दाबी",1,0,1,0
2868,किसानले उचित मूल्य नपाउँदा कृषि संकटमा,0,0,0,0
2869,स्थानीय बासिन्दाहरू को व्यवहारलाई डिजिटल सेवा विस्तार सँग जोडेर गरिएको टिप्पणी विवादमा,0,0,0,0
2870,"स्थानीय तहमा स्थानीय स्रोतका अनुसार, पर्यटकहरू स्थानीय संस्कृतिको सम्मान नगर्ने गरेको आरोप,",0,0,0,0
2871,"आज सार्वजनिक विवरणमा, सुरक्षित आवासका लागि सरकारले अनुदान बढाउने",0,0,0,0
2872,"अनुगमनपछि, अवैध वन फँडानी रोक्न गस्ती थपिएको छ",0,0,0,0
2873,"स्थानीय विवरणअनुसार, प्राध्यापकको भनाइलाई लिएर क्याम्पसमा विवाद",0,0,0,0
2874,निर्णयपछि साहित्य महोत्सवमा लेखकहरूले अभिव्यक्ति स्वतन्त्रताबारे बहस गरे ,0,0,0,0
2875,"घटनाक्रममा पछिल्लो विवरणअनुसार, सरकारले महिला व्यवसायीका लागि सहुलियत कर्जा विस्तार गर्‍यो",0,0,0,0
2876,अनुगमनको क्रममा चलचित्रमा राजनीतिक विषय समेटिएपछि बहस,0,0,0,0
2877,"स्थानीय तहको विवरण: बैठकपछि, धारामा पानी नआएपछि स्थानीयले कार्यालय घेराउ गरे",0,0,0,0
2878,प्रवासी श्रमिकहरू को व्यवहारलाई ऊर्जा परियोजना सँग जोडेर गरिएको टिप्पणी विवादमा,0,0,0,0
2879,"डिजिटल सेवा विस्तार मा अप्रत्याशित मोड, अब के होला?",0,0,0,0
2880,नगरपालिकाको सफाइ अभियानले सडकको रूप फेरिएको दाबी ,0,0,0,0
2881,"घटनापछि, वृद्धहरूलाई डिजिटल स्वास्थ्य सेवा प्रयोग गर्न कठिन भएको असन्तुष्टि",0,0,1,0
2882,"राजनीतिक संकट गहिरिँदै, सरकारमाथि दबाब",0,0,0,0
2883,"पछिल्लो घटनाक्रम: पछिल्लो विवरणअनुसार, डिजिटल भुक्तानीको प्रयोग गाउँसम्म विस्तार",0,0,0,0
2884,नयाँ तथ्य सार्वजनिक: औषधि अभाव भएपछि बिरामीका आफन्तले अस्पताल प्रशासनसँग विरोध जनाए ,0,0,1,0
2885,"पछिल्लो घटनामा सम्बन्धित निकायका अनुसार, विद्यालयमा विज्ञान प्रयोगशाला स्थापना भएपछि विद्यार्थी उत्साहित",0,0,0,0
2886,किसानले उत्पादनको उचित मूल्य मागे; प्रति सरोकारवालाले मिश्रित प्रतिक्रिया दिएका छन्,0,0,0,0
2887,सार्वजनिक तथ्यांकअनुसार कर नीति बारे बहस सुरु,0,0,0,0
2888,अनुगमनको क्रममा धान उत्पादन बढेपछि किसानमा उत्साह,0,0,0,0
2889,"यसैबीच, उपभोक्ताले गुणस्तरहीन सामान बिक्री भइरहेको गुनासो गरे",0,0,0,0
2890,"नयाँ तथ्य सार्वजनिक: बैठकपछि, व्यापारीले माग घटेको भन्दै बिक्री कमजोर भएको जनाए",0,0,1,0
2891,"पछिल्लो घटनाक्रम: स्थानीय विवरणअनुसार, किसानलाई उचित मूल्य नदिएको भन्दै व्यापारीविरुद्ध गुनासो",0,0,1,0
2892,"पछिल्लो विवरणअनुसार, प्रहरीले साइबर अपराधविरुद्ध विशेष अभियान सुरु गर्‍यो",0,0,1,0
2893,"स्थानीय तहमा खानेपानीको नयाँ आयोजना सञ्चालनमा आएपछि बस्तीमा सेवा विस्तार,",0,0,0,0
2894,"छलफलपछि, वृद्धहरूलाई डिजिटल स्वास्थ्य सेवा प्रयोग गर्न कठिन भएको असन्तुष्टि",0,0,1,0
2895,"नयाँ तथ्य सार्वजनिक: अनुगमनपछि, कलाकारलाई आलोचना सहन नसक्ने भन्दै सामाजिक सञ्जालमा टिप्पणी",0,0,1,0
2896,"निर्णयपछि छलफलपछि, वन्यजन्तु संरक्षण बजेट कटौतीप्रति अभियन्ताको विरोध",0,0,1,0
2897,"घटनाक्रममा घटनापछि, सरकारले महिला व्यवसायीका लागि सहुलियत कर्जा विस्तार गर्‍यो",0,0,0,0
2898,"बैठकपछि, सडक बत्ती नहुँदा राति हिँड्न जोखिम बढेको स्थानीयको गुनासो",0,0,0,0
2899,वन कार्यालयले अवैध काठ कटानी नियन्त्रणका लागि गस्ती थपेको छ ,0,0,0,0
2900,स्थानीय तहको विवरण: वन्यजन्तु संरक्षण बजेट कटौतीप्रति अभियन्ताको विरोध ,0,0,1,0
2901,प्रवासी श्रमिकहरू का मानिसहरू डिजिटल सेवा विस्तार बाट सबैभन्दा बढी प्रभावित हुने दाबी,0,0,0,1
2902,"अनुगमनपछि, खेलाडी छनोटमा नातावाद भएको आरोप",0,0,0,0
2903,"यसैबीच, नयाँ निर्णयसँगै, अचानक आएको भूकम्पले पुराना घरमा ठूलो क्षति",0,1,0,0
2904,पछिल्लो घटनाक्रम: ट्याक्सी चालकले नयाँ नियमप्रति असन्तुष्टि जनाए ,0,0,1,0
2905,"अनुगमनको क्रममा अनुगमनपछि, ग्रामीण क्षेत्रमा सौर्य बत्ती जडानको काम तीव्र",0,0,0,0
2906,अनुगमनको क्रममा वन्यजन्तु संरक्षण बजेट कटौतीप्रति अभियन्ताको विरोध ,0,0,1,0
2907,"सम्बन्धित निकायका अनुसार, सरकारले विद्यालय पोषण कार्यक्रमका लागि बजेट बढायो",0,0,0,0
2908,"पछिल्लो घटनाक्रम: पछिल्लो विवरणअनुसार, जलस्रोत संरक्षणका लागि समुदायले नयाँ नियम बनायो",0,0,0,0
2909,अनुगमनको क्रममा साहित्य महोत्सवमा लेखकहरूले अभिव्यक्ति स्वतन्त्रताबारे बहस गरे ,0,0,0,0
2910,सरकारले किसानलाई राहत दिन नसकेको विपक्षीको दाबी,0,0,0,0
2911,"यसैबीच, युवा खेलाडीलाई राष्ट्रिय टोलीमा अवसर ",0,0,0,0
2912,"सम्बन्धित निकायका अनुसार, धार्मिक समुदायलाई लक्षित अपमानजनक टिप्पणीप्रति विरोध",0,0,1,0
2913,नीतिले प्रविधि क्षेत्रलाई बेवास्ता गरेको आलोचना,0,0,1,0
2914,"निर्णयपछि नयाँ निर्णयसँगै, बेरोजगारी बढेपछि युवामा भविष्यबारे चिन्ता",0,0,0,0
2915,स्थानीय तहको विवरण: कलाकारलाई आलोचना सहन नसक्ने बताउँदै सामाजिक सञ्जालमा टिप्पणी ,0,0,1,0
2916,"घटनाक्रममा नयाँ निर्णयसँगै, परीक्षा नतिजा कमजोर आएपछि विद्यालयले अतिरिक्त कक्षा सुरु गर्‍यो",0,0,1,0
2917,घटनाक्रममा प्रहरीले साइबर अपराधविरुद्ध विशेष अभियान सुरु गरेको छ ,0,0,1,0
2918,"कृषि बजारमा बिचौलियाको प्रभावबारे किसानको गुनासो, आगामी चरणमा समीक्षा गरिने हुने अपेक्षा",0,0,0,0
2919,स्थानीय तहको विवरण: विपक्षी दलले स्वास्थ्य बजेट अपर्याप्त भएको बताउँदै सरकारको आलोचना गर्‍यो ,1,0,1,0
2920,पूर्वाधार क्षेत्रमा सरकार असफल भएको विपक्षीको आरोप,1,0,0,0
2921,नीतिले वातावरण क्षेत्रलाई बेवास्ता गरेको आलोचना,0,0,1,0
2922,अनुगमनको क्रममा फोहोर व्यवस्थापनमा कमजोरी भएपछि बजार क्षेत्र दुर्गन्धित — आजको अपडेट,0,0,1,0
2923,"स्थानीय तहको विवरण: सम्बन्धित निकायका अनुसार, नगर कर बढाउने निर्णयप्रति व्यापारी असन्तुष्ट",0,0,0,0
2924,"घटनाक्रममा घटनापछि, फोहोरले नदीको अवस्था भयावह बनेको भन्दै चेतावनी",0,1,1,0
2925,"छलफलपछि, विद्यार्थीहरू अनुशासनहीन बन्दै गएको टिप्पणी विवादमा",0,0,0,1
2926,सुशासन क्षेत्रमा सरकार असफल भएको विपक्षीको आरोप,1,0,0,0
2927,"नयाँ निर्णयसँगै, बैंकिङ प्रणालीमा समस्या आएपछि ग्राहकमा अन्योल",0,0,0,0
2928,"किसानले उत्पादनको उचित मूल्य मागे, बारे मन्त्रालयले जानकारी दिएको छ को तयारी",0,0,0,0
2929,"निर्णयपछि घटनापछि, सरकारले प्राविधिक शिक्षालाई प्राथमिकता दिने घोषणा गर्‍यो",0,0,0,0
2930,बस भाडा बढेपछि यात्रुमा निराशा ,0,0,0,0
2931,निर्णयपछि नयाँ सार्वजनिक शौचालय सञ्चालनमा आएपछि यात्रुलाई राहत,0,0,0,0
2932,"निर्णयपछि घटनापछि, वैदेशिक रोजगारीमा ठगी बढेको भन्दै परिवार चिन्तित",0,0,1,0
2933,"अनुगमनको क्रममा बैठकपछि, ट्याक्सी चालकले नयाँ नियमप्रति असन्तुष्टि जनाए",0,0,1,0
2934,"घटनाक्रममा छलफलपछि, युवा पुस्ता मेहनत गर्नै नचाहने टिप्पणीप्रति आलोचना",0,0,1,0
2935,"अनुगमनपछि, समावेशी नीतिको कार्यान्वयन कमजोर भएको अधिकारकर्मीको आरोप",0,0,1,0
2936,निर्णयपछि सवालपत्र चुहावटको खबरले शिक्षाक्षेत्रमा सनसनी ,0,1,0,0
2937,घटनाक्रममा आकस्मिक सेवामा ढिलाइ हुँदा बिरामीको अवस्था गम्भीर ,0,0,0,0
2938,"छलफलपछि, बस भाडा बढेपछि यात्रुमा निराशा",0,0,0,0
2939,मन्त्रीहरूको कार्यसम्पादन मूल्यांकनमा कमजोर देखिएपछि प्रधानमन्त्रीको असन्तुष्टि,1,0,1,0
2940,"सम्बन्धित निकायका अनुसार, ट्याक्सी चालकले नयाँ नियमप्रति असन्तुष्टि जनाए",0,0,1,0
2941,नयाँ तथ्य सार्वजनिक: लामो समय विद्युत् अवरुद्ध हुँदा उद्योगमा करोडौँको क्षति भएको दाबी ,0,0,0,0
2942,पहिरोले गाउँको बाटो काटेपछि जनजीवन असर परेको,0,0,0,0
2943,निर्णयसँगै खाद्य सुरक्षा कार्यक्रम बारे बहस सुरु,0,0,0,0
2944,घटनाक्रममा समुदाय विशेषका मानिस काममा कम सक्षम हुने दाबी विवादमा ,0,0,0,0
2945,"यसैबीच, नयाँ निर्णयसँगै, विपक्षी दलले नयाँ कर नीतिलाई जनतामाथिको बोझ भएको आरोप लगायो",1,0,0,0
2946,"घटनाक्रममा सम्बन्धित निकायका अनुसार, सरकारले आलोचनालाई बेवास्ता गर्दै योजना अघि बढाएको आरोप",1,0,1,0
2947,सिँचाइ आयोजना सम्पन्न गर्न स्थानीयले दबाब दिए — बारे मन्त्रालयले जानकारी दिएको छ,0,0,0,0
2948,विद्यार्थीहरू को व्यवहारलाई सार्वजनिक यातायात सुधार सँग जोडेर गरिएको टिप्पणी विवादमा,0,0,0,0
2949,देश बनाउने अवसर सरकारकै हातमा रहेको नेताको भनाइ,0,0,0,0
2950,"आज सार्वजनिक जानकारीअनुसार, समर्थकको आक्रोशले रंगशालामा तनाव",0,0,1,0
2951,"घटनाक्रममा स्थानीय स्रोतका अनुसार, भूकम्पको धक्काले पुराना भवनमा ठूलो क्षति",0,0,0,0
2952,"छलफलपछि, स्वास्थ्यकर्मीलाई सम्मान नगर्ने प्रवृत्तिमाथि चिन्ता",0,0,0,0
2953,अनुगमनको क्रममा कामदारमाथि अन्याय भएको बताउँदै उद्योग अगाडि प्रदर्शन ,0,0,0,0
2954,सिँचाइ आयोजना सम्पन्न गर्न स्थानीयले दबाब दिए; समस्या समाधान गर्न पहल थालिएको छ,0,0,0,0
2955,हवाई यात्रा असुरक्षित बन्दै गएको भन्दै यात्रुहरूमा त्रास उत्पन्न,0,1,1,0
2956,"पछिल्लो विवरणअनुसार, ट्याक्सी चालकले नयाँ नियमप्रति असन्तुष्टि जनाए",0,0,1,0
2957,"घटनाक्रममा नयाँ निर्णयसँगै, सीमावर्ती बजारमा कारोबार घटेपछि व्यापारी असन्तुष्ट",0,0,0,0
2958,विपक्षी दलले यातायात नीति असफल भएको दाबी लगायो ,1,0,1,0
2959,पछिल्लो घटनाक्रम: बस भाडा बढेपछि विद्यार्थी र श्रमिक मारमा ,0,0,0,0
2960,नेपाल भ्रमणमा आउने विदेशी पर्यटकको सङ्ख्यामा उल्लेख्य वृद्धि,0,0,0,0
2961,"पछिल्लो विवरणअनुसार, विपक्षी दलले यातायात नीति असफल भएको दाबी लगायो",1,0,1,0
2962,"छलफलपछि, महिला उद्यमीले नयाँ बजारमा उत्पादन पुर्‍याइन्",0,0,0,0
2963,"स्थानीय तहको विवरण: स्थानीय विवरणअनुसार, सरकारले सुरक्षित आवासका लागि अनुदान बढाउने घोषणा",0,0,0,0
2964,"घटनाक्रममा सम्बन्धित निकायका अनुसार, नयाँ पदमार्ग खुलेपछि स्थानीय व्यवसायी उत्साहित",0,0,0,0
2965,"आज सार्वजनिक जानकारीअनुसार, सडक मर्मत ढिलो भएपछि स्थानीयले जनप्रतिनिधिसँग प्रश्न गरे",0,0,0,0
2966,"घटनाक्रममा घटनापछि, पर्यटकहरू स्थानीय संस्कृतिको सम्मान नगर्ने गरेको आरोप",0,0,0,0
2967,"स्थानीय तहको विवरण: स्थानीय विवरणअनुसार, सरकारले खेल पूर्वाधारका लागि बजेट थपेको छ",0,0,0,0
2968,सरकारले प्रविधि क्षेत्रमा नयाँ कार्यक्रम सुरु गर्ने घोषणा गर्‍यो,0,0,0,0
2969,स्थानीय तहको विवरण: किसानलाई उचित मूल्य नदिएको भन्दै व्यापारीविरुद्ध असन्तुष्टि ,0,0,1,0
2970,महिला खेलाडीले प्रतियोगितामा उत्कृष्ट प्रदर्शन गरिन् ,0,0,0,0
2971,"नयाँ तथ्य सार्वजनिक: बैठकपछि, ट्याक्सी चालकले नयाँ नियमप्रति असन्तुष्टि बताए",0,0,1,0
2972,किसानले उत्पादनको उचित मूल्य मागे; भोलिदेखि लागू गर्ने तयारी,0,0,0,0
2973,वन्यजन्तु र मानवबीचको द्वन्द्व बढ्दा स्थानीय बासिन्दा त्रसित,0,1,0,0
2974,"घटनाक्रममा पछिल्लो विवरणअनुसार, स्थानीय अस्पतालमा नयाँ एम्बुलेन्स सेवा थपियो",0,0,0,0
2975,"अनुगमनपछि, किसानलाई उचित मूल्य नदिएको बताउँदै व्यापारीविरुद्ध गुनासो",0,0,1,0
2976,स्थानीय तहको विवरण: सरकारले महिला व्यवसायीका लागि सहुलियत कर्जा विस्तार गर्‍यो ,0,0,0,0
2977,"यसैबीच, विपक्षी दलले नयाँ कर नीतिलाई जनतामाथिको बोझ भएको दाबी लगायो ",0,0,0,0
2978,"पछिल्लो विवरणअनुसार, पहिरोले सडक बगाएपछि यातायात पूर्ण रूपमा ठप्प",0,0,0,0
2979,सत्तापक्षले स्थानीय विकास योजना अघि बढाएर आफ्नो राजनीतिक प्रभाव बलियो बनाउन खोजेको आरोप,1,0,0,0
2980,स्वास्थ्य क्षेत्रमा सरकार असफल भएको विपक्षीको आरोप,1,0,0,0
2981,"घटनाक्रममा आज सार्वजनिक विवरणमा, खेलाडी छनोटमा पारदर्शिता नभएको भन्दै प्रश्न उठाइएको छ",0,0,1,0
2982,"घटनाक्रममा स्थानीय स्रोतका अनुसार, विद्यार्थीहरू पढाइमा ध्यानै नदिने भएको दाबी सामाजिक सञ्जालमा",0,0,0,0
2983,निर्णयपछि उद्योग क्षेत्रमा लगानी बढेपछि व्यवसायी उत्साहित ,0,0,0,0
2984,साना उद्यमीहरू ले स्वास्थ्य योजना बारे एउटै धारणा राख्ने भनाइ सार्वजनिक,0,0,0,0
2985,निर्णयपछि पुरानो पाइप फुट्दा बजार क्षेत्र जलमग्न ,0,0,0,0
2986,आन्दोलनकारीले राजधानी ठप्प पारे,0,0,0,0
2987,"अनुगमनपछि, तरकारी व्यापारीमाथि कालोबजारीको दाबी",0,0,0,0
2988,"सरकारले नयाँ कृषि नीति कार्यान्वयन गर्ने तयारी, आगामी चरणमा समीक्षा गरिने हुने अपेक्षा",0,0,0,0
2989,प्रधानमन्त्रीको वक्तव्यपछि राजनीतिक वृत्तमा तरंग,0,0,0,0
2990,रेल ढिलो भएपछि यात्रुमा असन्तुष्टि ,0,0,1,0
2991,देशका विभिन्न स्थानमा खानेपानीको समस्या समाधान गर्न डिप बोरिङ जडान,0,0,0,0
2992,"घटनाक्रममा नयाँ निर्णयसँगै, स्थानीय समुदायले वन संरक्षण अभियानमा सहभागिता बताए",0,0,0,0
2993,निर्णयपछि राहत ढिलो पुगेपछि पीडितको आक्रोश चुलियो ,0,1,1,0
2994,नयाँ विवरणअनुसार ऊर्जा परियोजना बारे बहस सुरु,0,0,0,0
2995,"घटनापछि, नयाँ पदमार्ग खुलेपछि स्थानीय व्यवसायी उत्साहित",0,0,0,0
2996,सार्वजनिक तथ्यांकअनुसार ऊर्जा परियोजना भन्दै पक्षको दाबी,0,0,1,0
2997,महिला उद्यम कार्यक्रम सम्बन्धी नयाँ मापदण्ड प्रस्ताव गरिएको छ,0,0,0,0
2998,खेलाडी छनोटमा पक्षपात भएको बताउँदै प्रश्न ,0,0,0,0
2999,स्थानीय तहको विवरण: डढेलो फैलिएपछि जंगलमा भयावह अवस्था ,0,1,0,0
3000,घटनाक्रममा मौसम पूर्वानुमान प्रणाली सुधार्न सरकारी योजना ,0,0,0,0
3001,"आज सार्वजनिक जानकारीअनुसार, पानीको अभावले महिलाको दैनिक श्रम बढेको अध्ययनको निष्कर्ष",0,0,0,0
3002,"कृषि बजारमा बिचौलियाको प्रभावबारे किसानको गुनासो, सम्बन्धमा थप छलफल सुरु",0,0,0,0
3003,छलफलबीच पर्यटन अभियान बारे थप अध्ययन आवश्यक,0,0,0,0
3004,स्थानीय तहको विवरण: ठेकेदारको लापरबाहीले आयोजना वर्षौँदेखि अधुरो ,0,0,0,0
3005,भूकम्पपछि उद्धारमा ढिलाइ हुँदा पीडित आक्रोशित,0,1,1,0
3006,"यसैबीच, अल्पसंख्यक समुदायलाई लक्षित टिप्पणीप्रति विरोध ",0,0,1,0
3007,"नयाँ तथ्य सार्वजनिक: आज सार्वजनिक जानकारीअनुसार, परीक्षा परिणाम सार्वजनिक भएपछि विद्यालयमा मिश्रित प्रतिक्रिया",0,0,0,0
3008,"निर्णयपछि स्थानीय विवरणअनुसार, समर्थकको आक्रोशले रंगशालामा तनाव",0,0,1,0
3009,स्वास्थ्य बीमा कार्यक्रम प्रभावकारी नबन्दा बिरामीहरू निजी अस्पताल जान बाध्य,0,0,0,0
3010,पछिल्लो घटनामा अन्तिम मिनेटको गोलले टोलीलाई रोमाञ्चक जित ,0,0,0,0
3011,घटनाक्रममा पहाडी क्षेत्रमा जथाभावी सडक खन्दा पहिरोको जोखिम ,0,0,0,0
3012,"आज सार्वजनिक जानकारीअनुसार, फोहोर व्यवस्थापनमा कमजोरी भएपछि बजार क्षेत्र दुर्गन्धित",0,0,1,0
3013,"निर्णयपछि आज सार्वजनिक जानकारीअनुसार, सरकारले खेल पूर्वाधारका लागि बजेट बढायो",0,0,0,0
3014,"स्थानीय तहको विवरण: अनुगमनपछि, कर बढेपछि उद्योगीले सरकारी नीतिप्रति असन्तुष्टि बताए",1,0,1,0
3015,पछिल्लो घटनाक्रम: सरकारले साना उद्योगलाई कर छुट दिने प्रस्ताव अघि बढायो ,0,0,0,0
3016,"सिँचाइ आयोजना सम्पन्न गर्न स्थानीयले दबाब दिए, प्रभावबारे विज्ञले अध्ययन आवश्यक बताएका छन् हुने अपेक्षा",0,0,0,0
3017,धारामा पानी नआएपछि स्थानीय महिलाले विरोध बताए ,0,0,1,0
3018,स्थानीय बासिन्दाहरू ले संसद् बैठक बारे एउटै धारणा राख्ने भनाइ सार्वजनिक,0,0,0,0
3019,"नयाँ निर्णयसँगै, सरकारले विद्यालय पोषण कार्यक्रमका लागि बजेट बढायो",0,0,0,0
3020,"घटनाक्रममा घटनापछि, साना उद्योगलाई कर छुट दिने प्रस्ताव मन्त्रिपरिषद्मा पेश",0,0,0,0
3021,औद्योगिक क्षेत्रले रोजगारी सिर्जना गर्ने अपेक्षा,0,0,0,0
3022,"बैठकपछि, डढेलो फैलिँदा जंगलमा भयावह अवस्था",0,1,0,0
3023,"यसैबीच, सम्बन्धित निकायका अनुसार, डिजिटल भुक्तानी प्रयोग गर्ने ग्राहकको संख्या बढ्यो",0,0,0,0
3024,कृषि बजारमा बिचौलियाको प्रभावबारे किसानको गुनासो — भोलिदेखि लागू गर्ने तयारी,0,0,0,0
3025,स्थानीय तहको विवरण: फोहोरको थुप्रो देखेर स्थानीयमा आक्रोश,0,0,1,0
3026,"यसैबीच, बैठकपछि, फोहोरले नदीको अवस्था भयावह बनेको भन्दै चेतावनी",0,1,1,0
3027,"सिँचाइ आयोजना सम्पन्न गर्न स्थानीयले दबाब दिए, आगामी चरणमा समीक्षा गरिने भनिएको छ",0,0,0,0
3028,"आज सार्वजनिक जानकारीअनुसार, ट्याक्सी चालकले नयाँ नियमप्रति असन्तुष्टि जनाए",0,0,1,0
3029,"नयाँ तथ्य सार्वजनिक: बैठकपछि, निर्वाचन आयोगले मतदाता नामावली अद्यावधिक गर्न आग्रह गर्‍यो",0,0,0,0
3030,"नयाँ तथ्य सार्वजनिक: नयाँ निर्णयसँगै, सीमानाकामा सुरक्षा जाँच कडा पारियो",0,0,0,0
3031,"पछिल्लो घटनामा नयाँ निर्णयसँगै, सीमावर्ती बजारमा कारोबार घटेपछि व्यापारी असन्तुष्ट",0,0,0,0
3032,"अनुगमनपछि, शहरको मुख्य चोकमा ट्राफिक जामले यात्रु हैरान",0,0,0,0
3033,"यसैबीच, तरकारीको मूल्य अकस्मात बढ्दा बजारमा हाहाकार ",0,1,0,0
3034,"अनुगमनको क्रममा बैठकपछि, नयाँ पुल सञ्चालनमा आएपछि दुई जिल्लाबीच आवागमन सहज",0,0,0,0
3035,पछिल्लो घटनामा औषधि खरिदमा अनियमितताको आरोपपछि छानबिन सुरु ,0,0,0,0
3036,कृषि अनुदान वितरणमा पारदर्शिता माग — सरोकारवालासँग परामर्श जारी,0,0,0,0
3037,"सिँचाइ आयोजना सम्पन्न गर्न स्थानीयले दबाब दिए, प्रभावबारे विज्ञले अध्ययन आवश्यक बताएका छन् बताइएको छ",0,0,0,0
3038,"अनुगमनपछि, सडक बत्ती नहुँदा राति हिँड्न जोखिम बढेको स्थानीयको असन्तुष्टि",0,0,1,0
3039,"यसैबीच, छलफलपछि, नगर कर बढाउने निर्णयप्रति व्यापारी असन्तुष्ट",0,0,0,0
3040,"किसानले उत्पादनको उचित मूल्य मागे, स्थानीय तहलाई आवश्यक निर्देशन दिइएको छ जनाइएको छ",0,0,0,0
3041,"कृषि बजारमा बिचौलियाको प्रभावबारे किसानको गुनासो, आगामी चरणमा समीक्षा गरिने जनाइएको छ",0,0,0,0
3042,घटनाक्रममा फोहोर व्यवस्थापनमा कमजोरी भएपछि बजार क्षेत्र दुर्गन्धित ,0,0,1,0
3043,अनुगमनको क्रममा श्रमिकहरू काममा ढिलासुस्ती गर्ने दाबीप्रति युनियनको आपत्ति ,0,0,0,0
3044,"कृषि बजारमा बिचौलियाको प्रभावबारे किसानको गुनासो, स्थानीय तहलाई आवश्यक निर्देशन दिइएको छ भनिएको छ",0,0,0,0
3045,"नयाँ निर्णयसँगै, सिँचाइ आयोजना पूरा भएपछि खेतीयोग्य जमिन विस्तार हुने",0,0,0,0
3046,"छलफलपछि, जंगली जनावर बस्तीमा पस्दा स्थानीयमा त्रास",0,1,0,0
3047,"निर्णयपछि सम्बन्धित निकायका अनुसार, कृषि मन्त्रालयले मल आपूर्ति नियमित बनाउने योजना सार्वजनिक गर्‍यो",0,0,0,0
3048,"सिँचाइ आयोजना सम्पन्न गर्न स्थानीयले दबाब दिए, प्रति सरोकारवालाले मिश्रित प्रतिक्रिया दिएका छन्",0,0,0,0
3049,पछिल्लो घटनाक्रम: पहाडी क्षेत्रमा जथाभावी सडक खन्दा पहिरोको जोखिम,0,0,0,0
3050,"स्थानीय तहको विवरण: बैठकपछि, सवालपत्र चुहावटको खबरले शिक्षाक्षेत्रमा सनसनी",0,1,0,0
3051,स्वास्थ्य क्षेत्रमा ठूलो उपलब्धि भएको सरकारको दाबी,0,0,0,0
3052,ऊर्जा परियोजना सम्बन्धी नयाँ मापदण्ड प्रस्ताव गरिएको छ,0,0,0,0
3053,कृषि क्षेत्रमा बजेट अपुग भएको गुनासो,0,0,0,0
3054,"निर्णयपछि छलफलपछि, सरकारले वैदेशिक रोजगारीमा जाने कामदारका लागि नयाँ व्यवस्था गर्‍यो",0,0,0,0
3055,अस्पतालको सेवा सुधारमा सरकार असफल भएको विपक्षीको आरोप,1,0,0,0
3056,"यसैबीच, सुरक्षा व्यवस्थामाथि प्रश्न उठेपछि प्रशासनले छानबिन गर्‍यो ",0,0,0,0
3057,"पछिल्लो घटनाक्रम: स्थानीय विवरणअनुसार, प्रहरीले साइबर अपराधविरुद्ध विशेष अभियान सुरु गर्‍यो",0,0,1,0
3058,विद्यार्थी ले सरकारी योजनामा सुधार गर्न माग गरे,0,0,0,0
3059,"घटनापछि, हिमाली क्षेत्रमा अचानक मौसम बिग्रिँदा पदयात्री अलपत्र",0,1,0,0
3060,शहरको मुख्य चोकमा ट्राफिक जामले यात्रु हैरान ,0,0,0,0
3061,बजेटमा कर बढेपछि व्यवसायी चिन्तित,0,0,0,0
3062,ट्याक्सी चालकले नयाँ नियमप्रति असन्तुष्टि जनाए — आजको अपडेट,0,0,1,0
3063,"नयाँ निर्णयसँगै, पर्यटकको आगमन बढेपछि होटलमा चहलपहल",0,0,0,0
3064,स्थानीय तहको विवरण: अधिकारकर्मीले समावेशी नीति कार्यान्वयन कमजोर भएको बताए ,0,0,1,0
3065,"कृषि बजारमा बिचौलियाको प्रभावबारे किसानको गुनासो, बारे मन्त्रालयले जानकारी दिएको छ हुने अपेक्षा",0,0,0,0
3066,नयाँ तथ्य सार्वजनिक: अनलाइन ठगीको जालो फैलिँदा सर्वसाधारण त्रसित ,0,1,0,0
3067,पेट्रोलको मूल्य बढेपछि उपभोक्तामा आक्रोश,0,0,1,0
3068,निर्णयसँगै कर नीति भन्दै पक्षको दाबी,0,0,1,0
3069,"यसैबीच, पछिल्लो विवरणअनुसार, वृद्ध नागरिकले सामाजिक सुरक्षा भत्ता बढाउन माग गरे",0,0,0,0
3070,"अनुगमनको क्रममा सम्बन्धित निकायका अनुसार, अनलाइन कक्षाले दुर्गम विद्यार्थीलाई पढाइमा जोड्ने प्रयास",0,0,0,0
3071,"पछिल्लो विवरणअनुसार, धार्मिक समुदायलाई लक्षित अपमानजनक टिप्पणीप्रति विरोध",0,0,1,0
3072,"स्थानीय तहको विवरण: छलफलपछि, रोजगारी मेलामा सयौँ युवाले आवेदन दिए",0,0,0,0
3073,"यसैबीच, बीउ वितरणमा पक्षपात भएको भन्दै केही किसानले प्रश्न उठाए",0,0,1,0
3074,स्थानीय तहको विवरण: प्रहरीमाथि अधिकार दुरुपयोग गरेको दाबी ,0,0,1,0
3075,भूकम्पको धक्काले पुराना भवनमा ठूलो क्षति ,0,0,0,0
3076,"यसैबीच, नयाँ निर्णयसँगै, व्यापारीले माग घटेको भन्दै बिक्री कमजोर भएको बताए",0,0,1,0
3077,"अनुगमनको क्रममा घटनापछि, सरकारले साना उद्योगलाई कर छुट दिने प्रस्ताव अघि थपेको छ",0,0,0,0
3078,सहरी बासिन्दाहरू ले संसद् बैठक बारे एउटै धारणा राख्ने भनाइ सार्वजनिक,0,0,0,0
3079,घटनाक्रममा बीउ वितरणमा पक्षपात भएको भन्दै केही किसानले प्रश्न उठाए ,0,0,1,0
3080,नयाँ शिक्षा नीतिले विद्यार्थीको भविष्य नै संकटमा पार्ने दाबी,0,0,0,0
3081,स्थानीय बासिन्दाहरू ले बजेट बारे एउटै धारणा राख्ने भनाइ सार्वजनिक,0,0,0,0
3082,सिँचाइ आयोजना सम्पन्न गर्न स्थानीयले दबाब दिए; स्थानीय तहलाई आवश्यक निर्देशन दिइएको छ,0,0,0,0
3083,रोजगारी संकट गहिरिँदै गएको विज्ञको चेतावनी,0,0,0,0
3084,स्थानीय तहको विवरण: संगीत कार्यक्रमको टिकट महँगो भएपछि दर्शक असन्तुष्ट ,0,0,0,0
3085,नयाँ तथ्य सार्वजनिक: प्रहरीमाथि अधिकार दुरुपयोग गरेको दाबी,0,0,1,0
3086,"यसैबीच, अनुगमनपछि, पहिरोले राजमार्ग बन्द हुँदा सयौँ यात्रु अलपत्र",0,0,0,0
3087,"आज सार्वजनिक जानकारीअनुसार, खानेपानी नआएपछि स्थानीयको धैर्यको बाँध टुट्यो",0,0,0,0
3088,"घटनापछि, सडक विस्तारले वन क्षेत्रमा असर पर्ने वातावरणविद्को चेतावनी",0,0,0,0
3089,नयाँ तथ्य सार्वजनिक: सांसदको टिप्पणीपछि संसद् बाहिरसमेत राजनीतिक विवाद चर्कियो ,0,1,0,0
3090,शिक्षा क्षेत्रमा सुधारका लागि सरोकारवालाबीच छलफल,0,0,0,0
3091,"घटनाक्रममा बैठकपछि, पार्क निर्माणपछि बालबालिकाका लागि नयाँ स्थान उपलब्ध",0,0,0,0
3092,अनुगमनको क्रममा लोडसेडिङ फर्किएको हल्लाले उपभोक्तामा अनावश्यक त्रास,0,1,0,0
3093,"स्थानीय तहको विवरण: बैठकपछि, खानेपानी आयोजना पूरा भएपछि तीन बस्तीमा सेवा पुग्यो",0,0,0,0
3094,"किसानले उत्पादनको उचित मूल्य मागे, बारे मन्त्रालयले जानकारी दिएको छ का लागि पहल",0,0,0,0
3095,व्यवसायीहरू को व्यवहारलाई सार्वजनिक यातायात सुधार सँग जोडेर गरिएको टिप्पणी विवादमा,0,0,0,0
3096,बैंकिङ नीतिले साना व्यवसायलाई राहत दिने सरकारको दाबी,0,0,0,0
3097,"यसैबीच, आज सार्वजनिक विवरणमा, सरकारले आलोचनालाई बेवास्ता गर्दै योजना अघि बढाएको दाबी",1,0,1,0
3098,"पछिल्लो घटनाक्रम: छलफलपछि, वैदेशिक रोजगारीमा ठगी बढेको बताउँदै परिवार चिन्तित",0,0,0,0
3099,व्यवसायी माथि विभेदपूर्ण टिप्पणीप्रति सामाजिक अभियन्ताको आपत्ति,0,0,0,0
3100,किसानले उत्पादनको उचित मूल्य मागे — समस्या समाधान गर्न पहल थालिएको छ,0,0,0,0
3101,सामाजिक सञ्जालको गलत सूचनाले समाजमा ठूलो खतरा निम्त्याउँदै,0,0,0,0
3102,"पछिल्लो घटनामा बैठकपछि, सहकारी सञ्चालक पक्राउ परेपछि बचतकर्तामा राहत",0,0,0,0
3103,पछिल्लो घटनामा विदेशी पर्यटकलाई लक्षित नयाँ पर्यटन अभियान सुरु ,0,0,0,0
3104,"स्थानीय तहको विवरण: आज सार्वजनिक जानकारीअनुसार, जंगली जनावर बस्तीमा पसेपछि स्थानीयमा त्रास",0,0,0,0
3105,घटनाक्रममा विद्यार्थीहरू पढाइमा ध्यानै नदिने भएको आरोप सामाजिक सञ्जालमा ,0,0,0,0
3106,युवा उद्यमीको नयाँ व्यवसायले बजारमा चर्चा पायो,0,0,0,0
3107,घटनाक्रममा फोहोर व्यवस्थापनमा कमजोरी भएपछि बजार क्षेत्र दुर्गन्धित,0,0,1,0
3108,विश्वविद्यालयहरूमा राजनीतिक भागबण्डाले प्राज्ञिक वातावरण धुमिल ,0,0,0,0
3109,साना उद्योगलाई कर छुट दिने प्रस्ताव मन्त्रिपरिषद्मा पेश,0,0,0,0
3110,प्रविधि सम्बन्धी सामाजिक सञ्जालमा फैलिएको दाबी विवादमा,0,0,0,0
3111,"बैठकपछि, जलस्रोत संरक्षणका लागि समुदायले नयाँ नियम बनायो",0,0,0,0
3112,"अनुगमनपछि, परम्परागत कलाकार आधुनिक प्रविधि प्रयोग गर्न नसक्ने टिप्पणी विवादमा",0,0,0,0
3113,नयाँ विवरणअनुसार कृषि कार्यक्रम भन्दै आलोचकको प्रतिक्रिया,0,0,1,0
3114,"घटनाक्रममा छलफलपछि, बैंकिङ प्रणाली अवरुद्ध हुँदा ग्राहकमा ठूलो अन्योल",0,0,0,0
3115,"स्थानीय तहको विवरण: छलफलपछि, मौसम पूर्वानुमान प्रणाली सुधार्न सरकारी योजना",0,0,0,0
3116,पर्यटन क्षेत्रमा बजेट अपुग भएको गुनासो,0,0,0,0
3117,"नयाँ तथ्य सार्वजनिक: बैठकपछि, किसानलाई बजारसँग जोड्न स्थानीय तहको नयाँ कार्यक्रम",0,0,0,0
3118,सरकारले नयाँ कानुनमार्फत प्रशासनिक सेवा सुधार गर्ने जनाएको छ,0,0,0,0
3119,नयाँ तथ्य सार्वजनिक: अनलाइन ठगी बढेपछि बैंक ग्राहक त्रसित,0,1,0,0
3120,परीक्षा नतिजा कमजोर आएपछि विद्यालयले अतिरिक्त कक्षा सुरु गर्‍यो ,0,0,0,0
3121,"बैठकपछि, चाडपर्वमा सुरक्षा व्यवस्था कडा पारियो",0,0,0,0
3122,"नयाँ निर्णयसँगै, ट्याक्सी चालकले नयाँ नियमप्रति असन्तुष्टि बताए",0,0,1,0
3123,"कृषि अनुदान वितरणमा पारदर्शिता माग, समस्या समाधान गर्न पहल थालिएको छ बताइएको छ",0,0,0,0
3124,"निर्णयपछि घटनापछि, वन कार्यालयले अवैध काठ कटानी नियन्त्रणका लागि गस्ती थपेको छ",0,0,0,0
3125,चुरिया क्षेत्रमा भइरहेको अवैज्ञानिक दोहनले तराई क्षेत्र मरुभूमिकरण हुने खतरा,0,0,0,0
3126,ताजा रिपोर्टअनुसार स्वास्थ्य योजना भन्दै आलोचकको प्रतिक्रिया,0,0,1,0
3127,"यसैबीच, साइबर अपराधीको गिरोह सक्रिय भएको बताउँदै त्रास",0,1,0,0
3128,नयाँ तथ्य सार्वजनिक: नयाँ लगानी आएपछि औद्योगिक क्षेत्रमा उत्साह,0,0,0,0
3129,स्थानीय तहको विवरण: मल नपाएपछि किसानले खेती नै रोक्नुपर्ने अवस्था आएको जनाए ,0,0,0,0
3130,"नयाँ निर्णयसँगै, विपद् व्यवस्थापनमा सरकारको तयारी कमजोर भएको दाबी",0,0,1,0
3131,सिँचाइ आयोजना सम्पन्न गर्न स्थानीयले दबाब दिए — प्रति सरोकारवालाले मिश्रित प्रतिक्रिया दिएका छन्,0,0,0,0
3132,"पछिल्लो घटनामा बैठकपछि, कलाकारको नयाँ सिर्जनाले कला क्षेत्रमा ठूलो हलचल",0,0,0,0
3133,"नयाँ तथ्य सार्वजनिक: नयाँ निर्णयसँगै, अस्पतालले बिरामीका लागि नयाँ शल्यक्रिया सेवा सुरु गर्‍यो",0,0,0,0
3134,"यसैबीच, युवा कलाकारलाई अवसर नदिएको भन्दै आयोजकमाथि प्रश्न",0,0,1,0
3135,"बैठकपछि, अल्पसंख्यक समुदायलाई लिएर नेताको टिप्पणी विवादमा",0,0,0,0
3136,"बैठकपछि, पर्यटन क्षेत्रमा विदेशी पाहुनामाथि निर्भरता बढेको चिन्ता",0,0,0,0
3137,अन्तिम मिनेटको गोलले समर्थकमा खुसीको लहर — आजको अपडेट,0,0,0,0
3138,घटनाक्रममा वन क्षेत्रमा आगलागी फैलिएपछि वन्यजन्तु जोखिममा ,0,0,0,0
3139,"सम्बन्धित निकायका अनुसार, खेलाडी छनोटमा नातावाद भएको दाबी",0,0,0,0
3140,"पछिल्लो विवरणअनुसार, पहिरोले गाउँको बाटो काटेपछि जनजीवन प्रभावित",0,0,0,0
3141,आलोचनापछि सहरी विकास योजना भन्दै पक्षको दाबी,0,0,1,0
3142,सरकारले कृषि क्षेत्रमा नयाँ कार्यक्रम सुरु गर्ने घोषणा गर्‍यो,0,0,0,0
3143,"पछिल्लो घटनाक्रम: बैठकपछि, कामदारमाथि अन्याय भएको भन्दै उद्योग अगाडि प्रदर्शन",0,0,1,0
3144,"अनुगमनको क्रममा नयाँ निर्णयसँगै, स्थानीय भाषाको चलचित्रले दर्शक तान्यो",0,0,0,0
3145,"अनुगमनको क्रममा अनुगमनपछि, महिला समूहले सामूहिक व्यवसायबाट आम्दानी बढायो",0,0,0,0
3146,"पछिल्लो विवरणअनुसार, अनलाइन ठगीको जालो फैलिँदा सर्वसाधारण त्रसित",0,0,0,0
3147,"घटनाक्रममा बैठकपछि, किसानलाई उचित मूल्य नदिएको बताउँदै व्यापारीविरुद्ध गुनासो",0,0,1,0
3148,निर्णयपछि परीक्षा परिणाम सार्वजनिक भएपछि विद्यालयमा मिश्रित प्रतिक्रिया,0,0,0,0
3149,किसानको समस्या समाधान नभए कृषि क्षेत्र संकटमा पर्ने चेतावनी,0,0,0,0
3150,"सिँचाइ आयोजना सम्पन्न गर्न स्थानीयले दबाब दिए, प्रभावबारे विज्ञले अध्ययन आवश्यक बताएका छन् को तयारी",0,0,0,0
3151,सरकारले आगामी वर्षका लागि कृषि नीति सार्वजनिक गर्‍यो,0,0,0,0
3152,"यसैबीच, घटनापछि, प्रहरीले साइबर अपराधविरुद्ध विशेष अभियान सुरु गरेको छ",0,0,1,0
3153,पछिल्लो घटनाक्रम: सार्वजनिक यातायातको नयाँ रुटले यात्राको समय घटायो ,0,0,0,0
3154,"कृषि अनुदान वितरणमा पारदर्शिता माग, सरोकारवालासँग परामर्श जारी को तयारी",0,0,0,0
3155,किसानहरू लाई महिला उद्यम कार्यक्रम को मुख्य जिम्मेवार पक्षका रूपमा चित्रण,0,0,0,0
3156,पछिल्लो घटनाक्रम: सुक्खा बढेपछि खानेपानीको माग चुलियो,0,1,0,0
3157,"कृषि बजारमा बिचौलियाको प्रभावबारे किसानको गुनासो, सम्बन्धमा थप छलफल सुरु का लागि पहल",0,0,0,0
3158,विदेशी नागरिकहरू अपराधमा संलग्न हुने गरेको प्रहरीको दाबी,0,0,0,1
3159,"स्थानीय तहमा बजारमा नक्कली सामानको बिगबिगी बढेको दाबी ,",0,0,0,0
3160,"अनुगमनको क्रममा बैठकपछि, खानेपानी आयोजना पूरा भएपछि तीन बस्तीमा सेवा पुग्यो",0,0,0,0
3161,"नयाँ तथ्य सार्वजनिक: स्थानीय विवरणअनुसार, सरकारले नयाँ पर्यटन वर्षका लागि प्रचार अभियान सुरु गरेको छ",0,0,0,0
3162,"बैठकपछि, अधिकारकर्मीले समावेशी नीति कार्यान्वयन कमजोर भएको बताए",0,0,1,0
3163,"बैठकपछि, प्राध्यापकको भनाइलाई लिएर क्याम्पसमा विवाद",0,0,0,0
3164,व्यवसायीहरू का मानिसहरू स्वास्थ्य योजना बाट सबैभन्दा बढी प्रभावित हुने दाबी,0,0,0,1
3165,वृद्ध नागरिकले सामाजिक सुरक्षा भत्ता बढाउन माग गरे ,0,0,0,0
3166,"पछिल्लो विवरणअनुसार, तरकारी व्यापारीमाथि कालोबजारीको दाबी",0,0,0,0
3167,सिँचाइ आयोजना सम्पन्न गर्न स्थानीयले दबाब दिए : भोलिदेखि लागू गर्ने तयारी,0,0,0,0
3168,"नयाँ निर्णयसँगै, सरकारले डिजिटल सुरक्षा नीति सार्वजनिक गर्‍यो",0,0,0,0
3169,"छलफलपछि, वृद्धहरूलाई डिजिटल स्वास्थ्य सेवा प्रयोग गर्न कठिन भएको गुनासो",0,0,0,0
3170,"नयाँ निर्णयसँगै, ब्याजदर बढेपछि ऋणी व्यवसायी दबाबमा",0,0,0,0
3171,"सम्बन्धित निकायका अनुसार, सरकारले सामाजिक सुरक्षा भत्ता समायोजन गर्ने तयारी",0,0,0,0
3172,"अनुगमनको क्रममा छलफलपछि, पर्यटन क्षेत्रलाई सरकारको नयाँ कर नीतिले असर गर्ने व्यवसायीको दाबी",0,0,0,0
3173,"घटनाक्रममा घटनापछि, समर्थकको ठूलो भीडले रंगशाला भरियो",0,0,0,0
3174,पानीको अभावले गाउँका परिवारको दैनिकी प्रभावित ,0,0,0,0
3175,नयाँ नीतिले रोजगारी क्षेत्रमा सकारात्मक प्रभाव पार्ने अपेक्षा,0,0,0,0
3176,कर्मचारीहरू को व्यवहारलाई युवा नीति सँग जोडेर गरिएको टिप्पणी विवादमा,0,0,0,0
3177,निर्णयपछि विद्यार्थीहरू पढाइमा गम्भीर नहुने भन्दै आलोचना ,0,0,1,0
3178,अनुगमनको क्रममा सवालपत्र चुहावटको खबरले शिक्षाक्षेत्रमा सनसनी ,0,1,0,0
3179,विपक्षी दलले स्वास्थ्य बजेट अपर्याप्त भएको भन्दै सरकारको आलोचना गर्‍यो ,1,0,1,0
3180,"कृषि अनुदान वितरणमा पारदर्शिता माग, प्रभावबारे विज्ञले अध्ययन आवश्यक बताएका छन् भनिएको छ",0,0,0,0
3181,"स्थानीय तहमा आज सार्वजनिक विवरणमा, परीक्षा नतिजा कमजोर आएपछि विद्यालयले अतिरिक्त कक्षा सुरु गर्‍यो,",0,0,0,0
3182,"आज सार्वजनिक जानकारीअनुसार, बालीमा रोग फैलिएपछि किसान चिन्तामा",0,0,0,0
3183,विपक्षीको विरोध विकास रोक्ने प्रयास भएको सत्तापक्षको आरोप,1,0,1,0
3184,"आज सार्वजनिक जानकारीअनुसार, फोहोरको थुप्रो देखेर स्थानीयमा आक्रोश",0,0,1,0
3185,नयाँ तथ्य सार्वजनिक: नयाँ लगानी आएपछि औद्योगिक क्षेत्रमा उत्साह ,0,0,0,0
3186,विपक्षी दलले यातायात नीति असफल भएको आरोप लगायो ,1,0,1,0
3187,विपक्षीको अडानले महत्वपूर्ण विधेयक रोकियो,0,0,0,0
3188,"घटनापछि, बैंकले ग्रामीण क्षेत्रमा शाखा विस्तार गर्ने घोषणा",0,0,0,0
3189,नयाँ तथ्य सार्वजनिक: खेलाडी छनोटमा पक्षपात भएको भन्दै सवाल ,0,0,1,0
3190,निर्णयसँगै निर्वाचन तयारी बारे थप अध्ययन आवश्यक,0,0,0,0
3191,घटनाक्रममा सडक विस्तारले वन क्षेत्रमा असर गर्ने वातावरणविद्को चेतावनी,0,0,0,0
3192,सत्तारूढ दलभित्र नेतृत्व परिवर्तनको बहस चर्कियो,0,1,0,0
3193,"पछिल्लो विवरणअनुसार, चाडपर्वमा सुरक्षा व्यवस्था कडा पारियो",0,0,0,0
3194,"नयाँ तथ्य सार्वजनिक: स्थानीय स्रोतका अनुसार, बीउ वितरणमा पक्षपात भएको भन्दै केही किसानले प्रश्न उठाए",0,0,1,0
3195,घोषणापछि रोजगारी योजना बारे बहस सुरु,0,0,0,0
3196,"निर्णयपछि अनुगमनपछि, कर बढेपछि उद्योगीले सरकारी नीतिप्रति असन्तुष्टि जनाए",1,0,1,0
3197,अनुगमनको क्रममा महँगो उपचारका कारण परिवार ऋणमा डुबेको स्थानीयको असन्तुष्टि ,0,0,1,0
3198,तराईका बासिन्दा आन्दोलनमै व्यस्त रहने आरोप,0,0,0,0
3199,सरकारको नीतिले लगानीकर्तामा उत्साह ल्याएको दाबी,0,0,0,0
3200,महिलाले नेतृत्व गर्न नसक्ने पुरानो धारणामाथि बहस ,0,0,0,0
3201,"यसैबीच, प्रतियोगितामा दर्शकको अपेक्षाभन्दा ठूलो भीड ",0,0,0,0
3202,प्रविधि क्षेत्रमा सरकार असफल भएको विपक्षीको आरोप,1,0,0,0
3203,"कृषि बजारमा बिचौलियाको प्रभावबारे किसानको गुनासो, प्रति सरोकारवालाले मिश्रित प्रतिक्रिया दिएका छन् बताइएको छ",0,0,0,0
3204,महँगो उपचारका कारण परिवार ऋणमा डुबेको स्थानीयको गुनासो ,0,0,0,0
3205,विमानस्थल सञ्चालनमा ढिलाइ भएपछि लगानीमाथि प्रश्न,0,0,0,0
3206,"घटनापछि, पर्यटकको आगमन बढेपछि होटलमा चहलपहल",0,0,0,0
3207,"घटनाक्रममा सम्बन्धित निकायका अनुसार, केन्द्रीय बैंकले मौद्रिक नीतिमा केही व्यवस्था परिवर्तन गर्‍यो",0,0,0,0
3208,"आज सार्वजनिक जानकारीअनुसार, पर्यटन क्षेत्रमा विदेशी पाहुनामाथि निर्भरता बढेको चिन्ता",0,0,0,0
3209,"आज सार्वजनिक जानकारीअनुसार, यात्रामा महिलाले असुरक्षित महसुस गर्ने गरेको सर्वेक्षण",0,0,0,1
3210,"बैठकपछि, उद्योगीले कर नीतिले व्यवसाय धरापमा परेको बताए",0,0,0,0
3211,"कृषि अनुदान वितरणमा पारदर्शिता माग, स्थानीय तहलाई आवश्यक निर्देशन दिइएको छ हुने अपेक्षा",0,0,0,0
3212,"स्थानीय तहमा सम्बन्धित निकायका अनुसार, औषधि खरिदमा अनियमितताको दाबीपछि छानबिन सुरु,",0,0,0,0
3213,"कृषि बजारमा बिचौलियाको प्रभावबारे किसानको गुनासो, कार्यान्वयनका लागि कार्यदल गठन हुने अपेक्षा",0,0,0,0
3214,"घटनाक्रममा आज सार्वजनिक जानकारीअनुसार, कारखाना बन्द हुँदा सयौँ श्रमिकको आम्दानी रोकियो",0,0,0,0
3215,अँध्यारो सडकमा दुर्घटनाको जोखिम बढेको स्थानीयको गुनासो ,0,0,0,0
3216,बैठकपछि महिला उद्यम कार्यक्रम बारे बहस सुरु,0,0,0,0
3217,"सिँचाइ आयोजना सम्पन्न गर्न स्थानीयले दबाब दिए, स्थानीय तहलाई आवश्यक निर्देशन दिइएको छ बताइएको छ",0,0,0,0
3218,"यसैबीच, लामो समय विद्युत् अवरुद्ध हुँदा उद्योगमा करोडौँको क्षति भएको दाबी",0,0,0,0
3219,"स्थानीय तहमा सौर्य ऊर्जाको प्रयोग बढाउन स्थानीय तहको योजना ,",0,0,0,0
3220,"घटनापछि, खेलाडी छनोटमा पारदर्शिता नभएको भन्दै प्रश्न उठ्यो",0,0,1,0
3221,पछिल्लो घटनाक्रम: बाढीले खानेपानीको मुख्य पाइप बगाएपछि सेवा अवरुद्ध ,0,0,0,0
3222,"घटनापछि, समर्थकको आक्रोशले रंगशालामा तनाव",0,0,1,0
3223,"नयाँ तथ्य सार्वजनिक: स्थानीय विवरणअनुसार, युवा खेलाडीलाई राष्ट्रिय टोलीमा अवसर",0,0,0,0
3224,परीक्षा नतिजा कमजोर आएपछि विद्यालयले अतिरिक्त कक्षा थालेको छ ,0,0,0,0
3225,नयाँ तथ्य सार्वजनिक: वन्यजन्तु संरक्षण बजेट कटौतीप्रति अभियन्ताको विरोध ,0,0,1,0
3226,"किसानले उत्पादनको उचित मूल्य मागे, भोलिदेखि लागू गर्ने तयारी",0,0,0,0
3227,"यसैबीच, घटनापछि, भूकम्प जोखिम भएका भवनको प्राविधिक परीक्षण सुरु",0,0,0,0
3228,"पछिल्लो घटनाक्रम: नयाँ निर्णयसँगै, पहाडी क्षेत्रमा जथाभावी सडक खन्दा पहिरोको जोखिम",0,0,0,0
3229,"स्थानीय विवरणअनुसार, तरकारी व्यापारीमाथि कालोबजारीको दाबी",0,0,0,0
3230,"नयाँ निर्णयसँगै, स्वास्थ्यकर्मीलाई सम्मान नगर्ने प्रवृत्तिमाथि चिन्ता",0,0,0,0
3231,बैठकपछि खाद्य सुरक्षा कार्यक्रम भन्दै पक्षको दाबी,0,0,1,0
3232,युवाहरू को व्यवहारलाई ऊर्जा परियोजना सँग जोडेर गरिएको टिप्पणी विवादमा,0,0,0,0
3233,कृषि अनुदान वितरणमा पारदर्शिता माग; भोलिदेखि लागू गर्ने तयारी,0,0,0,0
3234,"घटनाक्रममा नयाँ निर्णयसँगै, भवन निर्माणमा मापदण्ड पालना नगरेको आरोप",0,0,0,0
3235,"पछिल्लो विवरणअनुसार, नयाँ संग्रहालय खुलेपछि सांस्कृतिक पर्यटनमा आशा",0,0,0,0
3236,निर्णयपछि स्वास्थ्यकर्मीमाथि दुर्व्यवहार बढेको भन्दै सुरक्षा माग ,0,0,1,0
3237,"पछिल्लो घटनामा नयाँ निर्णयसँगै, शहरको मुख्य सडकमा पानी जम्दा आवागमन प्रभावित",0,0,0,0
3238,"यसैबीच, नयाँ निर्णयसँगै, खानेपानी आयोजना वर्षौँदेखि अलपत्र परेको स्थानीयको असन्तुष्टि",0,0,1,0
3239,"बैठकपछि, खानेपानी आयोजना वर्षौँदेखि अलपत्र परेको स्थानीयको असन्तुष्टि",0,0,1,0
3240,घटनाक्रममा सडक निर्माणको ढिलाइप्रति स्थानीय जनप्रतिनिधिमाथि दबाब,0,0,0,0
3241,"यसैबीच, घटनापछि, बैंकिङ प्रणाली अवरुद्ध हुँदा ग्राहकमा ठूलो अन्योल",0,0,0,0
3242,"घटनाक्रममा पछिल्लो विवरणअनुसार, सिँचाइ नहर मर्मत भएपछि किसानले समयमा पानी पाउने",0,0,0,0
3243,"नयाँ तथ्य सार्वजनिक: अनुगमनपछि, कर बढेपछि उद्योगीले सरकारी नीतिप्रति असन्तुष्टि बताए",1,0,1,0
3244,घोषणापछि बजेट बारे बहस सुरु,0,0,0,0
3245,सरकारले नयाँ कृषि नीति कार्यान्वयन गर्ने तयारी; प्रति सरोकारवालाले मिश्रित प्रतिक्रिया दिएका छन्,0,0,0,0
3246,सीमानाकामा सुरक्षा जाँच कडा पारियो ,0,0,0,0
3247,ताजा रिपोर्टअनुसार सार्वजनिक यातायात सुधार भन्दै आलोचकको प्रतिक्रिया,0,0,1,0
3248,"नयाँ निर्णयसँगै, राहत नपुगेपछि पीडितको आक्रोश चुलियो",0,1,1,0
3249,"यसैबीच, घटनापछि, कृषि उपज बिक्री नभएपछि किसानले घाटा व्यहोर्नुपरेको गुनासो",0,0,0,0
3250,"यसैबीच, सम्बन्धित निकायका अनुसार, समर्थकको ठूलो भीडले रंगशाला भरियो",0,0,0,0
3251,"नयाँ निर्णयसँगै, बालीमा रोग फैलिएपछि किसान चिन्तित",0,0,0,0
3252,खानेपानी समस्या समाधान गर्न नसकेको भन्दै स्थानीयले सरकारको आलोचना गरे,1,0,1,0
3253,समावेशी नीतिको कार्यान्वयन कमजोर भएको अधिकारकर्मीको आरोप — आजको अपडेट,0,0,1,0
3254,"स्थानीय तहमा आज सार्वजनिक विवरणमा, मोबाइल बैंकिङ बन्द हुँदा ग्राहकमा ठूलो अन्योल,",0,0,0,0
3255,"बैठकपछि, वृद्धहरूलाई डिजिटल स्वास्थ्य सेवा प्रयोग गर्न कठिन भएको असन्तुष्टि",0,0,1,0
3256,नयाँ औद्योगिक क्षेत्र निर्माणका लागि सम्भाव्यता अध्ययन सुरु,0,0,0,0
3257,"स्थानीय तहमा पर्यटकीय क्षेत्रमा आगन्तुक बढेपछि होटल व्यवसाय चलायमान ,",0,0,0,0
3258,शिक्षा नीति सम्बन्धी कार्यान्वयन प्रक्रिया अघि बढ्यो,0,0,0,0
3259,"सम्बन्धित निकायका अनुसार, अस्पतालले मुटु उपचारका लागि नयाँ उपकरण जडान गर्‍यो",0,0,0,0
3260,घटनाक्रममा लामो समय विद्युत् अवरुद्ध हुँदा उद्योगमा करोडौँको क्षति भएको दाबी ,0,0,0,0
3261,"नयाँ निर्णयसँगै, कृषकहरू नयाँ प्रविधि सिक्नै नचाहने दाबी",0,0,0,0
3262,घटनाक्रममा अल्पसंख्यक समुदायलाई लक्षित टिप्पणीप्रति विरोध ,0,0,1,0
3263,"यसैबीच, सरकारले महिला व्यवसायीका लागि सहुलियत कर्जा विस्तार गर्‍यो ",0,0,0,0
3264,"घटनापछि, अनलाइन ठगी बढेपछि ग्राहकमा ठूलो त्रास",0,1,0,0
3265,"स्थानीय तहको विवरण: घटनापछि, खानेपानी आयोजना पूरा भएपछि तीन बस्तीमा सेवा पुग्यो",0,0,0,0
3266,निर्णयपछि नगरपालिकाले नयाँ पार्क निर्माणको ठेक्का सम्झौता गर्‍यो ,0,0,0,0
3267,स्थानीय तहको विवरण: अनलाइन कक्षाले दुर्गम विद्यार्थीलाई पढाइमा जोड्ने प्रयास ,0,0,0,0
3268,"पछिल्लो विवरणअनुसार, युवा कलाकारलाई अवसर नदिएको भन्दै आयोजकमाथि प्रश्न",0,0,1,0
3269,नयाँ पदमार्ग खुलेपछि स्थानीय व्यवसायी उत्साहित ,0,0,0,0
3270,नयाँ तथ्य सार्वजनिक: सरकारले ग्रामीण सडकका लागि थप बजेट विनियोजन गर्ने निर्णय गर्‍यो ,0,0,0,0
3271,"कृषि अनुदान वितरणमा पारदर्शिता माग, स्थानीय तहलाई आवश्यक निर्देशन दिइएको छ को तयारी",0,0,0,0
3272,कर्मचारीहरू को व्यवहारलाई बजेट सँग जोडेर गरिएको टिप्पणी विवादमा,0,0,0,0
3273,"पछिल्लो घटनाक्रम: घटनापछि, बाढीपछि सयौँ परिवार विस्थापित",0,0,0,0
3274,"कृषि अनुदान वितरणमा पारदर्शिता माग, प्रति सरोकारवालाले मिश्रित प्रतिक्रिया दिएका छन् बताइएको छ",0,0,0,0
3275,"किसानले उत्पादनको उचित मूल्य मागे, प्रभावबारे विज्ञले अध्ययन आवश्यक बताएका छन् का लागि पहल",0,0,0,0
3276,"सिँचाइ आयोजना सम्पन्न गर्न स्थानीयले दबाब दिए, सम्बन्धमा थप छलफल सुरु हुने अपेक्षा",0,0,0,0
3277,"स्थानीय तहमा सम्बन्धित निकायका अनुसार, भवन निर्माणमा मापदण्ड पालना नगरेको दाबी,",0,0,0,0
3278,संसद् बैठक सम्बन्धी प्रस्ताव सार्वजनिक गरियो,0,0,0,0
3279,परीक्षा प्रश्नपत्र चुहावटको खबरले शैक्षिक क्षेत्रमा हलचल ,0,0,0,0
3280,"अनुगमनपछि, विद्यालय बन्द हुने हल्लाले अभिभावकमा त्रास",0,1,0,0
3281,"अनुगमनको क्रममा छलफलपछि, सरकारले खेल पूर्वाधारका लागि बजेट बढायो",0,0,0,0
3282,पर्यटक बढेपछि होटल व्यवसायी उत्साहित,0,0,0,0
3283,"घटनाक्रममा नयाँ निर्णयसँगै, सरकारले निःशुल्क औषधिको सूची विस्तार गर्ने तयारी गरेको छ",0,0,0,0
3284,"घटनापछि, हवाई भाडा बढेपछि यात्रु विकल्प खोज्दै",0,0,0,0
3285,"सम्बन्धित निकायका अनुसार, ट्याक्सी चालकले नयाँ नियमप्रति असन्तुष्टि बताए",0,0,1,0
3286,पर्यटकको आगमन बढेपछि होटलमा चहलपहल ,0,0,0,0
3287,उद्योगीले कर नीतिले व्यवसाय धरापमा परेको बताए,0,0,0,0
3288,अनुगमनको क्रममा सडक बत्ती नहुँदा राति दुर्घटनाको जोखिम बढेको स्थानीयको भनाइ ,0,0,0,0
3289,पछिल्लो घटनाक्रम: बैंकिङ प्रणाली अवरुद्ध हुँदा ग्राहकमा ठूलो अन्योल ,0,0,0,0
3290,"सम्बन्धित निकायका अनुसार, परीक्षा नतिजा कमजोर आएपछि विद्यालयले अतिरिक्त कक्षा थालेको छ",0,0,0,0
3291,"सांसदहरूको विदेश भ्रमणमा राज्यको करोडौं खर्च, प्रतिफल शून्य",0,0,0,0
3292,"आज सार्वजनिक जानकारीअनुसार, सरकारले खेल पूर्वाधारका लागि बजेट बढायो",0,0,0,0
3293,"पछिल्लो घटनामा आज सार्वजनिक विवरणमा, पानीको अभावले गाउँका परिवारको दैनिकी प्रभावित",0,0,0,0
3294,"स्थानीय विवरणअनुसार, सरकारले सामाजिक सुरक्षा भत्ता समायोजन गर्ने तयारी",0,0,0,0
3295,"पछिल्लो विवरणअनुसार, पर्यटकको आगमन बढेपछि होटलमा चहलपहल",0,0,0,0
3296,"घटनाक्रममा बैठकपछि, नगरपालिकाले नयाँ पार्क निर्माणको ठेक्का सम्झौता गर्‍यो",0,0,0,0
3297,"यसैबीच, कलाकारलाई आलोचना सहन नसक्ने भन्दै सामाजिक सञ्जालमा टिप्पणी ",0,0,1,0
3298,"बैठकपछि, विपक्षी दलले यातायात नीति असफल भएको आरोप लगायो",1,0,1,0
3299,निर्णयसँगै शिक्षा नीति भन्दै आलोचकको प्रतिक्रिया,0,0,1,0
3300,"कृषि अनुदान वितरणमा पारदर्शिता माग, स्थानीय तहलाई आवश्यक निर्देशन दिइएको छ का लागि पहल",0,0,0,0
3301,जंगली जनावर बस्तीमा पसेपछि स्थानीयमा त्रास ,0,1,0,0
3302,निर्णयपछि प्रश्नपत्र चुहावटको खबरले शिक्षाक्षेत्रमा सनसनी ,0,1,0,0
3303,"स्थानीय तहमा परम्परागत कलाकारहरू आधुनिक प्रविधि प्रयोग गर्न नसक्ने टिप्पणी ,",0,0,0,0
3304,"यसैबीच, परम्परागत कलाकार आधुनिक प्रविधि प्रयोग गर्न नसक्ने टिप्पणी विवादमा ",0,0,0,0
3305,"अनुगमनको क्रममा अनुगमनपछि, अनलाइन ठगी बढेपछि बैंक ग्राहक त्रसित",0,1,0,0
3306,"बैठकपछि, फोहोर फाल्ने बानीले शहरलाई संकटतर्फ धकेलेको चेतावनी",0,0,0,0
3307,"निर्णयपछि सम्बन्धित निकायका अनुसार, अचानक आएको भूकम्पले पुराना घरमा ठूलो क्षति",0,1,0,0
3308,बाढी पहिरोबाट प्रभावित परिवार अझै पनि अस्थायी टहरामै बस्न बाध्य,0,0,0,0
3309,"यसैबीच, छलफलपछि, प्रतियोगितामा दर्शकको अपेक्षाभन्दा ठूलो भीड",0,0,0,0
3310,"स्थानीय विवरणअनुसार, राहत नपुगेपछि पीडितको आक्रोश चुलियो",0,1,1,0
3311,"यसैबीच, घटनापछि, युवा कलाकारलाई अवसर नदिएको भन्दै आयोजकमाथि प्रश्न",0,0,1,0
3312,विद्यार्थीहरू अनुशासनहीन बन्दै गएको टिप्पणी विवादमा,0,0,0,1
3313,युवाका लागि रोजगारी मेला आयोजना गरिने,0,0,0,0
3314,पछिल्लो घटनामा स्थानीय समुदायले वन संरक्षण अभियानमा सहभागिता जनाए ,0,0,0,0
3315,प्रवासी श्रमिकहरू सम्बन्धी पुरानो धारणा वातावरण संरक्षण योजना को बहसमा फेरि दोहोरियो,0,0,0,0
3316,"पछिल्लो घटनामा आज सार्वजनिक विवरणमा, खानेपानी आयोजना वर्षौँदेखि अलपत्र परेको स्थानीयको गुनासो",0,0,0,0
3317,पछिल्लो घटनाक्रम: महिला उद्यमीले स्थानीय उत्पादनको नयाँ बजार खोजिन् ,0,0,0,0
3318,लामो समय विद्युत् अवरुद्ध हुँदा उद्योगमा करोडौँको क्षति भएको दाबी ,0,0,0,0
3319,सरकारको नीतिविरुद्ध विद्यार्थी संगठनले प्रदर्शन गरे,0,0,1,0
3320,"यसैबीच, धारामा पानी नआएपछि स्थानीय महिलाले विरोध बताए ",0,0,1,0
3321,अनुगमनको क्रममा प्रहरीले साइबर अपराधविरुद्ध विशेष अभियान सुरु गर्‍यो ,0,0,1,0
3322,"घटनाक्रममा सम्बन्धित निकायका अनुसार, साहित्य महोत्सवमा लेखकहरूले अभिव्यक्ति स्वतन्त्रताबारे बहस गरे",0,0,0,0
3323,अनुगमनको क्रममा सुरक्षाकर्मीले प्रदर्शनकारीमाथि बल प्रयोग गरेको दाबी ,0,0,0,0
3324,"अनुगमनपछि, ट्याक्सी चालकले नयाँ नियमप्रति असन्तुष्टि बताए",0,0,1,0
3325,अनुगमनको क्रममा महिलाले नेतृत्व गर्न नसक्ने पुरानो धारणा फेरि विवादमा ,0,0,0,0
3326,अनुगमनको क्रममा प्रहरीले साइबर अपराधविरुद्ध विशेष अभियान सुरु गरेको छ ,0,0,1,0
3327,नयाँ नीतिले प्रविधि क्षेत्रमा सकारात्मक प्रभाव पार्ने अपेक्षा,0,0,0,0
3328,"स्थानीय विवरणअनुसार, भन्सार दर बढेपछि आयातकर्ता चिन्तामा",0,0,0,0
3329,"घटनाक्रममा घटनापछि, खेलाडी छनोटमा पारदर्शिता नभएको भन्दै प्रश्न उठ्यो",0,0,1,0
3330,"सम्बन्धित निकायका अनुसार, कृषि उपज बिक्री नभएपछि किसानले घाटा व्यहोर्नुपरेको गुनासो",0,0,0,0
3331,विपक्षी दृष्टिकोणमा खाद्य सुरक्षा कार्यक्रम को प्रभाव अपेक्षाभन्दा कमजोर हुन सक्छ,0,0,0,0
3332,कृषि बजारमा बिचौलियाको प्रभावबारे किसानको गुनासो; सम्बन्धमा थप छलफल सुरु,0,0,0,0
3333,"घटनाक्रममा छलफलपछि, युवा कलाकारलाई अवसर नदिएको भन्दै आयोजकमाथि सवाल",0,0,1,0
3334,"स्थानीय तहको विवरण: बैठकपछि, विपद् व्यवस्थापनमा सरकारको तयारी कमजोर भएको आरोप",1,0,1,0
3335,घोषणापछि पूर्वाधार आयोजना बारे मिश्रित प्रतिक्रिया,0,0,0,0
3336,"सम्बन्धित निकायका अनुसार, अनलाइन ठगी बढेपछि ग्राहकमा ठूलो त्रास",0,0,0,0
3337,"आज सार्वजनिक जानकारीअनुसार, प्राध्यापकको भनाइलाई लिएर क्याम्पसमा विवाद",0,0,0,0
3338,"पछिल्लो विवरणअनुसार, विद्युत् निर्यात बढेपछि ऊर्जा क्षेत्रमा उत्साह",0,0,0,0
3339,"निर्णयपछि आज सार्वजनिक जानकारीअनुसार, विपक्षी दलले स्वास्थ्य बजेट अपर्याप्त भएको बताउँदै सरकारको आलोचना गर्‍यो",1,0,1,0
3340,निर्णयपछि सांस्कृतिक महोत्सवले शहरमा पर्यटक आकर्षित गर्‍यो ,0,0,0,0
3341,स्थानीय तहको विवरण: विपद् व्यवस्थापनमा सरकारको तयारी कमजोर भएको दाबी ,0,0,1,0
3342,"स्थानीय विवरणअनुसार, बस भाडा बढेपछि यात्रुमा निराशा",0,0,0,0
3343,महँगीले परिवारको बजेटमा ठूलो दबाब,0,0,0,0
3344,अनुगमनको क्रममा औषधि अभाव भएपछि बिरामीका आफन्तले अस्पताल प्रशासनसँग विरोध जनाए,0,0,1,0
3345,"स्थानीय तहमा खेलाडी छनोटमा पारदर्शिता नभएको भन्दै प्रश्न उठाइएको छ ,",0,0,1,0
3346,"नयाँ निर्णयसँगै, नदी सफाइ अभियानमा सयौँ स्वयंसेवक सहभागी",0,0,0,0
3347,छलफलबीच संसद् बैठक भन्दै आलोचकको प्रतिक्रिया,0,0,1,0
3348,"पछिल्लो घटनामा स्थानीय स्रोतका अनुसार, कर बढेपछि उद्योगीले सरकारको नीतिमाथि प्रश्न उठाए",0,0,0,0
3349,"स्थानीय विवरणअनुसार, खेलाडी छनोटमा नातावाद भएको दाबी",0,0,0,0
3350,"अनुगमनको क्रममा बैठकपछि, खेलाडी छनोटमा पक्षपात भएको भन्दै प्रश्न",0,0,1,0
3351,सिमानामा हुने अवैध तस्करी रोक्न सशस्त्र प्रहरी बलको उपस्थिति बढाइयो,0,0,0,0
3352,"बैठकपछि, विपद्मा स्थानीय युवाले उद्धारमा सक्रियता देखाए",0,0,0,0
